,tank,meanTemp,sdTemp
1,1,13.3444902556315,0.984683071724332
2,2,5.79980830590023,0.493696899569227
3,3,31.3935775710334,1.03797812312415
4,4,14.2550187057634,0.621213583408573
5,5,5.55248063781321,0.367112058313518
6,6,30.2185285026602,3.07552192718041
