,term,df,SumOfSqs,R2,statistic,p.value
1,treatment,2,21062.4876764462,0.128898237965082,4.99481755070522,0.001
2,day,1,4107.83669088943,0.0251391440288452,1.9482878864333,0.054
3,treatment:day,2,5402.32492309127,0.0330611547030138,1.28112252241903,0.178
4,Residual,63,132831.350709573,0.812901463303059,NA,NA
5,Total,68,163404,1,NA,NA
