,term,df,SumOfSqs,R2,statistic,p.value
1,treatment,2,21097.4261851869,0.128951067094438,4.99793066642027,0.001
2,day,1,4129.45923716278,0.0252399591533591,1.95651837110248,0.044
3,treatment:day,2,5412.29824363347,0.0330808899542411,1.28216073042413,0.182
4,Residual,63,132968.816334017,0.812728083797961,NA,NA
5,Total,68,163608,1,NA,NA
