term,df,sumsq,meansq,statistic,p.value,var
Groups,2,1166.01130986887,583.005654934433,3.49650653403343,0.0360302489839184,temperature
Residuals,66,11004.8051822988,166.739472459072,NA,NA,temperature
