,term,df,SumOfSqs,R2,statistic,p.value
1,temperature,2,21062.4876764462,0.128898237965082,4.99481755070522,0.001
2,day,1,4107.8366908894,0.0251391440288451,1.94828788643328,0.067
3,temperature:day,2,5402.32492309125,0.0330611547030137,1.28112252241903,0.183
4,Residual,63,132831.350709573,0.812901463303059,NA,NA
5,Total,68,163404,1,NA,NA
