term,df,sumsq,meansq,statistic,p.value,var
Groups,2,315.933081091623,157.966540545811,4.54173935401946,0.0141900897207543,temperature
Residuals,66,2295.55041876119,34.7810669509271,NA,NA,temperature
