,term,df,SumOfSqs,R2,statistic,p.value
1,treatment,2,4582.06718067403,0.16236949612594,6.67736605462828,0.001
2,day,1,940.057798433505,0.0333117575632,2.73985944995469,0.014
3,treatment:day,2,1082.29860791615,0.0383521831295588,1.57721475930164,0.067
4,Residual,63,21615.5764129763,0.765966563181301,NA,NA
5,Total,68,28220,1,NA,NA
