term,df,sumsq,meansq,statistic,p.value,var
Groups,2,377.71300593375,188.856502966875,4.27898963343883,0.0178913709192714,temperature
Residuals,66,2912.96083038102,44.1357701572881,NA,NA,temperature
Groups,1,56.1478558780985,56.1478558780985,1.07181238584593,0.304258724909417,day
Residuals,67,3509.85526339436,52.3858994536472,NA,NA,day
Groups,5,482.593651479767,96.5187302959535,2.94371950725158,0.0188564061946393,interaction
Residuals,63,2065.64517905523,32.7880187151624,NA,NA,interaction
