,term,df,SumOfSqs,R2,statistic,p.value
1,as.factor(treatment),2,3267.25610180896,0.0804822175044084,2.96759060356052,0.001
2,as.numeric(day),1,850.520252755338,0.0209508388204586,1.54502483525379,0.047
3,as.factor(treatment):as.numeric(day),2,1797.37276138838,0.0442746270910528,1.63252170983432,0.011
4,Residual,63,34680.8508840473,0.85429231658408,NA,NA
5,Total,68,40596,1,NA,NA
