,term,df,SumOfSqs,R2,statistic,p.value
1,treatment,2,854.466619808004,0.0826689841145515,3.07687678081703,0.001
2,day,1,273.838647447557,0.0264936771911336,1.97214907285916,0.004
3,treatment:day,2,459.961092008605,0.0445008796447954,1.65628893074667,0.008
4,Residual,63,8747.73364073583,0.846336459049519,NA,NA
5,Total,68,10336,1,NA,NA
