term,df,sumsq,meansq,statistic,p.value,var
Groups,2,119.303277667597,59.6516388337986,5.58019334007933,0.00576679913870456,temperature
Residuals,66,705.53257263569,10.6898874641771,NA,NA,temperature
Groups,1,67.009406240349,67.009406240349,6.04333443178127,0.0165504340074839,day
Residuals,67,742.906133821237,11.0881512510632,NA,NA,day
Groups,5,178.039146542377,35.6078293084754,4.90157163593096,0.000750200711552244,interaction
Residuals,63,457.668154840275,7.26457388635356,NA,NA,interaction
