term,estimate,std.error,statistic,p.value
(Intercept),4816.88182944224,2315.58304897701,2.08020257859906,0.0827116086848227
treatment30C,5039.18496909156,3274.72895266453,1.5388097891251,0.174772829962879
treatment5C,-3716.0750944532,3274.72895266453,-1.13477333488305,0.299761000162919
