term,estimate,std.error,statistic,p.value
(Intercept),5196.27360812767,963.412389016826,5.39361302321483,0.00167395753229112
treatment30C,3077.21337654148,1362.47086670586,2.25855352340962,0.0646765369285055
treatment5C,-4077.56102314673,1362.47086670586,-2.99276933018416,0.024233368826805
