term,estimate,std.error,statistic,p.value
(Intercept),9920.21404070687,3279.57410157858,3.02484826792964,0.00852985413021421
treatment30C,4905.81802352408,4638.01817325998,1.05774014681703,0.306911595837475
treatment5C,-7953.33978285423,4638.01817325998,-1.71481427750939,0.106958556484701
