term,estimate,std.error,statistic,p.value
(Intercept),4754.45918268246,1317.12866535961,3.60971506256328,0.0112347832395381
treatment30C,-992.693593677139,1862.70122194194,-0.532932271683495,0.613231989858936
treatment5C,-4067.31980933316,1862.70122194194,-2.18355996196364,0.0717085189702826
