term,estimate,std.error,statistic,p.value
(Intercept),5132.98101267653,1542.3461185564,3.32803444759913,0.00458744303283658
treatment30C,7599.06420492682,2181.20679873597,3.48388067070511,0.00333193962734834
treatment5C,-3431.67857278198,2181.20679873597,-1.57329354317558,0.136502688153753
