term,estimate,std.error,statistic,p.value
(Intercept),4787.19557749442,2895.05781640481,1.65357512045799,0.149298764392644
treatment30C,4325.06177932865,4094.23002781393,1.05637977103059,0.331461414732783
treatment5C,-2692.65658604562,4094.23002781393,-0.65767105603574,0.535151076785605
