term,estimate,std.error,statistic,p.value
(Intercept),8.45993686619216,0.295572668973098,28.6221892422745,1.66409019743543e-14
treatment30C,-0.0260674866205559,0.418002877128568,-0.0623619789404898,0.951097970268689
treatment5C,-1.87579574382259,0.418002877128568,-4.48751873840725,0.000433963021981562
