term,estimate,std.error,statistic,p.value
(Intercept),6627.96708362907,1023.35880063765,6.47667961569221,1.04455359596484e-05
treatment30C,2829.27191680983,1447.24789503562,1.9549324801334,0.0694885169901589
treatment5C,-4702.15549247159,1447.24789503562,-3.24903253174595,0.00539398920071264
