term,estimate,std.error,statistic,p.value
(Intercept),3982.64153036924,2031.73464149203,1.96021736748286,0.0541941725466625
treatment30C,1494.89926677523,2873.30668514127,0.52027139132269,0.60461533502799
treatment5C,-2919.19574192325,2873.30668514127,-1.01597081753204,0.313353294643055
as.numeric(day),237.059433728777,144.663337210122,1.63869739424337,0.106035174061248
treatment30C:as.numeric(day),169.46255737684,204.584853460706,0.828324064613063,0.410472395697019
treatment5C:as.numeric(day),-189.337405255015,204.584853460706,-0.925471275376604,0.358092477102137
