term,df,sumsq,meansq,statistic,p.value
treatment,2,43.7248301321595,21.8624150660797,60.2731566477703,8.73151298878715e-16
as.numeric(day),1,5.090543412046,5.090543412046,14.0342738699793,0.000372206037290916
Residuals,68,24.6651130814536,0.362722251197847,NA,NA
