term,estimate,std.error,statistic,p.value
(Intercept),4806.35183385732,1986.27066378816,2.41978695123594,0.0217983608432915
treatment30C,434.590463292797,2809.01091127302,0.154712985111134,0.878083791798324
treatment5C,-4409.55364412613,2809.01091127302,-1.569788720446,0.12695295286761
as.numeric(day),6.7225073942349,141.426216277508,0.0475336721237306,0.9624029291758
treatment30C:as.numeric(day),198.17152404313,200.006873134763,0.990823569896039,0.32969651831653
treatment5C:as.numeric(day),62.9510625209349,200.006873134763,0.314744496197983,0.755134372148159
