term,estimate,std.error,statistic,p.value
(Intercept),8.31146995662093,0.253845368300447,32.7422556979003,1.56553419992624e-42
treatment30C,0.214168631765812,0.358991562596086,0.596584026145429,0.55282604380415
treatment5C,-1.64532503164224,0.358991562596086,-4.58318579897503,2.09325139821439e-05
as.numeric(day),0.0267769436451533,0.0180742688359676,1.4814952620306,0.14323341099528
treatment30C:as.numeric(day),0.0163168926733842,0.0255608761178027,0.638354201874158,0.525452045910494
treatment5C:as.numeric(day),0.0194767062529117,0.0255608761178027,0.761973344072763,0.44879035388946
