day,slope_nmol_hr_corrected_mean_13C,slope_nmol_hr_corrected_mean_30C,slope_nmol_hr_corrected_mean_05C,Q10_13_30,Q10_13_5,Q10_30_5
04,5865.31623717455,4814.42447047992,998.174260093587,0.890349575431238,9.14863566750421,1.87644225668073
08,5132.98101267653,12732.0452176033,1701.30243989454,1.70637938932863,3.97635514535194,2.23690046090073
15,6627.96708362907,9457.2390004389,1925.81159115748,1.232577201117,4.68768243852903,1.88999313755972
22,9920.21404070687,14826.032064231,1966.87425785264,1.26662877041294,7.5584119438887,2.24336187764362
