term,contrast,null.value,estimate,std.error,df,statistic,adj.p.value
treatment,13C - 30C,0,-0.414050567014768,0.173858719270813,68,-2.3815346664887,0.0517512854662547
treatment,13C - 5C,0,1.40673538004407,0.173858719270813,68,8.09125585385715,1.11145537218249e-11
treatment,30C - 5C,0,1.82078594705884,0.173858719270813,68,10.4727905203458,0
