term,contrast,null.value,estimate,std.error,df,statistic,adj.p.value
day_factor,day_factor04 - day_factor08,0,-0.520553565315395,0.198440101575916,66,-2.62322767012014,0.0515494951117148
day_factor,day_factor04 - day_factor15,0,-0.603983259955691,0.198440101575917,66,-3.04365526503536,0.0172404863770989
day_factor,day_factor04 - day_factor22,0,-0.80590366494165,0.198440101575917,66,-4.06119357197233,0.00074645485484548
day_factor,day_factor08 - day_factor15,0,-0.083429694640296,0.198440101575917,66,-0.420427594915227,0.974798354831479
day_factor,day_factor08 - day_factor22,0,-0.285350099626255,0.198440101575917,66,-1.4379659018522,0.480600382501337
day_factor,day_factor15 - day_factor22,0,-0.201920404985959,0.198440101575917,66,-1.01753830693697,0.739797268854657
