lipid	104	105	106	107	108	109	110	111	112	113	114	404	405	406	407	408	409	410	411	412	413	101	102	103	401	402	403	304	305	306	307	308	604	605	606	607	608	301	302	303	601	602	603	204	205	206	207	208	209	210	211	212	213	504	505	506	507	508	509	510	511	512	513	201	202	203	501	502	503
1	(Z)-9,12,13-trihydroxyoctadec-15-enoic acid 	850	834	609	481	688	517	797	719	1321	431	638	740	690	3754	882	848	770	692	574	500	600	663	600	1003	763	666	751	727	827	1187	1690	646	1129	649	4061	1162	983	697	765	538	726	382	380	571	771	422	689	695	336	384	717	450	553	642	594	557	645	1446	1181	606	364	815	612	811	518	2341	445	911	504
2	13-HODE 	4385	1490	1462	2861	1592	1765	4784	2105	9942	1360	2433	2794	2340	24454	1522	2740	2973	2701	1160	1653	2326	1601	1950	3458	1427	1546	2990	2129	1404	3136	13429	2059	4160	1934	19225	2540	4469	3183	1708	1147	1902	1488	1256	1479	2472	2599	1885	1931	1699	2086	3074	2447	1555	1506	998	1588	2909	5676	5209	1472	1253	2227	2228	1564	1123	7977	1987	1740	1527
3	15-OxoETE 	1081	1699	2587	1394	2314	1325	4724	2608	6411	4818	1665	2884	2637	1830	823	5677	2353	1238	1957	2791	6677	30675	4378	47040	2930	8465	30941	1352	1007	809	654	1113	1115	2344	516	941	1275	880	950	18578	3399	3062	1569	2016	2120	1916	1716	2565	1263	1186	2649	2858	2436	1975	1847	7439	2032	1371	4178	2723	4365	1336	2039	1168	3322	834	2066	1934	4997
4	4-HDoHE 	461	835	1052	782	996	1020	2048	1400	1817	1096	1254	1057	696	509	396	1458	741	1105	714	1007	944	10815	1575	17427	1186	2319	7883	316	257	416	498	467	367	413	716	208	431	385	366	5660	682	1128	715	1170	1245	1064	740	1168	608	1025	1223	1635	1284	1147	838	6191	1351	615	1266	1065	1401	1008	1001	598	1075	551	901	374	1197
5	4-METHYL-2-OXO-PENTANOIC ACID 	4390	2325	3680	7379	4240	1127	5002	5719	5678	9955	4774	2934	10160	3358	4335	2183	4804	3335	4241	2138	4311	4454	9107	1020	4210	4227	2690	892	2228	1102	2528	736	1231	1129	3743	1503	1584	4130	627	1677	1337	1742	1829	3888	4393	1039	1481	1827	3973	3924	2835	3188	8202	2590	2785	2725	1523	1505	3692	6044	3077	1114	1450	8454	6783	1112	3275	2921	1891
6	5-HETE 	612	1472	1659	1247	1529	1226	4527	2150	2867	1474	1185	1359	1701	1178	767	2857	1402	738	1106	1552	4005	9538	2809	53133	1815	4742	40525	863	1093	533	992	871	561	804	1259	752	824	740	619	12037	1315	1960	1026	1372	1213	1418	902	1432	889	813	1952	2549	1389	1221	1319	5354	1633	894	1983	1654	2870	965	1386	926	1524	904	1529	1455	3137
7	8,15-DiHETE 	498	734	1607	631	1233	628	1020	1275	1141	701	894	1616	909	1346	499	991	1081	642	760	646	886	1516	705	11129	1372	2635	2813	750	815	636	1107	1050	1122	5177	2069	445	834	632	637	2951	1171	883	519	580	824	726	763	1669	890	489	635	861	727	632	432	1133	783	869	991	701	837	512	570	412	2133	1034	552	660	999
8	CAR 12:0 	155956	62282	61222	136471	124914	101675	190266	91271	149334	122648	79663	122359	108256	125701	148352	53432	121861	191923	117592	93747	101013	140138	166030	20211	68374	87088	37931	56351	224357	61770	110838	21606	27127	86458	91145	121734	104568	93955	98026	51623	83587	111892	139588	113721	136852	72528	78437	58298	18637	61038	123630	307769	130953	136106	199868	117514	66928	76919	72801	92936	282943	33375	90478	100460	182321	64873	185857	63483	47670
9	CAR 15:0	93876	21114	31491	92034	70633	24298	417594	40247	342456	98679	92067	55165	215895	123761	141207	19892	50765	148067	74780	88484	44589	102849	107217	6577	81220	27599	15158	12838	108966	99840	83129	1945	33219	41878	79326	48435	83636	70701	16839	11139	40724	78485	134693	60534	107934	14304	72592	263565	21472	97253	55564	55842	29494	178484	95470	60982	24444	12139	15630	108896	391329	19401	60366	104941	278344	23351	187381	35072	116055
10	CAR 16:0 	1979460	222640	1069887	2766364	1921259	688872	1616444	559593	3435467	2319890	1743657	1149346	1726882	2499700	2223275	413951	1978586	1748060	2384112	804961	1010553	2015065	2215406	80629	2001083	459857	435748	178266	2941077	408411	1953372	91496	94516	372039	1143314	975786	297232	1856650	135280	77975	363863	378766	680948	913973	731950	343203	505298	2078084	325339	675949	1207070	979150	869998	1787614	2190957	1559676	411943	90603	274410	842291	1737353	388534	488164	1837693	2542762	151185	1441210	137167	575202
11	CAR 16:1	646721	47222	197683	532714	430054	168566	400776	158906	612504	557690	270426	245192	387746	670387	376500	95974	307271	378808	516462	203214	456320	421755	648003	34968	339411	133037	95504	51647	308496	72687	211589	26955	33028	74840	137418	152399	110484	535048	60866	15795	121402	105672	242671	269388	250431	109572	112087	639584	95951	205895	653543	315334	382094	329762	664891	574519	146936	15671	127711	201016	736409	111349	142169	432762	461725	48535	577231	53704	190514
12	CAR 17:0	104400	52671	63321	151087	135495	13161	348426	13217	467793	101617	102920	97473	210818	157141	138879	30564	103650	210768	109414	96308	31840	121494	212055	17377	106913	36108	13308	30675	222087	71754	85621	15909	11041	18823	36057	35478	46869	115333	30386	14714	116097	102658	142665	96515	121569	46580	52607	291867	26291	34316	48981	205350	42987	263897	188633	98810	38966	12801	32630	86181	298730	24678	71407	131633	311890	33313	218395	34734	98585
13	CAR 18:0 Isomer A 	570702	157104	292495	871777	655971	246088	706394	255833	1012045	536592	447235	523863	482075	869808	588431	158190	552926	523836	706169	256276	301912	469341	1132143	75122	401396	232407	177630	176600	1047545	276100	658976	63081	111459	214794	367383	306896	287767	641400	110632	58024	245370	391526	502336	277112	377263	185218	240919	851252	111753	144273	334593	703679	233961	565139	707828	671947	151446	81223	117839	182755	627468	169254	233579	506530	783031	178600	715995	149055	266054
14	CAR 18:1 	2658368	257906	1431662	3965050	2783908	814772	1646442	709330	4109627	3436537	1943402	1344291	1880622	2178743	1944874	586079	2514424	2096473	3124728	980009	1605220	2442060	2461228	133669	2356920	458525	388209	245496	2549503	400387	2210946	91634	74718	441565	708825	1208395	279212	1838087	91911	52288	307910	356708	534296	987945	854914	403170	517463	2900846	397905	687558	2016132	1248841	1129471	2798563	3225218	2751054	612457	88286	340425	1070253	3373834	441904	488021	1835232	2344105	129029	1696487	114152	684851
15	CAR 18:2 Isomer A 	1319472	121612	665378	819201	660437	398021	413904	254523	1831436	1590814	817802	392438	762457	702340	821074	271079	955990	760656	1117926	416813	790776	487986	293327	37908	771554	23529	211220	54195	797927	102546	775154	27025	51589	125364	258109	447387	92919	274158	41487	19369	61941	107339	150428	242261	134569	100678	129701	444609	215924	377182	1040438	275726	596515	932611	453423	1295540	311370	38846	143340	543811	1120224	149259	129193	208304	599713	53158	462928	50584	97087
16	CAR 20:1 	148511	61374	85195	200611	151780	94226	163010	70195	191823	168782	125910	111812	121359	172946	171954	29620	142940	143291	198010	85212	104676	151959	187801	23205	107825	44395	23627	34301	174172	29019	105083	5905	33790	13959	26542	56826	55515	184760	34149	19120	67759	93617	108258	85652	113959	36493	55609	211354	31606	35776	107082	303860	90989	161635	221185	170798	32021	18209	20908	71335	181215	33375	62015	94529	134808	31082	186771	26725	125955
17	Cer 18:0;2O_20:0 	697	620	192	368	453	460	292	395	414	404	664	225	356	562	230	355	309	174	340	239	444	311	314	839	234	288	463	391	1504	470	387	448	230	346	660	674	383	814	258	1806	308	588	413	444	411	416	263	360	593	191	398	266	155	205	400	458	395	140	276	322	501	270	409	270	367	471	425	291	441
18	Cer 22:0;2O/26:0 	268	245	204	334	231	132	439	340	493	299	434	296	270	353	279	219	377	216	312	360	395	334	566	299	318	327	433	203	2598	330	524	307	194	406	208	398	234	135	193	314	286	392	449	294	468	497	403	254	238	215	364	235	241	162	345	357	381	360	208	194	348	291	160	352	317	199	298	255	460
19	Cer 32:1;2O|Cer 14:1;O2/18:0	115428	203646	119192	81647	28102	99144	193956	120742	174215	123783	109710	105353	122937	146414	87984	130748	98412	25184	87357	94388	109607	94197	113188	60686	118706	194375	336116	132303	315548	26686	192068	230997	127450	143106	103264	248774	15380	28883	130670	99589	101296	166908	96089	216138	158794	145974	123935	187884	156823	81044	132871	50147	111561	132021	197439	143916	83615	46571	177479	135322	167749	135061	186619	158326	94216	429326	75059	485186	97586
20	Cer 34:1;O2|Cer 14:1;O2/20:0	30100	32411	28172	33258	23686	23342	49164	29562	40579	28727	30813	23443	26720	20892	20280	21710	23625	17278	24635	34857	21126	20323	28028	14991	22082	23872	63289	17476	39987	11266	25608	40994	17434	20751	12077	36234	12605	13224	15901	20244	19566	26609	20081	37578	30061	24092	20630	41224	25504	20955	30910	13021	20308	22102	33172	21523	16158	4928	34271	20018	28421	18513	21264	34549	18976	22664	21568	28743	16680
21	Cer 58:11;2O 	88726	210229	390355	34586	141885	70869	124366	78054	198887	82856	21921	31760	96388	165357	82525	437835	39227	79809	76143	468026	386301	26139	34559	638509	39803	31890	817552	26853	17098	47961	44086	19174	32553	21164	28846	52137	40407	38132	48166	41066	33452	47065	37065	48917	46991	37135	62402	38593	27070	34754	144769	67232	55080	47484	45913	68440	68462	42598	18509	195300	21486	141008	30972	97747	56928	34748	528690	226195	462225
22	Cer d32:1 	155592	232753	176223	154008	98391	133335	360245	170028	238248	137036	173325	155268	153375	195762	107086	178248	141624	75719	138044	173615	147796	164275	184297	89056	134668	227119	429460	137277	588798	88943	287842	311571	106525	141685	92128	372524	82556	96049	142710	114838	159632	220514	160352	327008	237529	170063	174158	318876	179919	111620	191074	130589	145740	166062	304238	190769	140977	32317	250833	149015	262996	147892	255476	230231	127774	498891	153777	562547	138580
23	Cer d33:1 	64431	92030	51141	66221	48022	44138	217187	62863	160695	57254	72057	57970	91779	62376	43978	53155	64204	41963	41653	88541	44297	61135	79705	50576	44256	44073	259375	49539	168570	60541	115770	127264	49657	63617	31105	128762	40430	29023	31848	47462	46043	88120	82705	125152	101900	52839	72013	155091	58339	63684	60631	35100	49230	91683	115012	52342	39598	12771	77291	80457	153191	48999	105858	81379	82173	124482	82879	177646	80331
24	Cer d34:0 	13851	17496	12944	12280	8930	10383	16632	13962	14514	9747	12733	11181	11426	42668	13591	15312	8784	7384	10249	13465	14882	8652	9033	8071	8046	19134	24093	31195	60514	14347	35652	46794	12714	15810	17090	32736	15571	28301	15772	140078	17088	37384	29060	13592	12920	11814	8238	14081	10814	7618	15118	6815	7479	9099	9488	14090	9587	4865	13196	9532	16802	8690	9391	10438	6441	13176	10026	10736	10686
25	Cer d34:1 Isomer B	244296	244667	222766	275513	191057	186310	414496	253663	323209	225195	257248	199951	209653	177865	155583	176690	204305	122839	203621	271362	169496	164745	231544	147550	175676	200939	498304	126168	358992	85738	236571	331109	133030	149610	87504	311284	90439	101184	117684	164083	141615	231109	158263	282849	245429	176524	167724	306462	199773	155954	254238	103427	156611	168318	273937	191221	111417	40930	274385	156970	243067	137002	170872	266336	148044	172485	181737	221870	132862
26	Cer d34:2 	1006	1080	730	772	697	979	1693	884	1141	792	922	960	833	870	664	684	630	239	898	916	713	663	968	967	888	1237	1754	336	1257	231	847	1622	460	455	195	1122	270	839	568	1414	609	1403	783	1557	1164	1365	1110	1743	890	861	1374	513	837	623	1313	659	558	233	1510	848	1403	945	1433	1103	463	1385	754	1860	670
27	Cer d35:1 	16612	9945	8908	14964	8700	8253	26910	13913	25907	12625	17939	8064	11795	8804	7983	6100	11544	5911	7629	14751	8105	8122	14203	10587	7197	3593	24128	4034	13911	4348	10286	10755	4550	6304	2426	12549	4527	4167	2342	9886	4827	10965	10252	13918	11692	4916	6545	20073	7721	8643	13023	3364	7765	11539	15424	8903	3676	1744	9062	8409	18896	5706	8314	13751	11465	4891	11354	6660	7094
28	Cer d36:1 Isomer B	350831	133686	196968	353122	179565	183408	287011	307770	366351	257214	336589	181050	156964	230412	163319	107265	233521	98305	183181	181279	173308	129680	264668	224503	157431	67073	279757	52579	294931	37739	169520	142688	37305	89115	41287	252250	57062	88257	26431	197906	44471	152750	143936	221929	175129	80338	93320	259825	137375	108578	312086	58055	128995	165038	233503	224974	73562	21991	152409	82410	223138	109389	93451	272971	131846	62141	182950	75787	83063
29	Cer d36:2 	3600	4249	3439	4230	3443	2543	3370	5943	4867	3501	3048	3672	3363	3375	2727	4065	3097	2514	3497	4330	4752	2460	3004	4342	3230	2164	9504	1607	2849	1160	1993	3436	1165	2038	1418	2689	1783	1819	1156	5765	1396	3165	3123	4365	2556	2623	2781	5389	2285	2515	5375	2125	2808	2295	4385	2809	1903	766	2988	2476	3363	3289	3707	4207	3884	3175	3109	4482	3149
30	Cer d37:1 	7650	2791	4013	6358	4349	4260	8507	5676	10455	6095	8424	3209	3906	4422	3301	2213	4861	2485	3375	6264	4361	2686	5013	7363	2948	1508	4978	1989	9647	1485	4407	3654	1181	2224	1487	4528	1981	1875	664	5325	1425	3522	3452	4237	3546	2133	1987	5756	3197	3453	6643	1062	2853	3564	4234	3804	2569	1028	2512	3062	6974	2732	1940	4564	4552	2402	4134	1950	3044
31	Cer d38:1 	50087	17643	23513	35193	20167	27389	26686	34013	33438	40029	36711	16419	22438	38731	22145	15301	36669	12131	19409	22106	35928	17019	28371	85667	18598	9682	27783	5523	37859	5463	23627	10329	4563	11013	8552	25445	8286	16750	3492	28938	5010	18454	18376	22541	20826	10410	11722	24274	16484	16226	43633	11319	25172	16115	23801	21040	10629	3543	16516	11933	30361	21781	12418	23856	20975	14606	29074	12284	14018
32	Cer d38:2 	3795	2116	2505	3110	2160	2392	2521	4145	3838	3090	3104	2662	2162	3173	1378	2225	2035	1274	2435	2491	4774	1794	2700	13203	1490	869	4109	749	2672	405	2593	1415	336	520	738	2214	945	1458	433	4489	474	1637	1972	2104	1881	1206	1011	3377	1381	1433	4727	871	2139	1449	2911	2182	1019	555	1383	1016	2594	1960	1393	2230	2695	1660	2901	1409	1866
33	Cer d39:1 	18349	6410	8348	9038	5503	9259	10227	9125	13438	15677	12796	3876	8955	14572	7075	6065	13832	4347	4397	7265	14936	6377	9933	34342	7329	2614	10816	2241	10538	2570	6197	2916	2120	2914	3615	6008	3585	6128	1895	3894	2394	6733	6637	6914	6327	4121	3777	7052	5986	7107	14549	3977	9664	6829	7758	7378	3820	1921	4283	4285	14084	8019	5223	7376	10116	4662	13839	4950	6708
34	Cer d39:2 	1077	641	864	663	691	584	1222	686	1465	600	854	586	699	988	552	710	810	291	331	971	1300	643	651	17731	716	574	1355	319	1039	328	777	570	303	551	439	525	569	784	244	2216	287	789	933	696	752	397	442	1230	553	675	958	483	578	721	723	674	522	202	384	651	1462	716	544	443	1489	764	1073	423	922
35	Cer d40:1 	10085	4834	6960	4832	3705	6300	5976	6317	7090	8617	6839	2641	5871	12190	4054	4455	9953	2498	3156	3430	10494	4103	5109	22505	3678	2790	7913	1494	4392	2000	3730	2135	1164	1739	2980	3175	2163	3140	1459	1790	1791	4884	2618	3502	4158	1828	3164	3717	4397	4077	9712	4032	6249	3545	5074	4891	3363	1269	3626	2502	6102	7450	3587	3552	4831	3265	8151	2407	3653
36	Cer d40:2 	14170	8058	13909	6232	4142	8397	6968	9065	11928	11312	4982	3548	6267	15215	4603	12274	12553	2804	3923	4624	26815	4892	5003	348409	4265	3516	13354	1475	4967	1197	4423	1971	1047	1010	2230	2965	2155	3041	1216	3459	1523	3568	3887	4612	4064	3005	2801	7101	4515	4017	17634	3795	8130	4019	7663	6007	2879	1232	3723	3118	6678	9761	5257	3815	5135	4317	14071	3598	4469
37	Cer d41:1 	7284	4488	4573	4008	2798	5049	6446	5714	6463	5848	5755	2882	4221	8984	3427	4662	7768	2963	2988	3496	7904	3641	4662	16059	4085	2568	5970	1966	4415	2064	3395	2472	1536	2017	4436	2541	2448	2883	2459	1614	2073	3451	3122	4007	3467	3055	3308	4263	3729	4098	7207	3723	4664	3696	4545	5209	4026	2004	3472	2912	6684	5467	3332	4103	5509	3088	7458	2311	4316
38	Cer d41:2 	1634	1032	1327	900	733	1061	1742	1073	3022	975	964	692	1059	2050	806	1258	1406	733	693	878	2668	1340	1070	29754	764	704	1553	559	1158	601	718	652	509	724	551	690	675	646	952	1066	545	1035	1067	814	1179	854	484	1336	947	979	2147	616	864	1150	1202	847	870	772	627	739	2159	1728	1168	1052	1786	866	3070	638	1703
39	Cer d42:2 	7041	3563	6167	3010	2182	4176	3506	3614	5622	4833	3270	1824	3040	6180	2758	6552	6452	1324	1621	2597	12105	4194	1802	93344	3015	1940	6282	886	2235	758	2627	878	495	1139	1677	1344	1335	1608	1004	918	941	1787	1405	1919	1854	2229	1719	2120	2883	2837	9527	3097	4092	2320	3381	4167	2444	876	2064	1695	4461	4507	2578	1812	2951	1854	6654	1957	2282
40	Cer d42:3 	310	275	315	238	86	229	107	246	431	394	424	133	255	358	222	494	284	171	65	201	634	220	252	3346	130	129	413	139	669	221	182	143	116	216	132	127	188	151	256	75	69	225	185	162	105	209	174	174	353	104	403	66	233	70	311	217	122	84	251	124	168	268	110	305	253	231	315	245	141
41	Cer d46:1 	653	331	299	367	564	557	661	749	776	646	767	524	424	916	629	491	649	526	514	395	489	479	678	588	620	392	595	452	2874	259	576	555	291	502	691	493	107	508	409	460	444	835	650	739	467	576	384	572	634	735	578	407	538	315	461	697	529	336	442	699	417	594	604	608	386	284	592	475	665
42	Cer-NDS d36:0 	1591	961	1247	1501	769	1121	1209	1190	1594	1322	1300	1163	695	1434	807	856	800	642	629	1102	1231	913	1061	1215	920	604	1150	2443	4588	1168	1761	1922	703	1390	1548	1730	1272	1717	1035	12980	740	2554	1745	1048	767	886	818	1083	813	700	1227	629	666	613	1123	927	852	389	933	546	1396	895	806	2437	629	1657	911	705	937
43	Cholesterol 	1832068	2623933	2449064	1762934	1969012	2402735	1745502	2272369	1700229	1891057	1766540	2131537	2159220	1926998	1969680	2639643	2250808	1572811	2035922	2448955	2117259	2037792	1711028	1825915	1840609	2557809	2665512	3093246	1528572	1851615	2179202	2637601	2930582	2231962	1428867	2201518	1844547	2066541	2799389	2930312	3129149	2390961	2116345	2016894	2148541	2850432	2515512	2148807	2508251	2065084	2116148	1794769	2123859	2238091	2017568	2138165	2037524	915522	2447480	2481148	1641172	2340122	2050949	1936134	1814602	2461594	2312047	2512430	2714614
44	CoQ10	4126183	681770	2757542	3991980	2715885	2438675	4076880	2576189	5366788	3846409	4073718	2710684	3417954	3726470	2032215	1659868	3185969	2859301	2498792	2441628	3944934	3936421	5341177	946001	4198231	1182013	1887528	1135356	6275032	1072955	3961154	1637194	566623	1505987	1047562	3185510	1690561	4134758	609606	739603	1450231	2637316	3083673	3840130	2665130	1246921	1619451	3848424	2587478	2654294	3672728	2248220	2511041	3845544	4149008	4900044	2433592	411742	1943972	2018099	4779372	2380187	2725876	4131371	5453033	167283	3123523	274588	2633417
45	DG 34:1 	273903	207732	142150	141343	126151	141303	134172	114550	121857	91335	140667	79341	75738	144987	113271	109550	77208	45592	149499	108969	424903	86764	98656	352886	130148	119274	323875	62623	164995	36297	164358	113796	33219	72048	29246	150548	43138	114797	41863	132259	55097	93233	92383	130361	119730	94993	32702	81454	84541	90024	296604	47428	335936	98469	82595	178737	129347	33217	117839	105630	195438	172748	116359	113460	150645	82725	169626	149813	102079
46	DG 36:5 	128919	149613	94541	105204	65755	98782	156789	82043	93444	81988	89394	93325	83353	143618	76183	106500	73653	42466	118831	50430	208929	74822	174643	136342	65004	108249	171865	26069	81242	18475	36728	57523	28840	27829	20432	26408	30488	143077	48731	108235	91372	94836	49373	175322	140086	57858	89417	106807	118415	88637	155519	65277	172835	61926	104459	145178	98679	28914	198661	89522	231852	99679	98579	197576	95525	123530	123981	143828	75623
47	DG 38:5 	771161	861804	658470	544921	318675	574542	873937	588290	546226	510019	398315	578436	491886	606538	483830	547820	439859	230220	564477	380680	729633	457643	917762	477411	522980	397260	818477	277248	706253	136790	322902	565508	235768	134010	125098	320532	189478	652726	344220	538679	518288	553048	517302	623235	739940	544926	341236	660920	528650	314026	795775	343552	604847	528377	507838	944021	505029	136732	840505	617225	1225483	416706	398117	871393	514351	535403	676827	628677	496334
48	DG 38:6 	525919	730808	408031	418943	344510	466793	497676	425693	263400	445724	307210	343435	333069	370998	386294	468326	215034	251149	422661	277046	618899	283384	517007	319682	411364	280427	562992	157000	211654	75767	163765	233428	90519	68716	86938	103224	161721	402492	277051	268425	314241	304192	201200	519561	503208	328716	259956	418629	429156	305849	508835	379846	533324	351936	410425	627743	543905	161011	613190	441373	663379	377458	303409	545338	369318	250248	414006	477093	282526
49	FA 17:1	3917	5343	5016	4672	4010	6478	11424	5484	9465	4706	11106	3645	8539	6067	3462	6962	6352	5446	6061	7597	8787	9784	6529	35259	6073	7198	27930	4705	2716	5262	6149	8089	4291	6528	9287	3607	7439	5496	5495	5679	5057	6639	4329	7533	17335	6259	9138	10504	6147	7174	7841	6772	7486	5087	6038	9703	20172	6256	7448	8356	14796	6286	7613	5682	17996	5946	7229	5510	9382
50	FA 18:1 (oleic acid) 	303751	138752	132375	159857	132162	182413	275902	146523	358453	138037	167287	138006	179638	517172	108296	188701	145561	110341	150058	153782	285100	232524	220816	620013	148111	175016	376386	161437	74178	194450	608875	159780	163925	145214	715436	151428	168573	213236	110736	134043	114263	99389	74042	157761	241572	209234	155346	165310	195909	188107	256180	172618	186232	91429	96954	251574	257670	273653	329695	131437	157366	149280	157957	156949	165179	506043	169755	142999	118977
51	FA 18:1+2O 	1392	1402	1041	1000	1235	1037	1702	1104	1949	1004	1066	867	972	4347	900	1450	1275	1230	1043	1086	1495	2305	1268	1696	1354	1295	1965	1169	1102	1289	2606	1252	1487	1448	8018	1273	1108	1359	1113	918	1003	976	545	931	794	1235	1088	1042	1069	1124	1159	924	908	965	681	1013	1133	1675	1702	948	972	1669	1065	587	571	2278	802	1194	1151
52	FA 18:2 (linoleic acid) 	24082	18147	20951	14345	15916	29381	28483	19660	35045	26040	18071	13685	20085	38916	12603	33483	15247	11601	18917	22515	89396	25281	20639	179860	18257	16124	91283	14564	7675	15429	38512	17368	11456	14471	42180	13804	19085	15557	11422	14783	10894	12846	10753	19332	22952	20877	15463	15808	21199	19647	48786	17914	36348	12204	10924	46602	27616	21529	32242	20250	22237	15266	19415	13391	20558	32385	19652	16523	12168
53	FA 18:2+2O 	1557	1127	1097	1109	1239	1127	2290	1136	2776	1026	1452	1515	1359	5952	913	1461	1365	1197	1243	1106	1059	1216	1517	1504	1177	1292	1534	1492	1239	1712	2992	1623	1576	1562	6445	1749	1707	1352	1283	922	1414	1089	765	1047	1347	1451	1412	1329	891	1083	1051	1290	834	1187	996	1129	1819	2320	2030	851	911	1439	1400	668	1183	2246	690	1066	1122
54	FA 18:3 (linolenic acid) 	1257	1781	1812	1192	1322	2175	1632	1241	1799	1710	1484	866	1487	1789	757	2018	812	827	1374	1368	6820	2199	2064	9451	1613	1312	7567	802	432	1107	1198	1032	635	1052	1349	572	1706	1500	1194	1413	806	1123	909	1890	3556	1398	1829	1797	1490	1368	3894	1708	4483	786	920	4900	2476	1170	2048	1235	1884	1108	1770	1463	2346	1666	1320	2099	1151
55	FA 19:1 	3255	2960	3500	2618	2998	5278	9847	3182	9080	2714	3729	4123	5795	3689	2439	2949	3943	4138	3347	6242	6236	9440	5505	40758	4850	5490	26776	2850	2251	3549	3666	5018	2593	3106	3965	3314	4492	4825	3043	7722	3745	5963	4478	6775	16134	3705	8484	9549	3854	3562	6736	3670	6940	4461	4557	9174	8424	2319	6062	5805	17113	3364	5362	3679	18995	3047	6760	3918	6216
56	FA 20:1	11801	12334	11833	10644	9362	16820	19419	12003	18110	13689	13231	8586	13176	13286	6791	15025	9491	7156	11220	10277	38416	30415	19001	139128	15466	21090	57199	6708	5702	6575	14323	10027	4158	6503	17254	6624	8288	14481	10105	49679	7016	9823	7416	17259	43578	12418	19278	20688	10812	10000	29837	15796	26567	7397	11379	45175	27956	9154	27641	11042	28228	8815	17076	11797	23351	16967	13233	12148	18795
57	FA 20:2 (eicosadienoic acid) 	3673	4256	5508	3548	3384	6272	6124	4820	6333	4013	5793	3617	4571	3555	2428	3208	2740	2880	3948	3129	7394	11387	8982	37310	6320	6528	30560	2259	2474	1755	2421	3544	1224	2324	2405	2308	3049	3546	2790	15325	1905	4029	2962	6731	13199	2931	7824	6783	5345	2966	10850	5886	13401	2446	4371	24112	11972	2566	6325	2918	10036	2990	4727	6013	12187	3183	3994	5845	5458
58	FA 20:3 (eicosatrienoic acid) 	953	1285	1397	1074	1359	1852	2135	1540	1567	1165	2301	1372	1794	1396	779	1706	1278	1115	1322	1548	2734	2803	2188	14235	1367	2392	12180	816	747	1375	1005	1487	642	1418	1155	830	1693	1590	1636	4215	1102	1496	1189	1870	4831	1440	2940	1990	1607	1297	3822	1584	3657	1098	1343	4861	4416	1270	1655	1445	2720	1379	2025	1648	3944	1354	1472	2166	1944
59	FA 20:4 (arachidonic acid) 	3906	11201	4694	5781	5023	8771	11663	4667	6251	7013	4846	2823	6113	3949	2885	3636	2815	3171	2887	5072	9191	10000	10799	60258	8134	7596	117324	4460	1815	3294	4173	2465	1680	2236	1288	1609	1843	6093	4561	28446	2690	3693	2860	7130	7241	8209	4265	8426	3744	5674	9314	10934	8188	3861	7143	12143	3007	1539	4804	2703	7737	2254	5400	10300	11015	4562	3700	14166	7726
60	FA 20:5 (eicosapentaenoic acid) 	7926	13084	10028	10033	9152	27008	17504	8609	16643	23480	7662	6546	12907	9657	4394	5780	5543	7318	9417	9210	34373	21730	25057	114016	23214	13640	138268	7394	2082	5848	10004	4727	1829	2853	2079	2635	3404	17844	9194	41967	3582	6747	4603	18905	15373	21703	10133	17817	10520	22540	23203	54076	33788	6845	17634	26497	7101	2080	8951	5809	17656	2792	8766	62286	39115	16474	9894	39842	15325
61	FA 22:1 (erucic acid) 	9932	5104	5744	6361	5176	7529	14896	7074	17186	6683	8980	6894	7122	13195	5620	16514	4304	4575	4525	5626	20772	7595	8833	52228	5568	5862	15892	7158	3199	6159	17034	5845	6856	6273	33957	7729	6775	8556	4230	5275	5675	6623	6805	5976	9078	11437	5081	6005	6383	6063	15364	7081	8915	5993	4568	9743	9272	16796	24904	5871	6171	7505	6992	6268	8868	19508	6684	6264	5508
62	FA 22:2 (docosadienoic acid) 	1362	1731	1145	1495	1640	1462	2415	1804	1996	1197	1995	1397	1840	3524	1436	1379	1018	1274	1426	1862	4763	3702	3593	35185	2427	3099	6916	868	620	1019	1448	1624	392	1560	1333	871	1636	1287	2014	12745	1692	2342	1121	4548	2982	1507	2101	3375	1782	1836	4168	1271	4282	1236	1820	4788	5484	1679	3600	1590	5498	1796	6615	2333	2980	2648	2376	3507	5607
63	FA 22:4 	1047	1521	1278	1448	1404	1441	2605	1797	1508	1587	1478	1436	1819	1314	998	1107	952	1547	1781	1272	1971	2000	4690	24404	2058	2338	11331	729	788	738	921	863	550	592	650	634	1147	1259	1229	8075	1206	1393	1154	1977	3519	1548	2097	2646	1175	1135	2494	1907	1953	1305	1809	3389	2132	810	1604	1122	3163	755	2218	1831	2754	1694	1874	2225	1974
64	FA 22:6 (docosahexaenoic acid) 	4466	7431	8891	5174	6763	15224	15664	6455	13902	11059	5522	4880	4842	2991	2333	5396	3714	4000	5105	5311	11060	35576	15548	151178	10064	13015	115901	2579	1872	3431	5337	2365	1309	931	1441	1462	2861	8831	5157	41466	3060	5225	4201	15810	30100	9164	12425	8773	6928	8885	15321	16091	20153	4962	9296	49324	8671	1612	7238	4804	10485	1947	5526	21695	38523	7255	4926	17477	6658
65	FA 24:0(2OH)	8741	9584	17612	9223	7551	10161	12466	9400	7175	7880	11611	6539	9373	6719	6520	11290	11532	8051	8438	8328	10332	9465	8416	17774	8413	9172	8510	6748	7165	9325	9550	9824	5556	8404	63640	7317	9120	9920	10331	8234	6968	9647	6732	10937	10704	11144	9159	6149	11676	11917	11013	10388	10088	7089	8414	10611	17601	9100	12758	11536	9260	10918	12883	7936	11349	14538	9618	9319	9814
66	FA 25:0 	8518	12568	10406	8907	9590	11558	9300	10145	8141	11402	15694	6709	11544	9309	8048	11449	13793	9304	11127	11332	9572	12735	9076	6201	12423	11014	7195	11412	8011	11449	9049	12996	6531	11758	77162	8425	11866	11266	12777	5769	9562	7863	5642	13052	12082	12794	10468	13631	12469	17522	12474	11837	11378	5874	8894	9820	37665	10990	11536	13580	6267	14727	10395	12043	9829	16673	9102	11174	10768
67	FA 30:0 	2867	3432	3714	3238	3727	3305	3536	3019	3353	3002	3587	2177	3275	3320	2370	3381	3606	3121	3732	3708	3458	4506	3341	3705	3861	3426	3408	3473	4102	3321	3146	3877	2198	3231	20169	2374	3221	4140	4912	2252	3928	2608	2098	4135	2818	3867	2821	3515	3984	4551	4616	3845	3532	2416	3421	2882	6249	3407	3685	3442	2815	3396	3121	3306	4290	4898	3269	3474	2931
68	FAHFA 26:0 	1150	1583	1204	1125	1760	1676	1490	1329	1206	1525	1365	1221	1284	1250	1218	1926	1233	1139	1432	1272	1488	1963	1315	1088	1421	1372	1472	1945	1847	1494	1285	1640	1188	1457	18607	1096	1633	1644	1448	1594	1238	1104	1224	1588	1553	1594	1145	1288	1527	1400	1532	1398	1255	1315	1440	1275	1528	1327	1603	1175	1290	1285	1427	1287	1223	1793	1020	1436	1161
69	FAHFA 38:4 	716	192	199	198	114	327	867	261	1315	453	276	355	474	2484	79	315	193	107	366	289	761	585	918	3023	309	381	1240	233	148	419	2644	360	132	235	2895	365	327	524	305	236	0	149	53	305	690	363	226	253	405	394	663	308	419	153	130	582	642	596	1163	188	214	230	342	246	301	1883	388	293	254
70	FAHFA 46:0 	2516	2656	2616	2842	2355	2622	2592	2716	3024	2208	2625	2757	3045	2661	3258	2716	3165	3085	2795	2350	2636	2633	3266	2704	2337	2492	3341	3134	13537	3034	3588	3557	2891	3697	3959	3138	2835	2827	2884	3150	3180	3361	3193	2893	3017	3426	2405	3179	2937	2943	2584	2615	2592	2493	2797	2704	3033	2913	2780	2874	3149	3252	2876	2560	2531	2476	2663	2656	2702
71	GlcADG 37:3 	1063	1219	1017	1402	847	1044	2979	738	2433	1224	1143	1187	1425	830	713	1020	1236	1199	795	2572	827	1729	1019	2469	828	1590	1480	742	1600	1016	1576	1427	1253	746	1070	924	1196	657	921	778	1443	1603	1099	951	1805	1080	1547	2034	1335	2199	1151	892	816	1429	1372	869	1109	1133	1241	1989	2461	1386	1219	697	1758	736	1839	1714	1594
72	GlcCer d38:1 	12610	5302	7212	8876	5611	6714	7156	12175	5919	5066	8486	9555	6660	9763	8166	10804	6899	2613	8678	6317	6814	4689	8353	10266	4193	7341	5599	3378	14119	2902	10597	4676	3501	3379	8325	12819	3529	3526	6000	3605	5156	7287	8145	8622	10442	8609	8812	8303	6084	5772	11532	5403	9485	9638	5998	8033	4210	3183	14333	5920	12515	8653	4201	3747	3066	2272	5294	1897	6451
73	GlcCer d40:1 	1303	850	1001	1107	895	1116	1025	1082	1183	605	764	765	704	1006	727	1020	852	325	841	707	1543	667	813	3218	717	693	1342	361	2272	514	1695	719	622	382	999	2079	444	521	629	670	574	679	722	816	895	864	848	681	580	699	981	480	946	1086	851	1143	565	319	1395	635	1028	834	568	476	448	530	708	523	901
74	GlcCer d42:1 	244	249	335	271	263	374	225	271	276	356	313	329	151	306	187	337	371	121	75	313	521	169	130	1296	216	189	487	82	841	117	285	141	102	142	250	281	93	153	97	112	96	50	206	144	160	149	273	145	250	76	473	88	183	296	212	352	189	148	277	235	282	165	209	250	88	168	153	79	248
75	GlcCer d42:2 	568	449	1007	633	694	577	797	794	1112	438	439	629	543	507	409	920	708	144	708	586	1220	424	553	6266	509	259	917	678	3383	853	1535	1566	768	992	425	1133	835	681	389	433	277	1012	810	552	594	478	574	1137	386	487	547	326	380	573	644	722	348	178	571	498	1157	516	303	560	409	298	558	210	722
76	HexCer 32:0;O2	504983	298998	633345	183800	152054	486896	432197	752912	146010	156765	214288	526470	165128	383950	132056	1009903	587040	0	514789	363680	193291	163048	217234	86510	6318	1305504	533529	338500	856661	119342	551698	675692	439269	90420	116485	379825	194848	237836	435473	385305	601276	641984	193228	265934	728589	480375	468015	251516	580948	214364	622499	117294	190678	238076	317991	756383	123303	0	658091	451543	714218	261203	199381	176626	47513	93484	198278	34734	261145
77	LNAPE 20:4_N-19:1 	3837	1256	2510	3175	2272	2076	6448	2768	7597	1972	3185	3276	3162	2934	2116	1834	2947	3436	2165	4098	2361	4044	2848	3990	2247	1835	2246	809	2772	1082	2141	1269	1365	1078	833	1475	1696	2174	1155	1615	2163	2910	3812	3468	4195	1939	3256	5325	2679	3309	2732	2413	2860	3779	3800	3754	2306	1040	3135	3223	8001	2496	3995	2707	9114	1439	4940	2727	3104
78	LPC 16:0 	1897	1691	1342	1109	919	1620	1734	1147	1627	1191	1208	1358	1444	1295	1154	1474	1212	977	1412	1303	2390	1821	2161	4242	1368	1383	1875	1192	1747	1202	2020	1178	1057	829	848	1506	914	1506	1188	1807	1049	1333	1219	1989	2365	1707	1529	2143	1736	1359	2081	1532	1803	805	2032	1590	866	694	1464	1245	2435	998	1227	2409	2093	1205	1034	2237	1659
79	LPC 18:0 Isomer B 	432	464	275	352	448	266	311	231	229	393	225	204	232	287	290	339	215	439	146	286	417	447	692	562	334	333	150	236	440	207	321	389	179	463	255	260	339	319	451	299	393	309	349	522	633	369	348	364	431	524	472	187	259	273	294	349	2904	1022	1163	481	326	279	216	304	378	806	207	996	417
80	LPC 18:1 	149743	107839	106799	79238	99904	868574	129269	98475	236753	162506	88966	145646	187767	93063	74899	90819	86251	73903	128806	96023	313746	179011	163652	555581	141170	502846	261534	157196	61004	221141	199366	175835	137254	155624	132210	354220	128958	371196	322489	101917	68272	170114	152946	292308	1919989	141022	1425531	159018	140950	77977	406524	286520	875159	113130	142780	715428	276914	27700	205859	94644	335245	42072	104458	192149	888969	132297	165511	187246	76954
81	LPC 18:2 	1348	472	880	376	496	2680	474	326	1349	685	589	433	532	404	392	639	448	365	451	284	2998	304	274	4927	438	346	1148	145	189	206	702	223	237	177	312	734	165	347	357	166	231	419	341	569	1337	478	1106	374	799	494	2256	639	4588	334	417	2163	775	248	747	335	1082	172	425	372	1541	325	633	394	132
82	LPC 20:0 	252	326	196	145	246	292	277	331	327	114	276	55	55	360	420	245	98	248	145	349	972	449	851	1191	90	235	248	107	580	84	168	193	59	202	199	72	147	272	223	323	705	189	151	987	741	343	128	143	844	404	403	233	233	472	142	135	6240	1625	1390	307	511	223	336	200	180	1027	193	828	251
83	LPC 20:1 	552	431	191	205	212	673	203	331	395	314	284	133	156	386	125	226	252	181	299	113	712	353	281	1024	200	404	295	303	396	263	356	218	121	134	118	550	225	703	246	1118	234	385	347	457	1231	342	791	780	287	170	721	300	989	186	437	949	401	357	387	138	514	228	165	373	469	277	353	297	423
84	LPC 20:2 	344	96	126	208	229	793	268	274	326	328	189	347	220	312	155	260	148	171	173	111	624	235	329	545	171	265	173	185	209	231	403	353	58	92	158	870	282	601	390	620	285	320	379	395	997	234	543	427	315	182	687	631	877	152	339	1259	473	195	433	198	491	203	185	375	929	307	347	222	190
85	LPC 20:5 	92701	57741	69687	107667	111928	515822	104913	70195	183201	185741	93243	90777	225430	134146	113351	92489	86687	66348	210959	147805	402080	107419	219506	636477	161878	97299	158628	90064	14152	115889	98378	80033	53969	98796	37960	94278	172551	291783	173474	51540	40125	133437	149379	404836	1788274	72804	711462	192842	137194	126238	236389	343722	746049	134137	144541	513597	273215	24168	122706	120698	351889	31665	146471	335772	1676053	212153	128400	499266	94342
86	LPC 22:6 	140226	40865	100839	64354	85063	919195	125421	50905	305629	151958	74851	68497	143793	105388	83007	62869	84317	75032	82091	73547	298672	175112	143096	685079	122356	91971	157988	28225	25889	106372	85205	46408	19037	40257	37359	206325	129413	313429	233118	151628	23356	113559	201060	373187	2129833	93434	1023472	185813	155193	99370	371736	495525	900524	146901	158449	1596903	516845	18209	152869	93679	421742	80204	132132	211964	2415499	83124	143793	103360	84192
87	LPC 32:1 	56706	31784	41446	59696	48303	34567	219473	87461	206159	81454	69665	85385	58107	69555	76825	80002	78891	58272	44112	100789	68469	110405	56383	126237	111546	28709	131372	146023	153644	45068	104489	123245	92518	31881	30949	74349	93283	77536	61807	181222	69812	152096	139029	112339	100705	30900	65562	151675	62503	71771	64684	27114	54269	85267	85450	90752	33013	24499	72527	103329	188831	44228	23085	57613	108120	77704	109960	35409	92096
88	LPC 40:7 	291537	72347	180820	199379	137557	142677	188684	135865	327341	222795	160128	151275	130827	244441	124108	224616	223017	55666	158296	128245	287260	178097	230867	493986	131061	76359	115502	48021	369790	26780	257396	62039	35218	82495	41466	199476	175736	154201	53811	316806	67845	168832	179661	165714	203566	74821	77884	215496	130391	118645	298657	108624	191711	177244	234181	187397	117711	44032	119622	144526	202801	117073	224044	182810	254151	32277	194620	54968	165722
89	LPC O-16:0 	1034	676	1127	878	969	642	972	1034	974	971	771	1218	818	811	721	1117	835	472	737	761	2232	1106	1019	3051	993	792	1167	547	1440	686	1190	542	353	268	615	945	603	503	196	902	755	786	855	931	860	801	428	1090	991	568	1887	1011	599	815	828	843	552	276	1489	557	1520	219	636	983	1000	644	994	1502	1127
90	LPC O-18:0 	787	848	881	714	855	626	1116	869	1313	707	959	1240	893	869	677	1077	918	507	711	1198	1380	540	931	4941	633	396	1488	761	2292	1023	1245	584	444	337	643	983	739	802	419	704	694	762	991	687	663	508	204	1309	758	683	1184	742	453	901	973	1035	429	194	584	408	1504	243	558	1050	863	419	804	643	877
91	LPE 16:0 	908	894	1069	1207	827	2083	1330	697	1355	2117	1253	1040	1389	927	702	880	966	829	1219	676	997	1159	878	1607	1464	1331	1163	661	783	714	1031	1019	587	455	480	836	647	2099	824	1298	789	699	635	2056	1151	2288	836	1421	1797	2527	1293	3274	2344	1083	1858	1344	912	609	1280	1011	1763	553	623	3204	1695	618	874	1833	1028
92	LPE 18:0 	1807	639	1575	3088	2045	5013	2446	1201	4776	6427	2013	2078	4473	2027	1561	1389	2283	1901	1950	1163	1791	3047	3120	3244	5362	1256	1228	1886	1643	1214	2442	817	424	810	648	1157	1449	6745	1425	1717	1122	1312	1310	4041	2411	3827	1919	6252	3010	5383	4392	13188	5724	3389	5406	2106	1132	538	1713	1204	4779	1242	1224	12345	6225	815	2905	1341	2394
93	LPE 18:1 	1988	1291	1803	3026	1970	5569	1862	1655	3624	6528	1925	2190	2826	2164	1667	1671	2293	2030	2207	1494	2418	2717	2212	3477	3943	2126	2068	1353	887	1513	2654	2145	2055	1298	1018	1240	952	3883	1331	1108	1002	965	1121	4341	3666	5147	2264	5372	3429	4678	3625	10703	4898	3227	6479	2012	1730	739	2022	1685	3826	1477	1060	9171	4866	1110	2236	2761	1849
94	LPE 18:2 	935	337	558	655	441	1950	450	449	890	2422	701	425	938	696	524	452	950	525	833	442	1115	355	292	1065	1233	205	327	130	426	278	742	249	198	234	226	422	347	326	330	169	339	230	291	843	619	908	507	799	1024	1039	1341	1027	1667	713	795	905	486	236	273	410	579	278	386	1058	795	265	264	591	384
95	LPE 20:4 	1184	1572	1026	1241	1445	2970	1074	1176	1580	1407	1139	1206	1753	1234	843	1450	1153	1080	1406	1353	1767	1199	1648	4758	1037	1553	1498	1842	311	1431	1403	1593	2786	1219	1036	1279	1198	2192	1351	1940	2249	1784	1075	3414	8316	1298	4727	2574	1430	1344	3187	2735	5537	1408	1568	7782	2039	991	1636	1172	3501	884	1014	2307	7627	1328	940	3540	1209
96	LPE 20:5	51164	67049	53704	55466	69740	243773	63475	33162	90536	126119	36517	73356	117929	85703	74176	70928	87934	47416	223040	122483	215199	56604	134060	269583	89223	94709	70383	61349	5313	71754	52334	115186	142679	54396	23838	78668	122861	206205	52588	26103	10095	63160	46436	223423	910023	96643	480653	116220	84825	91120	278787	258897	543942	100438	106523	579812	297389	28362	89322	150242	224589	36943	56351	180223	708519	105279	50827	249043	77453
97	LPE 22:6 	1003	1079	880	964	1445	3795	1762	1155	2122	1591	1122	1486	1817	1058	805	963	1216	669	1446	962	2534	1386	1632	6252	1348	1492	1499	1181	408	1171	1608	1086	787	903	667	1567	1103	2501	1224	4120	1143	1044	1249	3930	13495	1133	7458	2017	1345	1233	4615	2347	7842	1153	1993	8926	3986	671	1620	1145	3378	761	934	2832	11135	1919	1072	3880	1207
98	LPE O-18:1 	2191	1834	1848	2180	1661	1818	3279	1674	5106	2139	2475	2505	2996	1637	1128	2310	1801	2047	2054	2056	2794	1784	2207	17193	1729	1992	3316	2781	7871	1969	3137	2805	1453	1383	1017	2500	1966	4325	1749	3273	2613	3845	3835	1930	2060	1975	1073	3649	1779	1875	1884	2505	1934	1547	2481	1870	837	446	1257	1089	4374	946	1290	3339	3468	1328	2507	3036	3105
99	LPE O-20:0 	180	128	289	244	216	364	389	271	720	169	160	258	215	212	85	408	221	58	244	185	462	319	318	1374	165	104	451	224	529	207	306	219	165	144	120	474	114	78	96	112	84	268	327	256	138	101	91	516	218	171	393	183	235	191	209	222	96	54	154	267	519	110	160	367	202	132	184	84	175
100	LPS 18:0 	1181	801	765	653	501	1375	1161	732	681	520	774	618	580	563	302	621	608	412	785	756	654	941	1131	1447	451	767	886	763	667	712	782	766	347	475	395	318	425	711	582	531	606	711	1134	1006	1188	1218	970	408	891	775	880	972	988	655	1023	976	440	615	2023	618	1685	750	546	1543	717	293	990	572	853
101	MGDG 16:0_20:5 	8651	1231	2824	5004	2515	1897	5499	6487	8152	2992	3768	4590	3400	8429	2326	1625	4156	3088	2167	2293	4290	3329	8343	962	2842	1370	2123	796	4906	1140	1862	1234	823	1535	1009	1621	4389	5285	3238	1537	4242	12633	16534	1672	1489	1019	977	1394	928	1249	3114	1300	1217	1145	2033	6335	1019	835	1489	1355	5650	1333	1185	1750	3902	1181	9895	1211	1273
102	MGDG 34:3 	7047	1484	2228	5563	2947	2290	6100	6280	6597	2120	3900	3356	2840	6634	2429	2608	3060	2213	1742	1768	3498	4142	15481	2898	1981	2074	3143	1128	4291	1655	2063	1433	1142	1855	859	1976	3348	3345	1596	1342	3839	9452	10389	3285	2576	1284	2162	2260	1581	1722	2629	2550	1596	1872	2850	7548	982	682	2049	1258	9750	2400	3118	3813	5374	1105	8386	1332	2423
103	N-(eicosanoyl)sphingosine 	178124	72725	81403	119392	80940	98204	62684	86270	112663	168515	125001	51255	91380	164273	72892	54956	139011	32740	17719	98940	148350	87190	116306	315993	76517	21753	66398	17346	108194	27899	70549	26539	21892	45210	13221	78051	14561	58169	7620	143232	8555	70149	75249	75542	78192	23015	27409	86725	33519	91923	159868	37058	110381	70533	91887	84016	52406	11698	35578	40901	62490	96632	37424	97873	89664	61127	84279	38191	72878
104	NAE 4:0	593877	1111764	315318	485814	405249	685111	381745	968973	323393	441652	315711	459099	1297563	402323	491778	430430	288999	801820	137541	112312	1277949	447041	295705	774103	168617	456083	647110	1831271	71678	0	375947	1281910	234150	0	9415	328923	308881	909192	588345	223535	448390	429550	1253848	1121571	935262	1578296	1071577	146090	1882730	1229675	692438	316354	2031764	252008	416012	152576	7667	211886	970752	1385212	561045	112241	621945	549188	577016	927112	672331	3188488	804900
105	NAE 5:0	322997	317917	96099	473714	221108	817303	129954	56620	86120	326949	168041	144105	625731	87300	95289	111074	139074	609810	96837	146596	850088	138310	173216	278031	38960	117572	224884	2519051	220831	54585	628003	543554	197409	192189	51081	91686	228339	351695	636229	394200	223040	213076	708992	543297	272056	970194	397398	99025	572727	583296	270875	279891	542910	180745	291512	113124	72521	194339	481366	174515	259087	25124	124102	347762	252031	1465225	602454	4280852	289514
106	NAE 9:0	43999	58195	32304	452352	42806	1359665	7223	48642	28049	48338	58705	43137	97348	12211	54508	43704	18647	71298	40085	31368	110945	27418	14479	27964	27728	23973	31099	145435	20818	37417	64616	67527	57110	27829	44471	38624	48416	69226	134245	29511	45429	36613	89026	121256	24986	659725	78200	25478	291962	347831	47230	86356	81624	26842	70145	27424	24354	75153	2145307	41717	50990	49728	24878	68215	25440	81849	70182	71998	28619
107	PC 14:0_16:1 	316223	206143	319788	135936	133984	239724	476166	238388	216548	153627	201510	368322	239906	791466	216989	316017	207488	121580	490626	405433	346854	210756	578938	286479	151629	1094407	321740	131519	213054	90509	176285	228843	181894	98706	55688	109332	128321	278782	140736	6465724	397400	256999	153295	661288	384049	770764	488789	404384	805376	410403	614467	110494	490558	192780	583085	459471	161097	111461	745493	540842	967606	581128	325347	335520	176459	556682	395794	995075	610476
108	PC 16:0/9:0 CHO 	133901	99817	152309	75758	200426	134361	127108	101869	185746	140674	132166	132610	123760	136942	162080	175468	157346	108293	118025	123764	274510	118447	113135	120623	107334	116980	147954	81342	46514	92282	209572	167082	116789	85287	120691	161346	71623	138922	147039	65423	120546	93233	65948	165149	93222	122776	171803	239028	126918	102655	127254	88990	140391	91831	163854	106869	93808	30127	134566	137252	131788	104585	79652	177573	181011	186889	125505	299121	82112
109	PC 16:0_14:0 	628192	436729	729579	407539	360038	480605	690209	759759	492673	400324	442691	683730	464787	773493	268527	716972	637618	220581	823018	886332	585087	338220	549083	575738	224987	655490	885230	336148	1780895	299054	825708	1174436	684840	215694	81930	611632	310519	1145956	483169	2349653	858794	825179	539611	512716	819211	708321	488000	453143	633600	429751	764369	255242	451257	354780	454638	867282	263023	91927	836049	779493	826689	523521	309144	402536	413900	410199	535091	379297	641923
110	PC 16:0_18:2 	11247	7941	9065	7951	6317	8981	6991	8203	8176	8739	9069	7941	5930	7520	5803	8996	10583	5089	9669	7921	12895	3836	4934	9197	5123	10796	7173	1912	7926	1728	6958	4272	3654	2904	4288	6483	3268	3914	4542	2738	4263	3844	3187	5805	6576	6547	6046	6003	7518	5914	11212	3356	10418	5457	7039	7026	5087	3931	7931	5851	5809	7589	4955	5054	3884	4396	6715	6611	4145
111	PC 16:0_22:6 	17856	7238	18378	20618	15315	13960	15538	11573	19343	20542	23267	16135	15096	19063	13750	12497	21625	15233	14297	14707	16232	15834	12901	8246	14587	11162	10412	2711	26149	5433	19295	4789	3807	5294	7485	17375	12171	17212	6584	8383	8490	15190	17293	11897	10141	6456	7818	11890	10562	9812	15263	8689	9779	12303	13152	13894	6101	4063	8038	8812	11360	12868	11195	13161	16574	8058	14800	6119	8296
112	PC 16:1/18:4 	170679	67125	128606	181551	89460	67036	304457	124374	212860	77781	242625	112049	199841	650416	198766	70637	64111	109596	323594	136994	381652	172918	393938	216918	126358	142581	236128	45767	146206	63263	127689	37863	31505	21795	22135	97486	95103	299557	41769	1292496	112761	80344	96579	586437	322852	165504	148738	359452	173051	181071	291289	55672	327014	221884	378905	185713	31029	32114	291616	227293	468798	345050	348576	334069	349427	710018	325992	468915	409646
113	PC 18:0_18:1 	8898	6836	7197	9125	6487	6666	7005	9377	8296	7662	9653	9063	5424	9053	5063	6999	7905	5678	8080	6182	7730	6467	7751	5043	4556	6229	7144	5441	19160	3749	14865	10468	5085	6304	4786	13606	5709	11524	6141	8608	6628	10221	8867	6774	7050	4763	4386	6608	4453	4339	9133	4546	5619	4315	6592	8364	3128	2422	6177	4087	5789	7711	4647	5293	4811	6793	7616	3940	4948
114	PC 18:0_22:6 	7917	4349	7461	10354	7422	5003	5576	7259	9132	5158	9047	8204	5604	13209	6343	5553	7446	6304	7104	5454	8459	7167	6230	5530	4311	4778	5082	5703	19548	4548	10293	4187	2389	4156	3768	8235	7416	12639	6014	29256	7653	11409	10624	6330	4018	4832	2960	6917	5084	2937	6368	4162	4779	4130	7224	7081	5470	3330	3576	2583	7439	8151	4563	4745	5446	11105	6755	7737	6961
115	PC 18:2_20:5 	16375	8018	13160	15017	12520	16252	8043	9493	9968	19037	24721	8400	13714	16490	10730	10664	13911	7901	19193	15429	15722	8502	8709	16228	8841	7105	6549	1314	6757	2028	5264	6755	2797	4728	4358	6988	4258	8338	4449	1955	4038	5581	5992	12789	11012	9218	6214	13521	12634	10054	14026	7365	14700	8589	13226	10309	9569	5497	10050	8587	9863	9758	8169	8067	7527	7120	6483	9258	5553
116	PC 19:1 	88558	205689	183326	177161	199808	288681	187946	221539	261997	143278	178359	350960	317908	200448	334515	198191	276401	197481	194974	185717	268171	162073	161327	277496	205050	191416	492751	1071655	332840	1165237	1853155	1061612	700545	1386297	1089829	820055	477700	614125	255037	106073	317492	466291	349461	272653	219864	258113	311141	457724	195232	155297	199427	244108	173646	227573	339004	246575	244532	126800	254325	185502	242191	157435	165183	179213	222725	112771	275851	14079	150830
117	PC 20:1_20:1 	474587	219840	255586	150284	108286	248185	121836	316740	216080	245362	166063	216395	105375	347090	157102	246396	249896	66001	181530	105697	378130	240185	198581	356201	171425	99000	182398	50961	195859	23980	271696	177155	83856	37915	33052	223169	154895	178461	79870	748830	114301	211665	225328	163328	210922	133962	74961	181797	132588	117623	557936	188690	437616	122466	197196	269488	170929	33217	216279	122554	273260	330555	116933	119707	90911	398484	314410	94339	160065
118	PC 21:4 	44783	90888	22145	85502	62594	90900	79238	89009	124506	25771	59186	82896	140225	91294	82685	84068	79328	55319	50432	68710	81219	28698	35140	208791	74762	94265	272067	176992	22895	143975	157891	117131	54635	145808	84133	34305	166908	91945	49954	145477	75202	185055	132805	192967	63670	25765	107742	314270	64558	113242	60577	102080	64223	147849	140958	119739	48618	36859	89254	63690	170876	68832	133279	38809	139546	34668	126876	0	50083
119	PC 22:4 	908	1694	768	1137	1062	1245	1554	1173	1920	1037	1517	1744	2942	1205	1375	1393	1476	1184	1154	1674	1423	742	1640	2832	1176	1414	2949	2171	830	1443	1688	1754	1095	2055	1339	1411	1690	1541	981	1310	1584	2658	1459	2064	1273	1178	1651	3869	1144	2132	1337	1523	1274	1495	2116	1711	906	704	1747	1198	2356	1201	1387	1283	1982	795	1952	1071	1284
120	PC 24:0 	16178	62206	24380	9798	27621	33120	19137	21195	14388	13086	23257	16473	38418	17631	39496	41889	31619	13200	28438	17924	25077	19741	24096	5561	22815	34406	32380	66838	16132	35177	16614	25219	27698	26838	34555	12217	28121	17491	30857	8759265	11208	10003	22029	23673	21054	348338	52844	28239	21047	35557	22528	62727	38785	17214	11660	22372	29495	75484	18783	12619	16038	8846	18139	18742	14902	28372	14021	43671	26040
121	PC 24:0|PC 10:0_14:0	331	1246	414	322	457	428	401	380	384	270	397	353	334	275	614	467	255	270	460	395	579	372	608	578	267	581	459	955	688	719	333	401	162	345	333	221	269	243	643	81191	590	297	278	706	540	5144	743	753	388	337	501	1532	406	182	437	480	524	402	496	270	445	347	451	401	401	526	352	670	1179
122	PC 26:0|PC 10:0_16:0	13267	267441	24448	13867	19926	35724	13918	11848	14388	10148	34325	10784	13926	22481	127962	29983	16651	10769	54397	18920	24161	21447	40794	14971	34538	51720	27399	522940	51247	128952	8960	15770	22463	17652	33553	13636	9647	27409	25965	83179643	60145	20455	15665	13375	20420	1012556	38468	10480	16370	39208	24641	374236	13272	14369	12025	29288	10373	16443	13025	11431	19569	22300	12260	5679	11785	72923	13259	112213	40515
123	PC 29:0 	22503	35114	25261	9958	20956	17428	29734	17087	107936	39124	22616	35019	12074	29214	60770	17641	65046	42727	18958	369086	42828	17913	25734	241245	31238	26711	213284	21855	22556	40029	34830	19939	96515	41608	16426	13204	84091	41951	68204	1715625	23442	97978	159380	47221	48069	22648	36019	24976	22181	120105	30500	35443	56038	37783	17734	38129	23272	24389	8158	309095	27386	102727	41224	27198	158502	27256	243389	33386	292842
124	PC 31:0	345164	282879	219219	177910	194860	277906	782310	269646	760436	201497	249575	325481	454222	337904	135909	292640	433498	292834	208914	821463	225483	303430	319589	740151	195573	212725	1110826	195221	919548	462624	474800	981580	567385	292876	101261	419313	434016	410467	253626	505011	429055	1048707	949914	291680	520330	213276	315486	491423	226483	441141	384480	163957	201222	553177	242380	418215	120778	74601	387108	672378	917473	290787	326279	224648	695487	262123	569306	268265	937428
125	PC 31:1 	729905	763879	506567	350360	290298	466214	3448248	548103	1959421	222261	537003	766804	1667609	980218	352417	448289	652461	562307	535916	2083781	533453	787516	1163267	4004021	327056	1024855	2653058	216487	486726	232805	345924	761282	656380	112485	76521	258523	582814	355380	309695	1236966	893444	1657091	1072579	1721760	2471583	666418	1354203	2956508	950861	2405102	886187	135738	811084	1431302	1221557	865899	219276	125586	1306721	2999202	5311416	1063097	1359604	732503	1959323	1485149	1997256	2686861	4527823
126	PC 32:0 	5657	3365	5356	10833	4073	4040	3850	5911	4249	9618	10982	5356	3322	3335	2259	4734	5342	2894	5128	4788	4366	3152	3832	4057	2764	4423	6257	3837	14594	2886	8935	8329	5928	4147	2649	6900	2958	8140	6257	14479	5930	5023	3735	3325	6611	5423	4743	4024	5529	3217	5942	6821	3695	2791	3266	6772	3692	1524	7034	4513	5364	3145	3131	3685	4998	3682	3950	2462	6029
127	PC 32:1 Isomer A	16756916	9535622	13074045	11872128	8343685	10996709	20168197	14066518	12885288	8544273	12756661	17066874	14056474	18163324	7476610	10874153	11066136	6007006	19386203	16005266	17113545	11440637	22668639	18730308	8118827	28541888	14173578	2033645	9029089	1432659	6294152	6443455	4353946	1376300	1214627	4928721	3484326	11255034	6813285	8180601	13433739	9961334	6332390	22726683	22295236	13232634	15884788	16005733	16992685	15126423	21584066	3866283	19232487	9706420	20247342	14916155	6129801	1915468	23567734	17049589	22785411	13908424	12215433	17551226	12754276	23002637	13477784	30430498	20399124
128	PC 32:1 Isomer B	27735	21373	26050	24097	17327	24433	35115	27033	20808	17331	24030	32823	25729	30823	16770	22961	21894	15172	36198	29339	29657	20155	39440	33950	14833	53143	25911	8567	20199	5881	16177	19307	15713	5923	6150	11918	9877	21730	23260	13829	31048	20093	13761	38912	37079	29962	31115	29776	31881	27948	38290	9402	35735	17820	32352	24190	13675	9852	42975	28285	37752	25973	21228	30877	21021	48789	24416	55067	29933
129	PC 32:2 Isomer A	783756	336534	353988	311330	249828	449365	826806	455998	487323	330221	371422	597278	414981	1181237	251107	524662	398823	179765	629592	705737	955679	296971	873692	541038	236640	2952849	419878	71738	434610	78939	310501	224258	190651	61781	85636	245998	177465	364293	295584	1418105	523592	354015	315612	687097	641582	753709	872759	601305	800699	522185	1260460	99785	1189712	308390	824858	539698	239571	103956	948130	651668	1001549	863962	366858	419763	353231	763336	678960	1357257	694752
130	PC 32:2 Isomer B	5493	3857	3483	4235	2733	3879	4965	3458	2739	2769	3479	4526	3158	6730	3391	3897	3483	1809	4766	4462	6003	2673	5196	3205	2272	17129	2615	1362	3876	908	2953	2589	2051	1426	896	2265	1711	3199	2595	7419	3540	2879	2845	4364	4022	5776	5869	5770	4802	3782	9071	1492	7174	2695	5173	2121	2234	1562	6410	4339	3625	5870	3629	3922	1622	5583	4731	9205	3788
131	PC 33:0 	1316057	619185	787076	995077	698433	791053	1163317	1155624	1269939	858400	1170244	818117	952214	1084750	646632	608875	917386	437514	515408	768757	415746	902063	1122050	481689	811286	545391	1255577	709831	2554334	525327	1304068	1142757	681794	593407	291963	1246526	616305	1277373	464260	681329	918853	1435295	1292801	925778	918267	647438	542108	1127556	691567	701795	1094130	537938	782917	1403001	984947	1422376	495287	184517	956768	733767	1675872	930786	768774	749288	978196	337516	993675	474311	922536
132	PC 33:1 Isomer A	8477120	7084308	5916342	6904291	4914937	5911670	37757390	6191190	29597949	3741053	9682793	8728382	21553786	7401530	5252854	3774631	10932676	10505899	5678784	24594034	5507044	11767037	10304321	31695644	6667119	6706951	20384922	1595281	5770242	3150003	4026186	6268453	5993183	1959710	1067694	3348090	6428429	3549047	2676056	2895814	6687866	15591456	13167326	15084978	23630210	4411948	10394280	21055512	7023458	20919595	7830374	2753010	6360812	21839700	12256265	8940503	3605017	1190863	8523576	24643201	34831030	6917715	15088713	8801391	31194848	7635986	18280800	10329958	31319144
133	PC 33:1 Isomer B	11211	16223	8367	10066	7830	9910	58674	10003	39910	5666	12999	13455	29760	9937	8580	7351	16040	19172	8423	37144	8361	15130	13292	57690	8924	14337	33304	5529	10323	9955	7620	15417	19920	7020	4334	6177	13182	5143	9267	5665	14206	21806	19110	20036	32082	10851	18303	30931	10673	29301	10882	4031	9289	26523	15784	10514	5387	5651	14152	36152	45094	9672	19633	11919	41438	19624	23537	26593	34980
134	PC 33:2 Isomer A	4539137	1170792	3149183	4445349	2950804	2615340	5631747	2790108	5317858	3394008	4540094	3286809	2833454	4031679	1918944	1967536	3233241	1947711	3287238	3293321	3156201	3284352	4010031	2391013	3037777	1890480	2307406	305571	2582831	326673	1376338	836312	548253	463900	440098	1504123	1111752	1852629	642250	283554	1283144	2709709	2017458	4029204	5064862	2106992	2453347	4460711	3335595	3402671	4500755	2463514	3725307	3633653	5430143	3924990	2679837	525520	3395405	3674549	6966156	2565720	3610723	3417357	4223865	598762	3685589	1537590	4267177
135	PC 33:2 Isomer B	3373	2352	3165	2463	2488	2911	6794	3110	5803	2929	4073	2986	3485	4738	2694	2477	3002	2670	2231	3968	2792	4304	3853	7710	2558	2450	2980	1393	3163	1489	2169	1910	1939	1028	1716	2633	2324	3353	1757	1722	2371	3780	2991	3579	4048	3198	3138	6286	2731	3880	3546	1811	2916	3381	2782	3112	2056	1811	3904	5134	7766	3395	2846	4563	4128	2615	4382	3273	4770
136	PC 34:0	304580	252911	261478	233752	196922	219331	208613	370800	199459	183003	219421	286196	176036	321870	151643	266796	256195	111246	243671	203499	230696	197290	265267	259157	160053	230779	368069	333502	1046048	180272	547782	642484	398245	143736	121292	480088	205132	476544	383920	478244	336057	446029	287149	203454	388107	236199	224252	196795	274033	148361	313877	118994	213536	197522	157295	338289	138457	84865	391907	259064	326520	254067	150916	193916	176272	185375	220453	177213	260729
137	PC 34:1 Isomer A	84649505	68510803	88298223	91688546	74619477	73812678	72773242	86454701	68372762	73639518	92540029	87879500	60355404	78345567	50298597	70070615	89478719	41974097	91257003	79384894	80103789	71527015	72692061	73411793	66188571	72887600	79973473	24556235	96682085	19311043	93742334	72177557	36114724	30705132	29751699	90686752	26975996	69523630	44464153	41385157	59246107	62544787	46334535	73222816	77593471	50016196	53612966	53495333	61142727	46259654	81530571	33827511	59585072	51348897	79234950	87694886	34367044	12151417	69204949	55581059	65333835	57710458	50474920	71448291	57047652	59479046	56017589	54357223	58581508
138	PC 34:1 Isomer B	139303	99474	130976	171663	108256	113697	119285	141870	106991	107850	170743	150204	92921	118334	78921	104574	150561	74659	147519	118266	111685	104157	118498	132958	87581	105031	111171	51771	237520	39358	168248	108691	70226	57711	67879	145673	48006	100146	85460	53485	94553	90463	68962	114765	125700	85846	80262	88024	95404	71912	131222	52929	88879	72484	120814	128428	55021	38479	103941	74065	104306	83684	69315	110390	89994	95304	85485	86224	72988
139	PC 34:2 Isomer A	28169051	8293241	17953142	13470644	8617699	12898880	13588652	13231266	18578119	15235012	16397151	13574988	9306519	14859434	7362055	13985171	17077979	5050866	15350914	12569119	28858392	7558871	11626906	19719564	7285499	19857591	11218635	1163875	12011608	1193603	9632466	4702191	2580881	1379723	2479534	10025945	2136409	6299610	3860930	4006922	6346505	5975993	4059952	11590029	13244158	8886430	9712597	9637377	12073834	7926960	24900278	3460089	19870293	8623625	14637798	12638104	6434677	1917013	14263498	9832696	14906675	10769231	7118207	7836605	6774047	6503415	10499578	9233462	8705484
140	PC 34:2 Isomer B	49407	24350	35284	27871	22192	28839	24860	28986	34103	31276	36138	30193	21986	27422	18969	31786	35438	16113	35209	28304	49973	15953	20654	34795	17283	39000	24306	7643	25759	6071	24199	16724	11467	6943	12350	23669	8005	14309	15655	8472	15888	13618	10762	22296	23829	26492	22717	21898	27304	18146	48604	9939	41586	16942	26766	22485	16860	11064	28328	21191	24483	24552	16157	16046	14296	15758	21784	21073	16308
141	PC 34:3 	8097	2521	3686	1999	1989	4374	3389	3045	2612	2098	4398	3564	2645	4584	1772	4046	2800	2145	3065	2046	8821	2376	3249	4770	2881	1912	3254	774	2960	531	2349	1493	1270	816	1333	1807	1252	2444	1254	1720	1552	1657	1633	3241	3141	2300	1980	3648	3732	2557	8715	1984	7919	1924	3144	2826	2894	1660	3875	3198	3707	4026	2668	2479	2963	2946	3530	3742	2401
142	PC 34:3 Isomer B 	4805987	1556061	2414322	2057453	1371375	1713429	1601946	1939674	2268582	1733157	2735220	1863295	1339274	3963550	1076918	2052547	1878677	590271	2074024	1609923	4702602	831568	1606295	3599112	866322	750643	2506955	77324	1430135	159278	1320444	616570	379113	125184	200418	1078455	284399	878432	402923	845842	669976	949831	631365	1425119	1030450	924898	672599	1372985	1845809	1175208	4475509	421409	3417464	1272803	1453735	2227052	676499	288473	1705689	1760446	2225014	2105530	910298	941374	954752	1528185	1909167	2171915	1088009
143	PC 34:4 Isomer A	395041	171407	155966	244299	178164	137615	665008	168610	455534	160036	234872	168636	249442	923216	249100	122472	130841	161093	240264	240059	489498	280094	381467	455864	123128	219976	311065	57723	198468	91816	193136	69612	89948	39266	32151	143391	167181	348344	25400	490214	103350	284635	286730	484396	335155	114065	158770	487783	182051	348999	440165	98595	323032	367545	292727	282238	101475	26155	297649	391342	815290	494160	273656	310784	517157	425820	393507	665182	698745
144	PC 34:4 Isomer B 	2037	1480	1664	2146	1787	1759	3458	1845	2087	1556	1984	1778	1511	4154	1578	2244	1628	1478	2043	1588	2591	1915	2410	2889	1260	2194	2787	1072	2210	974	1805	1269	1520	711	717	1517	1818	2408	1398	2514	1403	2102	2000	2839	2849	2123	1773	3377	1863	2372	2294	1442	1984	2046	2564	2239	1079	781	2704	2339	3771	2812	1946	2057	2842	3343	3241	4027	3022
145	PC 35:1 Isomer A	5647906	3056954	3204919	4862525	2846640	3584794	6325172	4875291	6827563	2851207	5039297	4110496	4166690	4352008	3278919	2913408	4501429	2986352	2289134	4575697	2577594	5461550	5877736	5067276	5007341	2785776	6291690	2320302	7445116	2311999	3507537	4443335	3112953	1856862	1053872	3474760	3038023	3848336	1928348	2376005	3293157	6524937	5927052	4900728	4530771	2620285	2858486	4400467	3847663	3041406	4278619	2449745	2542378	4439786	6330126	7185672	3681417	1111185	4567149	3434859	7615917	3620864	3654313	3741456	5140831	2845095	5342451	4411781	4837887
146	PC 35:1 Isomer B	15032	11591	10360	15158	10460	12664	18622	14523	18517	9692	16616	13290	15041	12071	11046	9967	14325	12338	8395	14586	8012	15655	17357	12444	14188	10689	16294	11042	21535	9168	10678	15484	12939	7358	4827	10697	11360	11841	9367	6091	13920	17903	17765	15371	15423	11315	10973	14977	13028	11000	12671	9949	7838	13371	18086	19535	12677	7270	14168	11496	21582	10868	11920	12481	15393	10966	16275	16183	13410
147	PC 35:2 	7571	6222	5219	9886	6279	5636	20313	6297	16503	5423	9190	7724	8647	5035	5188	5129	8692	7105	6115	12308	5267	7558	7068	13810	6708	5901	9519	2955	8483	4709	5687	7594	8577	3521	3118	5942	5949	4811	4469	2590	5672	9876	8665	7351	12280	5308	7299	13330	5844	9232	6516	5915	5940	12085	8707	7309	6150	2855	6681	12678	18372	5641	8481	6116	12287	4465	9069	5806	10017
148	PC 35:2 Isomer B 	5163411	2342113	2700519	3353794	2098461	2710868	13917044	3096786	12594827	1792111	3839808	4447828	5890554	3290425	2158251	2225329	5037517	3314183	2200661	7417352	2849780	4666114	3758449	7989435	2663478	2548264	5503459	623981	4165258	1391137	2396605	2466767	2182922	976613	571106	2397601	2542486	1623706	1058814	1102629	2418621	6056914	5258622	4982047	8261229	2125056	3783379	8441608	3247794	6395451	4260198	1475355	3126063	8722532	5831519	3613524	2543185	598687	4001671	7622933	14326616	3164688	5418272	2368960	9437275	1321372	6965936	2197881	8127121
149	PC 35:3 	994684	413194	526817	386606	293184	435046	2734052	466774	3059405	377290	620569	591590	906387	672555	412946	450395	901546	659832	432760	1293543	794580	601741	432936	2073737	353099	233443	1014396	42827	410411	216196	341118	320478	339422	144186	98757	335340	394155	228119	106681	152293	257347	961373	815781	670770	1127223	156977	455456	1537211	511430	1131766	830321	213679	648129	1626198	641570	574279	388040	132760	515162	1743002	3223486	686680	810429	289644	1382494	251124	1471233	455679	1414461
150	PC 35:4 Isomer A	816000	556525	440334	528591	383125	289260	7413257	412178	5780145	346845	621799	670398	2165532	817885	411741	335763	1173581	1262869	369999	2460051	652147	1425510	813980	4678407	358996	446908	2793753	94082	547923	526260	491948	855487	690551	397166	113781	424805	1105836	366036	230201	446987	538308	3045770	2587980	1863864	4066311	296624	1176712	4641002	462037	2733074	634518	294170	487461	3789015	1451791	906433	326433	78022	673035	3537891	7603005	921569	3406180	460654	6692676	427095	2741141	528267	7244018
151	PC 35:4 Isomer B	1811	1383	1311	1292	1259	1667	10022	1654	8049	2327	1481	1459	4468	1797	1363	1182	2311	3112	1260	3773	2039	2454	2180	6802	1185	1535	4100	966	1305	2544	1713	1995	2097	1581	1052	1972	2604	915	1442	1735	2035	4667	4415	2423	5608	1373	2118	7501	1470	4285	1433	1136	1888	5604	2226	1651	1158	753	1874	4926	9645	1948	5046	1522	9240	1305	4569	1062	9231
152	PC 36:1 Isomer A	5333642	3302373	3769728	4484058	3072213	3062608	2965176	5000201	4192319	3843671	4448562	4142434	2469239	5318703	2378210	3258101	3854519	2077281	4149473	3022393	4721128	3303301	4437523	2997870	2400865	2531024	3912905	2883619	14950367	2013132	9030333	6030995	2456858	2736390	2249068	8114972	2950656	6409113	2651785	5264088	3165510	5799595	5082808	3083708	3307916	1934244	1741174	2978409	1974925	1674540	4664125	1889624	2940915	1972590	3261475	5087320	1636496	583458	2693099	2094928	3277805	3810708	2023347	2507850	2111153	3565553	3928369	1738914	2634083
153	PC 36:1 Isomer B	24100	19132	19911	24714	17872	18156	16739	26075	21381	19466	26325	23716	15160	23819	13904	18567	21894	14241	22945	17719	20543	17035	21190	14993	13003	16151	20282	17332	62667	12445	42105	29488	15192	16743	15393	38738	17455	32338	16778	22163	19710	26922	24178	18704	19795	13987	11837	18939	12304	10089	22735	12509	16145	11418	17518	22881	10463	4518	14889	11602	15940	19645	12657	15328	13188	20289	21350	12015	13160
154	PC 36:2 Isomer A	24509505	13550868	20691044	24407391	16415485	16121231	17328915	22321339	18008051	13801964	18825856	26831487	10414736	19566635	11183808	19471795	21502388	7752981	18105272	13729367	21348134	17272335	17693711	20282417	13825628	20792768	14201475	4966658	34773693	4237514	30112581	16314484	6759024	7211212	6822223	27360689	6590514	18498014	8887920	7515981	12171214	15079190	11852635	16798136	18762763	12742173	13150474	15382339	16279575	9726424	23999414	10954837	17022284	13935409	25952053	22636233	12772389	3448659	19843832	10975323	19461559	18946131	11582806	12597999	10684588	7046708	13331400	7891549	12626908
155	PC 36:2 Isomer B	38441	22914	30797	41074	26808	27586	27210	34499	26773	22136	33426	42952	18208	29607	19044	30415	34167	14792	26696	21228	30919	23736	25520	30695	20015	31107	20906	12850	68744	10415	49875	27080	15025	15558	16233	41610	13776	27989	18950	11060	22556	23882	21462	26563	28951	24842	21618	26151	25054	16028	36887	19525	27261	21645	40757	32017	22079	11710	29414	17101	31045	29257	18733	19702	17729	12576	23268	14315	16783
156	PC 36:3 Isomer A 	21662769	5896413	13956068	7724510	5017108	10291349	5347271	8457308	11653164	9758064	10249523	8024032	4579957	11145574	5506048	11176304	13444044	2650965	8691745	6350211	23498148	3147199	3049942	18266531	5010079	1583564	7204390	336050	11955579	795362	11089321	3815997	1305812	1510490	2644595	11823020	1193386	2243528	875744	1571728	1299057	3087064	2371464	4348262	3001870	2993838	1926484	3333594	7699719	4224207	17292522	2522756	14390686	6603624	5711270	11492613	5436345	1426917	5267741	5964554	8312431	7920157	3166507	1918844	3046887	1719378	7120169	2630376	2152058
157	PC 36:3 Isomer AB	33005	12927	23392	15191	10607	20390	8470	14822	18284	17286	18890	15610	9664	17975	12832	21509	22721	7978	16303	12599	35896	6176	5543	27145	10089	3552	13154	1661	22969	3708	23213	11709	5451	6122	11803	22234	3823	5270	3855	2820	4308	6276	5281	7861	5160	8585	4773	7522	14488	9081	26144	5740	25362	10611	9881	18119	12166	7558	9197	10598	12567	16298	6450	3988	5813	4440	12929	6435	3696
158	PC 36:4 Isomer A 	12812775	3827038	8152688	6366920	4137900	5713889	5062320	4858799	6544997	5637051	7742117	5038470	4077918	8740535	3354540	6390390	6986418	2381144	6512830	4448448	12816967	4643692	7651963	12044946	4208551	917123	6710571	500988	3999249	437151	4112578	1285384	812385	894658	819700	4509531	1196025	5054807	1045455	1126736	778972	2968247	1679467	7591218	6235399	2860701	837214	4833090	5787863	3423845	11081299	2387273	8360354	4485082	6868816	7873556	2924459	815097	4335104	4829053	7006000	5831946	5921061	7510235	4806181	7402076	5313799	4266267	6371981
159	PC 36:4 Isomer B	4001239	2531380	2214539	5710691	3831524	1778657	4497163	3299273	4552903	1847059	4561266	2677383	3225179	5410454	1957558	1738055	2134248	1722615	2150663	2384512	3512987	3719816	6816476	6558752	2419257	3459024	4149602	920927	3533147	612571	1851078	1244951	850648	1002370	656341	2169805	1366119	4515939	1171798	3784052	2348209	3618246	3074162	6049301	4005938	1698321	2045443	4209257	2699019	2469061	3728836	2285364	2800229	4030811	4895218	3749922	1715872	545495	3658847	2282508	5932177	4751529	4998217	4186334	5445862	3465215	3524346	3172132	5944947
160	PC 36:4 Isomer C 	7217	4770	3863	9021	6487	3205	6885	5460	5758	2979	7096	4274	5399	7920	4216	3535	3406	4713	3226	3961	4803	5390	9151	9722	3946	5260	6697	3669	6216	3093	3953	3839	3064	3489	3849	4369	4177	7686	4267	5145	4787	6355	6001	8615	5484	4731	4450	6963	4450	4120	5294	4864	3960	5298	6264	5209	3374	2596	5161	3674	8146	7440	7723	6313	7537	6581	5112	4569	7459
161	PC 36:5 Isomer A 	714287	167851	369564	225828	188264	278774	304194	186591	322978	325480	399598	211418	229478	541433	229753	285671	309704	92140	279234	215377	763797	184556	298294	1077638	230041	164557	325512	37731	198806	38163	153322	56064	56729	34583	72715	159926	118492	197828	43933	351388	79052	196725	163646	273909	205659	170731	108769	252897	358220	277228	637236	147212	499185	252664	263211	526828	182023	38404	260631	304419	416597	422504	178876	177762	238376	264514	373238	330230	199249
162	PC 36:5 Isomer B 	31930	14899	25164	51727	32828	19714	36603	24919	36049	27273	56827	27059	32417	52079	23078	18179	23030	27842	42707	25954	38063	34070	60610	31641	29100	25102	21527	7373	24609	5740	14499	9641	6852	11126	10484	18863	12328	42347	10722	14615	16516	19899	19678	63303	52034	22473	23796	38285	31106	22803	41258	25478	35255	27395	57553	22575	22022	9652	37010	22707	50141	28035	45918	65369	51956	63160	35279	34254	41842
163	PC 36:5 Isomer C 	734271	167851	336651	596961	413975	275447	2096300	383422	1173586	319605	541227	352797	665726	1093879	386133	347524	308581	353624	380841	557790	756823	531855	1100649	876921	314279	445576	674865	52725	364670	132965	267067	238500	273079	88709	69610	247170	407533	636508	176955	1875982	337255	787668	679270	940912	851553	271042	316512	1155293	439219	659886	721367	304624	526393	780021	736311	585465	310738	92148	576926	837986	1936876	857644	178876	515364	1344833	582185	815515	815332	1344994
164	PC 36:5 Isomer D 	25626950	10708306	19269743	34390285	22954786	13611326	25949352	18642573	27432368	16421629	39102807	22341411	20658033	38560796	13527820	12438991	17281164	13821125	30656353	19812989	28808379	26412818	44690965	23919758	20881156	17555497	20143884	3628240	17002325	2243044	10692369	6977978	3750868	4983572	3249555	14311567	6436256	28793125	4913911	10418445	11942527	15490721	13064453	44242626	35449596	13771234	16030998	26512435	22930498	15885972	29221476	13421496	23921287	20542243	37638229	20364737	13271735	2611931	28404563	18133649	35270778	20617563	34486376	44690741	35550902	43718614	23807660	23327977	37709594
165	PC 36:6 	625449	278263	633819	709714	486945	521680	927342	429147	983684	657103	1012468	515627	905495	1072482	562582	318703	577498	385669	811060	727360	978855	666631	1049233	767793	668221	494929	467416	76050	704272	90789	401521	57662	101465	59710	111978	315225	251819	629740	155976	1715708	287206	463021	421912	1442576	1014723	533740	434286	1009203	804596	1107818	1021897	350352	888874	771997	1493939	781402	440897	106053	885955	749652	1415423	834452	814730	949515	984432	1227410	771470	1297905	938093
166	PC 37:2 Isomer A	1207235	665499	598467	800944	512986	554366	1939089	815545	2564810	367609	746319	1149820	1042702	910320	498842	630872	855333	684495	498123	1285434	671730	834858	981701	1457043	572681	730073	1177010	302239	1337832	476713	898987	969978	624970	385278	248895	768350	731703	651185	427759	661877	771272	1529874	1322593	896202	1258685	527596	762173	1598145	564224	830151	891079	444442	640977	1398260	1073129	871492	461643	222149	781003	1046722	3112881	799813	944425	590268	1471036	383899	1655566	377526	1637254
167	PC 37:2 Isomer B	3562	2915	2321	3100	2092	2613	6151	2978	6589	1690	2795	4050	3568	2983	1976	2637	3134	2694	2213	3724	2242	3059	2758	3993	2244	3596	3455	1517	3971	2916	3212	3326	2558	1485	1390	2330	3380	2795	1741	2377	3522	5283	4114	2736	4756	2410	2901	5943	2146	2812	3059	2119	2174	4086	3574	3114	1970	1608	3182	3442	8144	3052	3295	2430	4706	1929	5051	1882	5008
168	PC 37:3 	1200461	532006	611199	492881	336608	487402	3899320	598352	4261766	346845	602444	1040023	1130377	810067	369676	395148	1244677	840726	332206	1773661	702231	824926	491115	2644503	386935	434256	1784979	107116	752138	552107	701104	877510	725769	459757	155647	556349	740258	301031	187209	182635	793859	1779756	1622890	842136	1340936	259489	691241	1690016	383448	919957	710073	275726	602119	2100672	868949	631713	290353	118303	665426	1499675	4553925	596069	1089963	344418	2031840	228252	1879143	149392	1720448
169	PC 37:4 	901703	504838	415548	1042031	704068	461224	3339171	560189	3099400	462482	892279	675256	1589676	1232590	495230	365093	791721	1013543	315973	1477268	322833	1018256	1525711	2118971	647021	337623	1722637	272544	870572	394229	488150	440804	406906	337456	85636	444981	1166538	690858	250333	977935	661506	2580184	2637563	1413063	1671588	261047	680656	2148117	565499	1148193	708926	539807	537232	2104538	1102523	1016249	528752	135629	679684	1258649	3422807	1037230	1878310	830881	3458730	591031	2171835	866591	3489315
170	PC 38:2 Isomer A	2068354	1127429	1195716	1328733	880376	1054713	942789	1740759	1276535	1161113	1241192	1758949	732477	1959693	792014	1323161	1131111	527918	1279382	956109	1650796	1352394	1372363	1458914	945295	1469469	1013542	440814	2601330	353266	1940912	1280174	470679	418600	418865	1727786	682741	1549454	718921	3724614	933398	1352642	1185243	1190268	1337384	925723	841005	1374868	929176	644189	2032741	866871	1710870	884617	1562444	1697638	928607	256470	1512717	811189	1699324	1874729	789064	976965	741192	796250	1421854	817271	1198241
171	PC 38:3 Isomer A	5287011	1894486	2836507	3438814	1960286	2312269	2112643	3400665	3089791	2121397	3440585	3868148	1579728	4287475	1769308	2875875	2967442	962566	2168816	1590789	3571524	1971318	2770354	3443682	2285388	1305134	2039538	726491	6425247	557985	4141414	1796147	723770	1052264	974546	4155496	1035760	2201643	911963	1458007	1509948	2421996	2223484	2124210	1542599	1247104	990217	2171900	2587124	1072991	4311293	1716572	3102173	2012561	2773131	3928960	1974204	540750	2270481	1268299	3233422	3057130	1678643	2119891	1541308	724922	2122609	1158799	1675357
172	PC 38:4 Isomer A 	3299435	786582	1739802	2440846	1477188	1358580	1625828	1989745	2260635	1308531	2413039	1937837	1378309	3592609	1072342	1643969	1761931	781151	1662020	1193892	2655644	1047624	3017444	2952796	1101558	247945	1169537	333992	2976482	316316	1485870	601912	143155	276665	420667	1595377	764648	1737766	206024	1906906	379776	1681714	1569880	1662545	710959	282045	0	1300379	1240272	629659	2625828	816553	1970048	1163102	1522544	2133414	921482	168405	302653	761083	2332290	1891231	1309132	1916825	1549601	3243658	1737712	1291076	1443662
173	PC 38:4 Isomer C 	2835148	2151560	1320191	3601841	2479387	1495761	2780130	2514330	3058885	1404405	2561405	1881842	2292997	3937646	1493155	1352926	1783259	1121836	1862508	1687880	1872053	2136011	4149745	4228157	1595265	1861920	3172212	1133984	2594278	770449	1784920	1413978	664852	886283	545866	1629374	1552412	3024185	1204348	5661114	2233310	3607666	3487822	2679940	1964698	239500	1130187	2821463	1229500	1353796	2064570	1445351	1386437	2343927	2645109	2467673	941686	338134	1256679	1235044	3327535	2988818	2478604	2386944	3207259	2412819	2468337	1715140	3117189
174	PC 38:5 Isomer A 	9965815	5680962	6778725	13026591	8715266	6068087	8292203	7835855	10789674	7816867	11161423	7168348	8505575	10285580	5245629	5233840	7268743	4195899	8541937	7220540	8409162	7978554	12874086	13319290	7252716	6378651	7432405	2148602	14054486	1441244	5843027	3037486	1760215	2195758	1393310	5108330	3629756	7911187	3101275	20752847	5704847	8829590	7986260	9752162	8476020	4435421	4125642	10000846	5471595	5945329	8449613	5830703	6697264	8832380	10365383	9302728	3913140	1154114	6815763	5841629	13993641	7248567	9320359	8572768	10881686	6402519	8446847	6271339	9699234
175	PC 38:5 Isomer B 	12219	9777	8840	18079	13028	9318	10549	11508	12223	9867	14867	9817	10922	12395	8155	7462	9635	8032	9988	9697	10906	10542	15344	16448	10143	7999	10804	7673	19817	4660	9872	6966	5220	7532	5333	7805	8549	10959	8344	23953	9392	12496	11779	12539	9983	7361	6026	13849	8005	7749	10822	9990	8309	10354	12199	11520	6864	4506	8857	6746	16175	9949	11671	11949	12043	10237	10357	9827	11863
176	PC 38:6 Isomer A 	34709479	18075720	25841169	49562347	34875838	21912931	26151849	27042011	24117459	27385005	43323822	29233755	26651355	45717600	19373761	19537859	24550842	14631021	37588808	27022717	35156917	30893584	43079333	31200642	26226855	18893113	22711329	8669576	29292048	3646871	17300286	16255015	6648802	9008544	5266054	19673730	10213809	30276167	12205097	16999138	22118357	24210920	20591106	37795711	35381487	15590313	17374932	26411527	21666770	15320637	29845606	20487526	25240698	20221161	39580915	33005006	16880360	2728910	24597235	16054012	32956241	22688454	25780506	40100546	30937330	34298855	21404856	24814983	29392542
177	PC 38:6 Isomer B	34302	15060	21013	59201	34760	19809	26565	25967	22073	26470	47287	25510	27129	45017	20987	16627	22518	20592	34800	22935	30198	27943	42882	29828	24681	16754	17309	9286	33544	6496	16731	12509	6602	12007	10721	17958	12278	29941	12424	14555	18487	21863	20589	35977	36446	14477	16407	25997	18029	14789	27230	24641	24591	18528	42601	26177	17014	6232	21539	12859	36972	20074	22981	42726	32427	34541	20664	24273	21679
178	PC 38:6 Isomer C 	3426003	842885	2535275	2761277	1051670	1851117	2313242	1518029	3327064	2560177	1913836	2042360	1680644	2770845	962924	1750760	2843586	1153707	1909904	1876868	3474596	1821674	1576439	2508428	1754897	881756	1439184	100844	3331830	366423	2214150	556893	246619	383296	412655	2117791	743898	1765644	322771	1117093	680157	1651513	1651633	1678934	1282466	630383	637843	1380264	1366907	1095040	2757611	840607	2109038	1655082	1783265	2294289	832996	239585	1053631	1268076	2191273	1573833	1350356	1360759	2357448	829484	1870304	674118	1081270
179	PC 38:7 	4526038	1514212	2984955	3996852	2541913	4027939	3227458	1923777	3749147	4759956	6941692	2430058	2884906	5075517	2192449	1775806	2954034	1531647	4533722	4339479	4637796	3106132	3463326	3916281	2530522	1843644	1537322	155432	1945600	254919	959924	857641	359886	643660	221051	1420705	848466	2479421	590509	432689	927837	1585403	1546942	5189394	3666091	1900685	1593542	3665121	3293502	3129605	5346356	1403873	3814378	2855966	5206893	3177027	2208543	133201	2984578	2410629	4330647	2770431	2491867	2487909	2910022	1658091	2102949	2806240	2067949
180	PC 38:8 	288178	60617	149871	229415	117837	81571	361922	72457	275710	173456	282028	60380	233731	217794	88947	48277	152731	76248	119884	163596	130387	199788	251581	207882	167634	30706	85399	13230	113024	16516	17741	24107	17894	9006	0	55160	62886	82227	21919	194190	46285	159919	133434	282324	233752	33468	61059	274798	126422	134197	136615	83806	78749	190738	211589	202733	64673	9380	126820	155735	435914	102578	198234	137881	347307	81291	207803	117271	165473
181	PC 39:5 Isomer B	1230746	535790	611877	1186854	773808	580038	2591867	830430	2996503	702904	1157626	824220	1799739	1470469	640210	428543	1104668	905163	553387	1553660	605444	1176734	1967894	2113357	875097	527929	1452563	272152	1416949	377340	406090	470469	360172	312419	71113	424681	1091548	903094	308378	2561966	790180	2374803	2457973	1336328	1826514	458002	747639	2396244	602845	1140308	827966	704189	555666	2163839	1366160	1220726	410139	173040	706693	1245065	4406300	907892	1889423	1131189	3113231	819123	2513754	693762	2995893
182	PC 39:6 	4186192	1158683	2503310	3692482	2243713	1948525	4375011	2473666	7134646	1934788	3945402	2835176	3500621	4312067	2864770	1830036	3667799	1954832	1690024	2495686	2320272	5562511	5517881	2919540	4012696	1951449	2644020	536660	3771124	751974	1178692	557796	390630	477319	260012	1109613	1582353	3072101	735102	3709402	1913508	3719686	3654754	5444088	4398104	1921958	2332334	4936195	3738460	3421363	3397565	2985558	2473141	5623238	6012196	5369799	3035766	641175	3558008	2492505	9117231	3834123	4871462	3603638	6459849	1803617	5024688	2911202	5287716
183	PC 40:3 	744124	246251	270350	293019	204136	315076	201179	439566	296123	348047	328596	353449	173292	677177	323998	326108	309392	110117	241936	163382	444063	333407	360965	473615	318211	167591	262886	51255	402586	60184	262439	133110	71102	62051	84734	276354	230341	243130	114301	670189	204475	334073	398624	310581	228108	136254	122276	277622	302308	171287	701074	261872	652037	238222	329773	538255	354485	66214	290520	208068	452659	615544	197517	265349	185376	167044	403566	321547	210564
184	PC 40:4 Isomer B	212719	107082	145537	139576	150680	146799	123628	359845	202419	185807	208621	109086	116900	452650	102835	87916	155974	85540	140763	81442	304378	99315	336129	169439	168407	97077	134646	143965	634719	52159	72508	59816	39691	23776	31951	94339	209318	130612	108751	2214152	108654	379791	354915	111900	100768	98386	66036	210789	163839	58848	381701	155032	338148	147047	175029	264857	170297	48116	57789	74453	114035	420422	167190	187606	185189	221477	304732	117102	220214
185	PC 40:4 Isomer C	903	731	731	1302	882	850	1357	977	879	1020	1064	837	989	1493	934	562	961	650	741	635	781	807	1457	1061	884	678	692	1068	1831	618	595	421	271	298	193	791	1345	853	579	6130	975	1737	1492	861	661	831	553	1131	965	458	1021	882	785	795	706	1190	912	441	735	645	1589	1017	1054	965	1074	1621	1425	801	962
186	PC 40:5 Isomer A 	2093096	1375497	1515978	2194031	1713687	1350914	1345991	1675625	2167918	1545480	1946824	1531237	1542340	2939511	1151335	1249620	1358992	959787	2027124	1210109	1735607	1482601	2966610	2015992	1817303	1204802	1550915	786566	3734561	556212	1314689	786501	365597	438773	344446	1102147	1431553	2277907	684113	16022117	1382729	2944137	3171580	1755355	1521418	901241	840610	2328722	910610	891993	1564734	1531877	1449185	1468574	1824137	1979214	922113	183634	1369308	1000550	2453840	2018488	1854149	2080010	1860868	1791743	2340166	1151127	2364368
187	PC 40:5 Isomer B 	2854	2252	1878	3166	1839	1642	1815	2975	2437	1722	2786	1881	2284	3397	1865	1673	1816	1469	1818	1920	2515	1999	3551	2385	1669	1822	1643	2001	5050	1166	1873	1347	936	865	932	1758	2286	2348	1646	16797	2487	3559	3696	2731	1692	1998	1197	2639	1639	1210	1861	1889	1573	1679	2349	2420	1075	948	1868	1314	2958	2456	2597	1960	2147	2183	3598	2015	2227
188	PC 40:6 Isomer A 	4475210	2053332	2417370	4509382	2760272	2091781	2942032	3422099	3439207	2731497	4527530	2990006	2713329	6884232	2194215	2030260	2592879	1525481	3777926	2321635	3587373	4207314	6301424	4092296	3107765	2552555	2065087	487169	5244247	580193	1520522	922042	615642	672209	358369	1464080	1401066	4340896	927767	8740894	1696799	3165100	2982828	4649173	4179191	1626618	1738962	3715889	1977263	1724627	3934846	2730316	3363195	2610086	4915745	4154185	2052858	396403	3628067	1711677	5462925	3971563	3280214	4971086	3844820	5859146	4129314	4393655	4839883
189	PC 40:6 Isomer B 	4644713	1418103	3092838	5153885	2984952	1873679	3300158	2778081	6293440	2309741	4586127	3701526	2730617	7282505	2316075	2137632	3161147	1947364	2901441	2825936	3918377	3229027	3707192	2331237	2528907	1423003	2255597	1323325	9992398	1267970	4211489	1252107	553773	877637	634907	3630059	2776285	6646011	1179794	18989589	2644912	6026007	6391274	3279564	2357054	1102322	1212179	2750802	2144645	1279251	2966400	1801908	1992095	2341885	3987097	4042625	2096966	387243	1956312	1126742	3239172	3506095	2294637	2603704	3474443	2814969	4066371	2311443	3509198
190	PC 40:7 	29339	13328	32549	41523	24514	21765	23471	22329	29595	24897	36174	26446	15901	27905	22360	20686	38152	18001	21439	18722	27817	35058	22981	39086	20935	18528	16417	5159	30137	6752	21659	8154	4931	7320	8539	17473	10363	25253	10487	21770	14548	14821	15579	32151	30631	23113	17488	28753	28290	19425	32567	29674	24896	28618	47350	35383	25358	12464	25390	18041	35928	28832	23192	22890	30200	10615	18480	12845	16795
191	PC 40:7 Isomer A 	4893258	1502255	3093718	7115931	3914250	2672325	3622329	3452999	3827736	2644635	6169923	4483321	3171737	7808018	2558994	2111497	2901585	1591656	4331499	2393972	2935508	6304086	6320500	2841851	4478324	1747085	2273104	774316	6000346	409531	2026888	1378755	461351	866289	443003	2222743	1359657	3844315	1020055	2570695	2525991	3689613	3356625	5728044	4564191	1539877	1421818	3452826	3837812	1530560	4271613	2902262	3935156	2252971	6248624	4872860	2583504	553772	4024156	1698464	5037804	3122914	4125629	7296189	6636621	2610706	2358073	2471795	3695719
192	PC 40:7 Isomer B 	23209626	7259499	26618357	30244969	20373503	16057088	18347674	16469513	25517150	22746094	26706287	22241746	11939102	25352537	17175211	14157009	29146630	10966080	17518615	15005057	23824011	29808549	18694805	29148291	19076489	11483244	13111572	1838621	20482341	2478648	15593689	3914856	1727377	2822938	2554753	12431505	5692631	19929521	4005335	16966800	8064521	11573797	11639196	26066906	23734403	11818009	11099343	20524052	21926347	14934693	25473494	20928653	18923021	25917484	36370515	30958855	18677773	3673897	17910005	14168414	28857547	23667185	19527071	19356295	26061063	6119037	15723154	7797463	14358254
193	PC 40:8 Isomer A	7575641	1729285	8492251	5597135	3672598	6982726	3933535	3149238	8455540	7739886	10501878	3429314	3347087	5897054	4289046	3625444	9568383	2496297	5377804	5915900	6127352	2996337	2092601	6678733	3658333	1010945	2233109	373291	5794923	407198	3551089	671037	374354	560895	820301	3052115	994261	1579342	540367	1073201	929462	1800531	1878359	4240947	2319258	1829532	1181847	2686919	6103849	4137395	6830462	2098203	4949084	6064306	4143845	6890925	4407074	1219556	2744032	3961969	6317403	3513826	2733691	1946736	3540350	1053990	1958012	1301699	1491748
194	PC 40:8 Isomer B	18661	6754	23409	17061	12812	21810	8795	10538	16900	24364	26528	10910	10712	14577	13452	13840	21787	10066	17077	14666	16256	8864	5663	14211	11397	3725	7291	3214	16619	2531	13015	3322	2208	3298	4937	11032	4081	5806	3287	2974	4185	6145	7095	12485	6522	8698	4826	9257	18612	11498	18139	8559	14293	13923	11766	14931	13820	7538	9016	10786	12201	10811	7865	6481	8113	4048	6163	4845	3844
195	PC 41:6|PC 19:0_22:6	481136	215602	305430	462149	328501	271036	373784	378599	630840	235815	363081	363048	358384	605397	359642	235071	400694	153972	214304	265523	287542	482075	677225	478962	380056	197853	289431	136811	409831	83884	185838	109072	66342	116628	44571	151103	256005	492694	109785	1126071	295932	470139	496951	483768	360902	261047	264932	480002	303442	237582	355490	436453	283511	546831	547193	572956	306679	89720	300460	243179	1011132	406894	456332	404366	557687	340225	624019	261942	636599
196	PC 42:5 	85143	33449	18759	63658	43424	24225	19190	61264	66382	46802	59507	67312	50218	152348	17260	53867	36858	17455	62203	42321	60721	63671	103782	176710	29694	15834	79848	27343	84478	13623	29371	48978	9138	0	15525	24186	25209	28146	29163	1216017	0	61300	89516	57457	38938	82064	40443	58926	42802	29351	144044	43603	87523	20204	48950	64831	43025	0	48877	23308	123416	79981	61944	81214	43273	89181	111407	42069	92428
197	PC 42:6 Isomer A	818575	350231	383379	345702	226673	455945	308253	455879	451535	375354	441301	479482	361814	1025922	374734	296996	467923	200433	599606	278682	588186	521741	538039	760468	336743	367367	317470	94082	417463	66342	199307	113727	99656	105100	52383	189049	259554	408523	130388	7436011	371648	559267	543597	342606	530286	381256	249529	726686	202247	229916	947912	285415	675485	380528	549561	513898	214044	56172	454083	240580	683906	521663	484006	518141	471889	534128	642688	262110	803236
198	PC 42:6 Isomer B	494963	239365	370918	384250	288787	366709	366772	461416	487427	436377	410131	479482	361814	687790	286830	344693	416535	197133	599606	368375	456743	456241	684834	775386	393955	367367	317470	99766	417463	72594	230814	125398	48734	92672	35256	155731	310337	408523	191348	7462779	371648	559267	539332	427065	491539	522461	213668	726686	255467	274162	481536	394040	429432	380528	549561	515041	168944	71511	518521	315627	763745	356868	484006	518141	471889	416973	614036	324160	803236
199	PC 42:7 	2116103	842053	1533382	1827556	1023292	1198041	1320211	1769158	2258817	1920767	1958158	1747039	950910	2769818	1003705	988342	1673185	645590	1446600	1121128	2045127	2536075	1840861	2340593	1136025	1087970	978102	152590	1236787	162917	828734	286783	72720	155534	128604	656858	611937	1727244	305744	9562295	644053	1258640	1319376	1937082	1828036	1150002	731367	2039302	1139857	864467	2189770	1551086	1593632	1369522	2633630	2661144	1362018	140926	1427028	905536	2239892	2767681	1305189	1396791	1754992	959071	1964718	838348	1715540
200	PC 42:9 	1016404	428632	573071	1601300	1018620	430707	996300	818046	1137641	629529	1369134	828368	922303	1341230	477408	421864	680712	511244	819362	610994	608121	967258	1950561	997062	738069	649497	624906	236283	1538522	207798	339575	243919	179800	226862	132610	315040	564522	822341	403770	2040246	732174	999461	1017750	1258023	711213	379238	402848	1010332	760235	488599	816611	629138	583611	645009	1173215	969580	476796	147878	652949	453399	1096015	810443	1071323	1489742	1334482	1142373	696106	835650	1080105
201	PC 44:12	3678242	1197657	3175121	5189970	3260272	1731725	4189173	4120474	6193710	3432531	5549889	5022412	1558461	3762874	1830158	1644477	3881274	2481795	2617374	2373985	2619366	8870930	4977781	1645302	3070349	3341970	1796507	276170	2902630	458238	1856952	369317	245476	537660	492782	1741298	1167904	5768784	718921	854487	1002354	2012965	2302299	5514418	2813841	1002470	1799074	2570386	2195101	1669283	3614446	1265585	1666555	1415839	6130258	4391318	1416949	236826	2347807	1634774	1315964	1987491	2377587	5574732	4137506	1165964	2150880	2291631	1679101
202	PC O-16:0_20:4 	2220	2098	1693	2703	1801	1741	8197	1930	6895	1594	2389	1595	3967	1768	1798	1541	2478	3122	918	3732	1243	3738	2184	9919	1941	1502	4538	1325	2539	2485	1510	1677	1666	1966	832	1451	2707	1415	1260	1881	2040	3564	4312	2728	4856	1514	2043	6194	1769	4039	1538	1784	1345	3685	2066	2285	1703	1348	2328	4806	6207	2173	3121	1488	5944	1242	3749	1923	5206
203	PC O-18:0_16:0 	844	1036	1175	1092	682	1152	1120	1575	984	784	1144	1778	804	1147	762	1478	1129	507	895	942	1044	946	954	938	807	727	1511	2257	6641	2711	2802	4817	2102	2195	1634	3219	940	1619	1821	1136	1525	1995	1545	1101	1045	1534	1267	1330	1402	830	1371	758	1018	884	712	1189	880	769	949	1032	1728	980	757	947	744	474	775	757	1363
204	PC O-18:1_20:4 	8959	4796	7258	9258	6874	6060	16238	7463	13107	8005	9738	9446	10172	9738	6672	6598	6764	6776	7053	9379	6255	9835	11795	17396	9279	4414	8847	4830	10385	4838	4662	4949	3589	4546	3374	5901	6323	8353	5184	3745	5914	8787	9253	8828	11174	5457	5639	12368	7527	6780	7678	8406	5728	8523	7840	9459	6594	3965	7768	7437	14030	4893	7848	9973	12130	6127	9129	9811	7195
205	PC O-29:0	131214	128801	122714	43581	33324	101024	203920	108835	125129	38857	80251	83489	138784	69041	33395	88641	149613	17108	107741	198662	43392	118569	69804	165322	41698	135700	233210	172092	286085	150973	134216	218492	215399	114827	17127	109826	55151	90537	77800	0	210806	228080	159939	145683	123345	102695	44392	105740	121887	104627	117349	32893	68057	139607	73728	134353	33554	20085	201335	245405	227263	88455	46673	55026	111550	49173	110874	157654	182361
206	PC O-30:0|PC O-14:0_16:0	755711	541163	644451	451495	347946	563478	501577	661522	357311	310525	546841	650133	414090	467257	100106	626008	591530	54103	502522	604663	319875	500537	333962	409508	140889	559893	610175	1030592	2756375	82858	968349	1266140	723865	537930	64602	849609	82453	805855	528231	510830	1012193	848840	586047	540848	639870	621856	367066	443542	510792	84548	788527	20229	0	456677	380788	851405	276372	90493	1036013	311619	713965	175721	53914	325613	269989	93006	218700	88269	469463
207	PC O-31:0	1339848	972973	800079	700933	521231	843264	742559	1103647	632710	459678	876988	722008	666824	778970	470263	805832	830762	242639	660260	782485	445613	610271	631622	1123459	438601	579205	865446	1525013	3792667	784911	1767000	1751754	1086607	1041727	382607	1217465	492170	762832	725318	692884	1742741	1193685	843055	708886	700749	1035112	481838	696188	748684	380322	1202601	275471	527057	758722	495753	1165758	421143	347183	1456368	634372	1410077	615618	321834	504826	395444	517073	690543	782790	629112
208	PC O-31:0|PC O-15:0_16:0	345388	233084	246511	205108	138931	234373	287534	320312	160086	101950	189908	330696	196548	246039	162160	249953	202311	50716	143675	149370	157930	224099	246033	50901	62898	401477	241679	227561	679397	207052	392739	365010	365407	129417	162658	226624	116399	253853	257954	895720	383027	364146	252252	248164	328242	220244	190129	307430	235341	130765	345766	65277	162659	207806	231388	304851	108150	54958	392524	229446	559784	127257	135932	156181	67217	138911	205288	166675	256237
209	PC O-32:0 	353729	210911	193755	164686	122853	214848	211354	251606	221482	127054	237545	156726	214934	187667	138478	194852	191023	48371	126327	200369	92349	172004	214328	260868	142223	97077	242960	367705	922640	230379	353163	206334	306013	192008	81630	262472	139515	235692	193606	145975	363264	315991	269246	178839	113705	271592	125436	218069	196082	109519	272868	83466	147101	245006	144663	297995	129256	125035	284007	187803	417001	95888	66030	151890	141853	135644	242475	199807	207735
210	PC O-32:2 	1343151	795512	687929	1073244	658169	654522	1058299	1080666	940676	713052	931469	997242	959692	1074194	719845	689313	616414	390098	835285	653884	827335	769663	1818192	1422663	574225	362706	1278919	681802	3035988	434351	1044002	791433	476866	570441	344246	1021012	440296	1332593	466988	539759	891219	1024661	957118	1010048	868929	692642	627022	1036249	866745	609362	1197588	379676	740372	796505	1188459	1049687	426104	195773	1007564	602973	1364634	604320	695216	1001323	626525	579077	778176	876961	670459
211	PC O-33:0 	266178	207429	212040	137381	111928	226418	177297	288043	150841	167981	188090	127336	189414	191490	135909	232602	193456	69995	131965	195177	136938	169872	243391	191841	140959	155086	244810	425918	1123909	277780	425314	491172	404622	257122	88540	302330	148161	227516	250239	208738	408094	296434	235678	117551	200078	321106	207980	178785	214649	139016	251971	91200	132502	189863	104459	287470	141794	118303	293056	184982	342911	113282	91051	108411	119219	129985	205136	148296	130531
212	PC O-33:6 	3032473	2656625	2772305	2817333	1780060	2066036	2600777	3728896	1789882	1609041	2277505	3535378	1655947	2654102	1137607	3015843	2100509	1056791	3052364	1735891	2649656	2299424	3620848	4794912	1075093	2515856	3062403	1328421	3959159	488750	1811976	2135174	1266978	768574	650532	1670651	649614	2658552	1788459	3636830	2715152	1689537	1146149	2233284	3386235	2545831	2387469	2156526	2552400	1466893	3038995	1307233	1783057	1141803	2675717	2917522	1100619	531369	3811442	1976234	2810268	1547520	1632472	2344034	1410117	1517665	1723615	1747261	2883747
213	PC O-34:0 Isomer A	1038459	689111	1118715	981050	623883	729947	1005526	1387582	890136	702971	813097	1312531	574004	1079044	645508	990447	864875	403906	781383	486306	678704	991691	1299811	911033	936099	565146	908146	850268	7223899	870755	3378424	1725910	758416	1297858	1187584	2984430	583633	1436466	656079	565114	1131199	1135078	1036633	698274	746916	551253	542661	760761	836556	443404	880027	614009	507222	485270	925551	1415460	548325	201953	985765	473886	893667	521663	404641	795858	487103	352100	674465	522113	425037
214	PC O-34:0 Isomer B	69190	65309	105986	36728	44799	59081	62473	81864	48930	49339	61271	85088	58176	75717	28177	130385	87435	34216	90207	60175	32262	57030	64626	32989	61915	43137	88459	225111	542030	190163	206605	426285	218540	120951	107571	235200	91008	124581	97368	52704	138170	125550	115461	43517	74895	92242	92576	57922	68880	26284	71569	32978	44831	41357	32917	102599	41672	26155	91584	67475	83673	53965	18784	76103	20452	21757	59895	38191	81696
215	PC O-34:1|PC O-16:0_18:1	7767424	5372050	8470918	7476570	4705785	5781937	7404980	10124478	6756402	5618356	5921471	9751518	4313296	8031062	4875471	7427807	6280386	2746231	6159621	3650244	5192875	7439388	9323254	6517368	7138362	4390280	6613359	6494219	47370802	6517322	23493687	12408728	5387250	9899600	8909935	20566715	4155782	10425589	4781830	3993122	8644665	8189402	7775549	5520006	5834228	4231131	4019401	5898709	6449739	3296803	6766019	5043813	3837605	3484272	6749235	10511365	4568081	1277935	7134868	3611230	6328550	3944283	2974726	6268994	3506617	2586319	5140820	3729317	3642974
216	PC O-34:2 	9160	3582	5179	9490	6693	3545	5682	12805	9148	4659	5427	8619	3934	6839	2929	7232	6418	3303	8687	4814	7157	5061	6630	11723	3046	3037	8360	3163	8712	3721	4527	3089	2415	3087	2463	6165	2755	2165	1753	2513	2585	3770	5095	5341	4253	2974	3662	7846	3334	3579	11356	3186	5371	4659	7111	8352	2019	1474	3820	2829	10732	4818	3301	2949	3998	1952	5087	2557	6524
217	PC O-36:1 	614085	334944	626098	445659	319156	422391	567424	808937	792329	468625	390830	781676	360922	643170	420411	602341	557604	255405	438707	379613	507108	434855	591885	611882	496585	259562	625618	851346	6286383	1351854	4773571	2505672	778785	1642969	1150726	2418209	603655	755996	406122	348479	462592	946048	938585	346688	407703	335318	327966	675856	481029	302417	573760	440363	368969	335816	445467	724269	366482	75705	400407	329360	542384	425179	271147	431500	287386	153894	416825	130338	291594
218	PC O-37:5 	0	571812	0	17882	29751	47800	3654647	15539	4697407	167180	60843	15406	1851603	18031	39336	16770	17774	545113	34881	1581258	113199	101874	102672	6385624	17971	13614	2277517	271662	247155	1109532	45273	676456	590038	593497	127502	139134	1016193	49926	159175	805109	107371	2200713	2365450	16327	731633	15404	14929	2763604	75754	986471	16005	0	14452	16047	38018	190644	65034	187828	16178	1623120	4677492	30550	368650	17984	2977363	303166	1946734	429797	464970
219	PC O-37:6 	940944	519368	757887	792111	395218	642590	897345	998742	1333516	794172	820208	882289	680888	915684	676816	596606	577249	212939	795200	621308	602556	886587	1308318	1136986	885486	277098	763822	135831	1718538	141829	1248055	254479	67580	73939	72916	848005	125500	889624	74413	2128612	434017	943034	1069921	915040	884973	297449	544477	1007195	640899	725963	1087607	711669	836522	826046	997518	903065	764895	21299	593104	662654	1014107	445249	771355	1106768	1090307	666504	718128	172576	799576
220	PC O-38:7 	3151	2040	1931	3051	2258	2092	2420	2682	3258	3454	2698	2442	2664	3497	2868	2444	2169	3121	2288	1785	2415	2954	3859	4416	1847	1717	3010	2269	7174	2336	2944	2585	1171	2323	2148	2764	2948	3136	1853	4516	1744	2273	3052	2385	2211	2487	1800	3666	1572	1811	2821	1974	2754	2410	2871	2258	1584	1963	1752	1806	2721	2305	2784	2975	3044	2391	3316	1008	2019
221	PC O-39:8 	488805	204024	368954	440198	313866	286005	925919	382707	790043	422690	519199	434864	560901	520550	259697	277177	394582	294918	328179	523150	340091	498344	623379	993587	453273	224046	543920	87222	426495	74460	230042	152215	57966	112305	45472	236990	106388	343318	56633	282806	207384	453531	487510	481068	647543	177791	237128	611094	332922	341333	404229	406194	304156	535817	433807	552388	275110	47785	394512	425785	843988	287516	439269	477439	748674	256305	517717	377948	471210
222	PC O-40:5 	4903	4345	4191	4316	2753	3711	3507	3941	3900	2782	3937	3280	3736	5919	3363	4522	3831	2533	3109	3009	4846	3184	3990	9231	3622	2131	4114	2031	5846	2490	3132	2349	2172	1995	2237	3220	2803	2354	2210	4393	3269	4334	4194	3456	3378	3218	2182	6595	2812	2264	3453	3880	3007	3892	3483	3909	2397	1704	3560	2815	4809	3028	4107	3057	3580	2622	3613	2485	4185
223	PC O-40:7 	4603	2276	3236	3807	2465	2299	2705	2592	4314	3509	2493	2886	2305	3682	2258	3593	4037	2673	3244	2041	4186	3968	3136	8521	2344	1085	2593	1361	6910	2488	4446	2266	1080	2156	1669	3761	2448	2906	1315	3771	2038	2978	3663	2487	4183	1957	2031	3880	2294	2880	4358	2783	3072	3678	3586	2477	2252	1314	1788	2888	3551	2975	2976	2801	4558	1385	3331	906	2243
224	PC O-42:7 or PC 42:7e 	1722070	536471	1404776	1089627	643809	1367330	1913731	933846	2740686	683675	968787	1238405	703664	1758104	731244	802274	1485530	601387	1068857	795786	1364381	1655824	1525869	3114803	1669044	443283	861746	263038	4678598	670888	2279597	819361	260896	643841	380403	1658867	639057	1371127	218160	831128	610430	1335265	1476728	1116359	1202244	592514	568569	1907834	905295	883231	1850829	947277	1082649	964048	1168235	1659629	1140306	159576	1162627	914740	1840645	1248705	1047664	1585217	1739466	290495	1508953	250054	1512547
225	PC P-32:1 or PC O-32:2 	639276	421670	433224	472536	256149	434251	628210	445698	515580	326615	404143	491570	471648	361298	394883	338086	505529	252626	323098	450955	351433	387878	612493	448913	362576	426930	488055	355552	1343725	278899	580713	432259	357031	330341	189901	473794	329721	571772	249393	264185	569792	653462	628148	555856	603215	401611	397714	592143	473730	357542	538368	199825	306221	694170	538326	491827	343752	182862	610996	474035	817257	283949	364134	357922	308149	296392	487998	476587	463223
226	PC P-34:0 or PC O-34:1 	25430	20197	30523	27468	18312	22989	25799	35780	20800	20790	22431	35470	16978	24716	18580	27619	24676	12338	26933	13731	17873	26424	29831	23790	23912	18378	19914	28096	151515	25350	73203	38266	21502	38206	36619	64447	17561	36585	21288	11046	33594	25537	24721	20594	21227	19725	16434	21471	24625	12833	24655	19865	15760	13155	24045	34092	18541	7899	26583	12948	20725	15029	11340	23670	12898	11953	18669	16009	12501
227	PC P-34:1 or PC O-34:2	11894	11436	10937	15386	10717	9003	13982	15817	15293	12024	12452	13416	11058	12980	9883	10816	11777	7781	10313	9337	8780	10590	15331	30879	9261	8071	16539	18767	79433	18075	32112	20594	12842	24995	20441	27376	11035	16635	10706	5220	12086	16852	16339	10528	11382	10418	8955	14451	11837	8067	11215	9413	7729	8669	15050	14113	7816	4691	11512	8775	15738	8046	9088	10284	9300	6344	10077	8057	6979
228	PC P-34:1 or PC O-34:2 	1615151	1124326	1291544	1081971	656246	1088050	1936243	1252253	2208589	1060365	1065559	1307495	1117685	998362	736382	1268931	1401774	647153	821593	1146520	835365	1295181	1297221	1567614	973164	696481	1542730	701598	6095015	1312011	3312325	2057851	984571	1894057	802173	2321093	1044224	1289905	566331	645334	1109554	2448478	2406851	1260849	1554521	666326	772047	1810063	984734	869943	1107719	479886	689495	1249754	1240384	1286760	829207	258125	1192309	993498	2120058	627140	963495	758186	1166378	371865	1293987	563929	967295
229	PC P-36:1 or PC O-36:2	1081674	1049255	951440	751207	554624	662405	1615969	1110077	2079876	788764	886612	1070005	1317321	1133878	710373	977017	1010061	507857	775931	824664	903552	933747	1168815	2113463	878887	561965	1384743	2951828	12871650	3531821	6577834	3665728	1553288	3393289	2217518	4015190	1468958	1613989	623529	729460	905935	2660592	2826246	759624	937545	644228	678129	1606240	936688	662953	988316	985950	871104	698182	1409096	1568997	736572	203829	698536	763236	1609499	1565880	778525	845836	786273	263876	1072849	379466	619960
230	PC P-36:1 or PC O-36:2 	2292	1432	2789	1310	1148	1464	1765	2170	2605	1708	1290	2187	1316	2217	1294	2443	1975	742	1360	1426	2192	1370	1481	2754	1500	1398	1507	1694	7228	2432	5568	2725	1951	2390	2474	3999	1328	2298	1231	1329	1452	1863	1804	1266	1594	1468	1235	1957	1914	1050	2219	1395	1465	1096	1501	1927	1199	784	1595	1206	2062	1554	1123	1678	975	890	1257	1019	975
231	PC P-36:2 or PC O-36:3 	109830	267819	120208	422316	255600	181655	452284	305547	623724	311393	249949	305098	289780	372710	286589	85157	227008	189752	106997	109894	335935	331031	505699	640701	312946	136884	434396	553125	5174742	849294	2449354	1094404	440982	867820	529039	1818361	389969	651185	240267	273911	329555	802031	818648	244270	229567	196680	176858	525687	198421	148434	269546	195150	205425	270170	441094	487256	212691	85196	119073	154473	616675	270569	253868	244210	323363	138114	374381	145008	161978
232	PC P-36:3 or PC O-36:4 	8023	8493	7122	9613	7641	5774	8939	12519	7429	5680	9280	6936	6097	7704	5341	6915	4862	4168	4981	5553	5051	7237	11016	16710	5003	7236	9971	2956	8623	2934	4997	3759	2698	3751	3863	4561	4803	5098	3828	4896	6397	5976	6365	9674	6898	5392	4891	10022	7597	5430	6655	7862	4974	5884	9145	8087	5381	3839	8635	5459	9418	5627	6033	6300	6307	5735	4966	7875	5726
233	PC P-38:3 or PC O-38:4	2914134	1863837	1935386	3056331	1937268	1510224	2595610	3905067	3513900	1411549	2840493	3058208	1864706	3332021	1606506	2200574	1363669	1035688	1218790	2052698	1544782	1604095	3331908	8213357	1686172	1021451	4602501	1186710	5374128	1104680	3771223	2104954	882440	1298578	1054172	2686419	1394240	1311952	768781	1637899	991660	2841607	2803517	2346062	1740775	990183	1080503	4222247	1841061	1571739	2233919	2269639	1292572	2142394	2329121	3239272	1055428	481488	1570026	1320557	3532051	1798019	1901324	1609449	1792529	591988	1415301	703288	1624193
234	PC P-38:3 or PC O-38:4 	7495	5888	5911	9200	5979	4950	6741	11078	8545	4801	9050	9135	6205	9193	5967	6734	4393	3996	4261	6200	4345	4557	8528	18700	5062	3812	10848	4599	12364	3932	9251	6319	3324	4603	3989	6820	4881	3796	3060	3644	3307	7604	7764	7456	5473	4327	3978	13223	6007	5388	6122	7178	4263	7573	6748	8500	3928	2842	5279	4043	9704	5659	6087	5457	5059	2233	4262	2943	4671
235	PC P-38:4 or PC O-38:5 Isomer A 	4848755	2269691	3288422	4750682	3375292	1954382	5294446	3400784	6226174	3376515	4687230	3711896	4336621	8109633	2530175	3207428	2710749	1856439	4622132	3307831	4240929	4116772	5867748	10021842	3367360	1455929	3664821	1380460	6259286	1271609	3327218	1926061	752515	1420160	182690	2829131	2295673	2983440	630020	6415015	1365875	5255267	5511643	3614070	3906629	1320091	1429322	7360866	2654091	2439710	4507277	2603332	2780763	3045975	4073822	5268102	2125650	499366	2778308	2262020	6912290	2766417	4808730	3857124	5399596	1898775	2595442	2171325	3693057
236	PC P-38:4 or PC O-38:5 Isomer B 	2007393	1339096	1014828	2104353	1086849	828656	2302382	2079051	3114723	1102961	2272212	1847060	1988810	2259139	1096746	1105078	1010497	832910	971711	1477410	1261043	1815886	2366746	7142617	1269122	731479	2798877	898779	3548700	1040017	1758278	1019026	422992	1035512	623189	1525656	1310149	1185897	407627	1646960	737050	2725419	2853240	1846784	1557819	654681	781210	3272849	1525076	1277937	1457954	1319558	1650702	1551653	1922887	2419380	844541	344866	980007	1063869	4067424	1586693	1901109	1436861	2045807	606094	1709517	787427	1306393
237	PC P-38:4 or PC O-38:5 Isomer C	3629	4049	1973	3365	2863	1755	4931	3597	5654	2204	4604	2660	4832	3836	2462	3141	1944	3159	2196	3645	2408	2839	4369	14066	2697	2683	6500	2724	7016	3037	4302	2981	2299	3272	2225	3093	4271	2613	1786	3134	2105	5839	6453	4757	3138	2132	2144	8023	3886	3043	3156	3277	3115	3079	3536	4805	1758	1954	2344	2648	8531	3941	4747	2974	4065	1575	3318	2698	2629
238	PC P-38:5 or PC O-38:6 	23597	11997	19290	21916	14960	14576	18814	19488	20650	20333	18024	18172	13333	21591	15325	18671	18560	14127	15927	10802	19627	21267	21851	35409	18067	9103	11790	6606	35222	8831	16450	7712	3226	10308	8409	15912	9625	22989	6324	13720	11949	15112	14730	19998	17571	12020	10274	21117	16167	12486	24234	18630	16255	14593	22756	17861	17258	6539	17988	10989	16863	16022	13922	19991	17744	6500	16835	7760	14045
239	PC P-38:5 or PC O-38:6 Isomer A 	16848777	5678313	11676582	12806759	7986532	8186986	11878735	11765809	14665768	13122762	11271454	10847891	7205062	14955464	7895336	10525177	11263646	5256337	9504106	6285555	13616337	13431513	15268680	22972420	10364623	4966451	7532109	1720332	19872786	2302202	8832569	2709088	835514	2752601	2038935	9283385	3761263	11686275	1755251	10116270	4918945	7866999	8319986	12457032	10374511	4762120	4753612	10914600	8834898	6959691	16476938	9658143	10053012	9574836	15216814	12821471	8447216	1314684	10556322	6601302	12339103	9101071	8326968	12157980	11058332	3706457	9771544	4135254	9954223
240	PC P-40:4 or PC O-40:5 	1824511	1197657	1092912	1283064	847258	1089424	1456386	1365970	1831747	749639	1234081	1256003	1042564	2196032	787840	1180797	807001	579155	953558	970549	1288304	976276	1619664	4217356	1300641	504029	1709329	330366	2566409	559758	1307746	829782	354841	480111	427078	973009	838546	878365	444410	1857610	764684	1848301	1650164	1123267	1016118	614154	555931	2210055	868233	724794	1305455	1135032	891823	1055515	1114184	1355139	672891	208685	1002834	791815	2117183	938517	1442411	1096798	1268762	681885	1232187	444045	1452647
241	PC P-40:5 or PC O-40:6 	8256285	3300632	6020771	5775313	3659269	3800003	7181975	6006326	13502415	5576828	5763963	7200226	3705265	8847349	4082734	5767286	6299781	2875714	4603050	4643056	7987781	5249820	6726063	30452845	4784601	1910014	5845837	1404863	17440557	3161387	12356364	3869074	919561	2473954	1776218	7311514	3160156	4551189	922499	4140345	1909059	6546033	6765701	4987761	4784436	2149537	2315905	7839550	4217930	3920110	7908768	4482756	4726036	5428998	6654433	6754888	3566682	754070	3502345	3721462	7511969	5840346	4872752	5655125	6838271	1149387	4946276	1104168	5153524
242	PC P-40:6 or PC O-40:7 Isomer A 	3179137	1016639	1763843	2034592	1284526	1258134	1923432	1655025	3674922	2303799	1578449	1725115	627103	2566745	1020965	2284424	2489603	1003208	1590461	1207762	2934310	1726624	2544983	6062520	1377087	444318	1516328	653969	4323926	592882	2593598	741830	266321	565038	338036	1944661	704037	1660430	283260	2883178	532490	1602908	1686320	1548573	1983025	753250	589265	2234780	1272869	1238364	3039660	1358911	1861437	1826491	2377100	1811303	1152393	236164	476979	1350027	2179118	1538377	1359963	1822675	2680812	547915	1900632	517054	1028026
243	PC P-40:6 or PC O-40:7 Isomer B 	2801617	2029947	1463289	1758009	1189432	1105839	4188752	1594356	8086126	1508759	2374438	2240564	2433839	5000599	1635887	1694352	2260849	1278848	1620881	2181583	2674733	2702717	3148651	9802305	1636822	1052454	2910749	783332	8292745	2254894	4554624	2018807	638010	1403318	755599	3100920	2065059	2187771	333590	4290310	945717	4822063	4927344	2449422	2521492	1044831	1200488	4518570	1851195	1974037	2804176	1291509	2524903	2111468	2778293	3039546	1258107	375987	1605193	1767721	5522237	4247855	3083486	2496302	4263210	608325	3564352	892979	2568360
244	PC P-40:7 or PC O-40:8 	1161612	414102	384531	985440	611103	529200	1024031	749697	2033439	811264	1000652	792046	738377	1149284	636758	504334	928612	460614	552520	543849	919050	865993	1328662	2382459	646109	89900	684401	368587	2867322	494722	1287928	456922	168378	373029	202822	1142314	444027	725638	174415	3760942	320829	938546	1011736	871649	893598	506874	386813	1244779	674205	663391	1159176	486430	751727	1152817	1321886	1020038	204303	101749	399996	591913	1557247	907743	526664	902881	1391348	68300	1175417	38022	821872
245	PC P-42:5 or PC O-42:6	408476	273647	206013	268980	179951	289115	414167	192247	452521	211112	295448	365596	310841	550848	319422	173871	406681	237081	225394	247598	250490	304161	387544	576807	338498	121050	386856	147494	659111	202106	700214	269068	104416	243162	118188	393893	353747	213911	83162	523134	246653	514254	601503	336390	270724	117825	192420	691733	170925	299643	395955	261106	213831	300586	342283	275863	126911	39839	188584	325648	383612	324013	432099	321637	464344	205379	404405	87932	446169
246	PC-O 16:0_18:1 	689265	371420	611199	626032	339082	384426	655730	831144	625802	375888	516900	740495	346790	698631	306578	507456	445534	176725	432574	293334	325651	522898	807850	629473	481563	277912	556445	374173	4295863	343749	1970817	944342	318196	593137	468243	1690642	284581	775229	272347	345569	526758	638842	606678	464302	443596	268841	266670	539053	449352	206625	544710	337263	295898	304452	554238	861869	275019	90603	501040	270347	630394	295247	288640	444815	272234	190953	382763	247441	303075
247	PC-p 18:0_22:6 	416201	281517	249220	358016	270991	245003	455289	412952	659772	258582	374523	384616	313723	496014	268527	301715	283261	258271	248566	280531	357490	369904	450373	1029249	296519	151460	498089	231383	764938	317996	557394	332705	149913	253249	172073	431160	406805	325626	107245	473090	212175	492196	501427	331241	290636	205390	184520	512697	274246	249410	373548	267141	300986	341505	357770	439264	244622	156928	269132	295065	586061	384668	340977	322016	512730	150547	387183	214308	344422
248	PE 16:0_16::1 	5955	6746	5394	4261	3675	4681	11173	6689	4436	2565	5042	10592	5327	4629	2970	5427	7731	3170	7349	6752	5019	4188	8241	4114	3494	39739	9095	2170	8308	2234	4000	9057	5296	1665	1759	2675	2858	6753	5611	3153	11729	7431	3161	8557	8459	8151	11841	5398	6637	4787	7315	1156	4751	2574	8388	5431	2034	2165	6299	6772	3711	3573	2023	6823	2609	4990	5022	7549	5041
249	PE 16:1_18:1 	11098	4899	8625	6132	5174	6321	11440	8782	7581	5541	6528	12579	4982	6498	3241	6893	8310	3813	8071	7251	8373	4799	8570	4937	3644	47738	5646	2047	8205	2630	6292	7606	4029	1592	2577	5313	2353	5487	4997	2749	8240	4507	3232	8475	8244	7749	9949	8105	8578	5126	11002	2197	6518	4420	9726	7995	2819	2339	10603	6272	9338	5531	4150	5246	2939	2536	5784	4148	5009
250	PE 18:0_22:3 	8526	7231	6177	5682	3144	6602	6212	7405	5094	4648	7318	5576	5892	6333	3855	6469	5583	2965	5143	6603	4608	3828	4588	2892	2608	4372	7370	5155	22514	3633	6579	8376	5224	4862	3041	6215	2002	3472	3195	4992	8071	3486	3517	5165	4763	6028	4486	6314	6886	3624	8668	4430	4083	3974	6517	6724	3230	2499	6249	4261	6667	5020	4537	2311	3203	3646	4471	3309	4753
251	PE 34:0 	1164	1535	1102	914	837	832	1064	1761	979	770	1862	1530	956	952	1021	1143	1068	991	1568	1200	1518	784	857	958	921	1740	1072	1067	5282	797	1586	3503	1754	1281	752	2429	1087	1362	1894	1141	914	1298	1067	1124	1676	933	732	935	723	920	941	323	1096	573	1279	911	397	377	1162	778	1193	707	1060	850	637	680	902	873	591
252	PE 34:1 	13729	10161	13150	14217	7769	9144	12692	15573	10569	8488	12463	19301	9096	8471	4498	10726	12802	5818	13604	11517	9190	8489	7987	5979	6839	24129	9310	8827	53460	8655	28169	37901	15188	7664	6731	22204	5723	17000	15071	8517	13209	15678	7545	9793	10637	8648	6495	7714	5082	5043	12695	2620	5398	4559	10203	8663	3288	2681	9797	6053	8266	4488	4429	6635	4555	4894	6215	4737	5826
253	PE 36:1 	5358	3323	4831	5865	3756	4396	3977	6269	4422	5128	5202	5987	3308	3581	2159	4180	4206	2699	5361	4092	4564	3783	3946	2881	3211	6728	3436	4980	17751	3740	13243	11419	5379	4818	4073	10449	3139	6100	4140	3140	3622	6187	4549	3231	4096	3390	2543	3882	2475	2386	4586	3466	2925	2402	4600	4604	1986	1098	3669	2133	3773	3153	2375	3268	2792	1621	3866	1759	2777
254	PE 36:2 	19848	10960	16128	17928	10218	13916	17946	21664	12231	12493	15076	31022	9648	11262	6223	17493	18793	5893	14685	13189	12009	12248	11211	8640	8452	58348	10428	6319	42759	5530	28615	20859	10303	5495	5860	20989	4781	11542	11343	5606	13217	13132	7116	11191	17675	14234	14701	12334	12228	6704	18542	4830	9464	7936	20088	15761	6157	4306	19665	10451	14285	10078	6581	8412	5677	3285	8196	4245	8733
255	PE 36:3 	23335	5169	15210	6912	4289	11677	5341	9918	12931	15563	10722	11150	4467	7992	3665	13137	16921	2706	7947	6590	13429	3678	3396	9949	3760	3564	5159	2805	14642	1703	13963	4717	2746	2008	2666	12298	1731	2819	2285	2152	4402	2875	2587	4308	3338	3885	3107	3599	9455	3638	17149	2628	14253	4391	4308	7590	3881	2797	5778	5722	6006	5367	2679	1847	3369	1471	5468	2234	3556
256	PE 36:4 	21027	12782	12427	20921	12192	11785	35119	21183	51664	13635	25574	15802	17411	15719	10972	10996	16635	10859	9522	15911	12976	18578	17212	21610	14665	17845	19384	4737	25853	5985	13430	8065	5093	7602	5538	11990	6711	13820	6980	19226	9781	13455	13149	28326	23355	15069	14670	26130	18034	20537	20910	11656	16170	25693	25774	18859	9594	6535	21940	20217	40744	14151	18008	12850	24252	4668	14950	8065	17145
257	PE 36:5|PE 16:0_20:5	7361411	2554689	7059369	6209033	3958842	4760706	8448095	5932618	8096878	6301765	9219946	7054699	4544832	6003697	3355664	4878548	5717107	2655046	8048894	5122675	7959041	7984038	6864721	3807688	6579511	5883648	5196521	863008	7847123	761024	4393648	2036870	848650	1282368	905036	4640705	1386595	6628855	1343861	4061039	3209228	3905446	3246759	12084410	10606044	5861966	5902441	8084164	9540638	7274082	11493983	3891697	8651459	7708812	11882157	7112061	5585355	1028638	11508977	8028899	10093915	4047753	7809982	7274797	6647096	2419355	5325991	2593534	7023888
258	PE 37:5|PE 17:0_20:5	44028	9349	27958	42994	25559	26512	113270	22966	130611	33091	63742	33202	61087	33198	22616	16374	44253	37788	22584	51219	24112	43519	49414	33673	35677	15569	27569	8027	44298	13286	17199	9684	8793	12815	6936	15038	20538	24296	6686	9319	22122	37445	43377	59115	79408	19566	31300	77397	32087	47619	37793	24691	30786	78137	53020	39882	25404	8246	40230	46695	140938	20121	52103	36396	99637	7498	62325	15084	50155
259	PE 38:2 	4852	3359	3632	3840	2722	3779	3334	4905	2880	4065	3154	5781	2942	3528	1992	4511	4039	2104	4690	3005	3274	3459	3014	2668	2743	8750	2303	2299	6890	2027	5059	4214	2033	1647	1578	3892	2034	3202	2434	6372	3872	3055	2675	3252	3730	4369	2561	3924	3650	1972	5520	1850	3827	1822	3724	3727	2237	1367	4435	2367	3722	3203	1649	2972	2037	1257	3261	1568	2304
260	PE 38:4 	4121425	1236479	2401929	3571913	2395218	2379449	3178850	3162932	4408556	3041087	4221870	2035724	2977932	3470047	2594316	1841071	2514175	1607374	1444618	1962151	1991944	2768643	3569486	1886922	2867054	1550490	2228341	1262563	3749486	888297	2104321	949206	491619	1156553	780037	2096320	1820703	2380372	876120	1468731	1792876	2898611	3021991	3693693	2344307	1565459	1531772	3996084	2431576	2334719	3043585	2763549	2702899	5339209	3921082	4329914	1866235	714783	2433290	1950550	4678400	3494277	2869049	2385240	3230891	432514	2639792	363531	2504467
261	PE 38:4|PE 18:0_20:4	81775	20960	40215	83313	43259	43943	68385	63488	88700	55177	91917	38095	57631	62332	39516	28135	50800	28934	24176	31934	30403	50199	68006	37513	47319	25146	39207	21126	92899	13111	42536	14034	8618	17903	10887	39737	26232	44031	14140	21118	28659	57779	57807	75438	48582	24512	24069	85621	41037	36359	59503	45468	43991	99107	80807	80386	25966	12359	46132	26571	110435	62563	51613	42714	66574	5953	45924	8207	34863
262	PE 38:5 	547640	86287	350238	608233	329367	323844	511334	361728	586403	396739	601046	357681	400001	521487	274403	196253	383857	254856	358587	306693	301036	419427	645399	149640	426209	189382	174175	82284	555868	69418	259598	80499	36953	96082	71410	272187	195022	371886	69595	75898	178523	368621	428380	557213	459773	182869	208893	625034	298470	286921	548830	367496	401489	457173	565563	501565	257155	60072	336122	227722	718436	312110	411888	513735	613999	44707	472847	47705	321686
263	PE 38:6 	4061136	1228987	4128118	4866755	3203655	3060728	3829940	3123042	4363314	3837863	4919054	4451146	2502854	3149318	2488430	2365442	3709584	1946409	4146809	2973314	3059978	4664408	3928971	0	4304302	3634754	1753096	0	3921195	428659	2352223	400649	318672	335925	385812	2081265	1093641	3114254	717792	2563545	1257392	2139285	2203972	4928923	4258525	2042166	2113927	2830750	2779308	3059440	4727662	2264200	3164406	3282374	5449820	3533357	3182431	567677	3017071	2880953	4148272	2293814	3178911	3994121	4016603	3256250	3016230	3169519	2473519
264	PE 38:6 Isomer B 	366841	83886	259714	464927	257881	241318	293223	260606	296556	320270	429921	327277	220179	325112	186340	190259	301466	151918	281858	201193	222507	278457	302438	181826	257363	152803	134172	27033	212884	24905	139548	53355	22472	42333	37785	127214	78310	194065	40969	37995	92747	172315	181101	357776	365487	198435	190469	344812	266816	206995	337753	259100	283991	260841	441883	312378	189838	54841	287660	181108	408509	189881	251197	266527	314199	53414	217264	65210	179817
265	PE 38:7|PE 18:2_20:5 Isomer A	3578209	787944	2226120	2034966	1448949	2394274	1217354	1353407	2210822	3598509	3778056	1241604	1899557	2484580	1677551	1113717	2383458	923139	2514033	2157612	2025404	936123	1146357	1704758	1503936	429150	624052	0	1305423	95455	767203	265942	181133	355468	292764	808640	381687	523387	167077	0	63481	712133	791094	1491054	907359	792403	508142	1051624	1944169	1577653	2246784	740057	2180045	1811830	1462966	1648503	1420738	421123	1097366	1595729	1782493	1007720	1015975	836749	926007	363098	820468	475997	602906
266	PE 38:7|PE 18:2_20:5 Isomer B	68322	20778	49104	47514	32693	58824	27793	36937	46979	78027	79394	31614	41508	50122	30502	30202	55222	21503	55365	46232	44933	22337	15702	21754	28137	11972	32860	2523	24217	3797	27528	8780	4605	6180	8069	19056	7733	8489	3021	4268	5753	11912	12693	28243	19757	20861	17078	25718	46705	34255	50800	16257	46343	30404	29319	30819	26191	12925	25088	34506	31312	20452	18326	13584	19066	7741	19233	13516	7947
267	PE 40:10|PE 20:5_20:5	34640	11477	21496	54400	33893	15541	35439	22917	39364	21749	49279	29819	38656	54530	21592	15049	20160	26217	33400	22225	21476	29217	51358	4021	27775	16659	15176	13571	31282	7818	16565	11939	7674	14303	10069	25847	26084	35707	12777	5705	24867	37861	48774	25417	19669	10200	14210	29506	12893	10280	19298	8802	12763	9337	20041	27403	6504	2557	14554	10369	14001	11898	16879	46832	34382	28611	29666	19386	17770
268	PE 40:6|PE 18:1_22:5	51141	10938	35478	55006	29690	32748	40538	35459	45651	34547	48049	33850	30022	47241	23709	23123	38161	18172	35863	27955	28059	56783	54293	18001	47449	21709	16313	5820	46568	4204	20465	8154	3979	6258	6230	19839	14145	46411	7260	18935	15277	28182	30972	55429	50664	24121	22232	61780	29069	26371	52970	36386	48619	29026	59391	52611	28601	6606	50580	24472	69216	34200	37119	47856	48371	7729	45047	9531	27386
269	PE 40:7|PE 18:1_22:6	53131	17646	61849	80621	42701	45555	51423	55420	55619	44223	66621	69026	29540	45806	31119	34370	64773	22255	49507	35307	34070	67312	53812	25890	47422	64179	32384	4950	37961	4537	25322	6536	3874	5330	5923	18776	9562	25624	9618	16457	17175	19562	18473	93709	79871	45427	53116	74743	68894	47872	80244	47218	54573	66945	105932	62538	51871	14130	72970	45507	82288	61470	53889	49549	49937	37355	34807	49237	43432
270	PE O-16:1_18:1 	243115	293776	179872	243335	199120	202337	254742	331505	179357	161038	192047	326251	147840	227209	155015	308902	190462	95701	215234	184650	212240	177549	292006	261510	149383	308692	314197	641327	2436818	420355	725372	1429193	625446	542613	412855	922415	192664	536991	468964	243819	281474	341062	260225	167912	199634	239683	171408	209848	221452	139892	239409	103015	155212	129323	220213	222278	82623	54958	282910	151281	204667	149259	159089	151259	85673	128631	173284	118788	110981
271	PE O-16:1_18:2 	2769	2009	1885	1554	1208	1366	1793	2345	1490	1681	1951	2493	1541	1553	950	2260	2070	866	1439	1357	2136	1369	1256	1270	959	1936	2309	1624	8342	1714	3243	4169	2280	1649	1543	2838	1083	1677	1938	1647	2038	1809	1587	1293	1618	1722	1855	1472	1607	1068	1795	617	1125	1015	1444	1596	661	889	2170	1115	2008	1038	1283	1232	786	686	1362	978	1231
272	PE O-16:1_22:6 	2061020	1856270	1502636	2455355	1545348	1286771	1934608	2069049	1838656	1437454	2004513	1998098	1456174	1701102	999370	1416884	1692269	1058962	1868827	1313601	1506602	1663867	3055437	4738397	1113702	1097293	1915923	634565	3025362	427353	1304661	1141089	643150	555672	390019	1266578	641878	1590467	815724	3225339	1236688	1430486	1208041	1756800	2616426	1369330	1507048	1818723	1625279	1277791	1975003	922798	1203279	1336918	2203285	1829766	768864	345307	1833262	1531297	2233941	1054252	1331500	1895054	1933696	1165485	1660291	1047513	1640665
273	PE O-18:1_22:6 	43988	27599	26837	47310	28309	20424	59388	48501	76321	26356	44345	41557	29551	37944	15713	26438	38118	19057	28063	38185	46969	31907	60940	256362	18414	21798	55905	15583	211511	21001	99455	30878	7865	21052	16048	56732	20905	47797	8567	206041	14266	48718	51678	38465	37857	17844	18646	43009	22733	19449	48129	20276	22906	23528	36873	47779	14696	4314	23320	21291	53783	28652	33263	40733	50690	15004	32640	15072	44167
274	PE O-18:2_18:2 	165977	97850	146417	153443	72695	72026	171919	182602	133180	57151	133877	130418	88018	132662	92078	133579	43219	85627	42749	92823	70230	109491	141670	168048	51456	100998	149875	57429	241117	26406	63429	120188	138015	60070	57692	129755	66254	109570	36595	354630	155452	141773	74200	142857	98041	56482	110586	129084	62644	43953	174423	75051	73219	113568	141140	188900	56104	38404	102827	129606	185250	36943	63234	105698	101012	84319	89614	67698	93343
275	PE O-18:2_22:6 	125784	39730	79710	87376	82245	37531	155840	69838	115000	39391	76402	112997	105169	71210	75059	75284	36234	92661	84260	99438	118130	119057	108749	813241	90626	83832	90594	0	58734	49454	19106	56551	47972	10537	32051	18572	58063	106621	39041	3787543	37901	114457	108468	92371	145287	149550	210982	163536	60731	83599	123751	104120	100206	42305	118305	90270	88396	11919	122090	88111	138950	71879	103096	141667	283457	68380	93576	85572	224124
276	PE O-22:6_16:1 	24570	12774	17028	25473	15979	13147	20656	28967	21080	16141	20432	19562	11833	18117	7409	15454	19178	8818	17160	14808	24501	14260	26180	77483	8536	12249	23340	7947	54187	5288	19933	9806	5858	6821	5580	18037	5497	21651	6144	97499	9710	11883	12325	15735	19437	12148	9837	16672	11590	8337	24834	9126	10836	9740	20555	18491	6407	3038	14792	9461	18360	11528	12166	16591	14938	9493	13319	9581	19530
277	PE O-36:1 	1805	1743	2613	1977	1950	2004	2378	2480	1747	1624	1859	2566	1548	2104	1840	2198	1843	1766	2661	1586	1834	2170	2125	1844	1771	1441	2255	2103	8337	1892	4249	4274	1899	2291	2824	3976	1579	2246	1812	1225	2761	2115	1912	1916	1537	1756	1446	1759	1934	1397	1967	1598	1470	993	1992	2646	1658	896	2187	1407	1924	1364	1342	1640	1440	1401	1606	2338	1108
278	PE O-36:3 	3515	2665	2774	3560	2021	2207	3744	2652	3121	2085	2758	2102	1683	3572	2242	2558	2457	1271	2762	1726	4018	2181	3434	4577	1942	1593	4951	947	2923	935	2108	2564	822	722	502	2034	902	2793	1411	2989	1204	1655	1604	4099	2591	1498	1533	2763	3059	2012	4249	1920	3693	2823	2871	5064	2250	881	3750	1991	5248	3388	1682	2563	3089	761	2757	2214	1977
279	PE O-36:4 Isomer B	4532	4007	4287	5302	2800	4364	5641	5967	4242	3634	4667	3735	3066	3578	2649	4376	3125	1834	2708	3661	3165	3477	4223	6860	2838	3022	6471	3153	7629	1559	3236	2931	2197	1945	1918	3253	1712	3493	2068	7677	3266	3365	3059	4541	3910	2814	2277	3778	3910	2378	4946	2952	2820	3256	3595	5132	2122	1562	3452	2475	5742	3129	2227	2967	3123	2812	2877	2957	2882
280	PE O-38:2 	1755	2017	789	1078	952	805	2200	3114	1093	966	822	969	1444	2404	606	1145	933	698	647	1223	1723	771	890	2463	807	1497	1917	512	2981	613	2677	2351	824	425	484	1152	874	1304	943	1749	1130	1465	1438	1662	1358	745	1020	2398	672	760	1076	496	1127	1230	1201	1029	471	471	974	866	945	1705	2212	978	1384	1190	1025	892	1819
281	PE O-38:6 Isomer B 	257693	176449	199668	297420	148144	159798	408349	283454	325055	130165	314422	309227	203536	240420	91539	171297	235013	112581	244288	234571	191351	209508	393222	898762	106823	189058	309029	88640	767165	69677	354865	231166	89709	101884	66282	246109	102956	252091	96613	191028	185140	298472	251875	250118	362108	143578	177916	321386	171934	143647	264345	127335	164709	105272	228604	292475	76755	28321	220185	171792	365911	156871	183310	240472	281573	115630	202787	105010	222180
282	PE O-38:7 	45354	40729	30688	64336	33336	29396	46493	46416	40049	31941	52007	46818	33411	38071	18721	30103	38236	22007	41917	28588	30465	34918	69713	122742	22822	22941	40518	14724	86507	10254	32198	25684	14455	13598	9063	31315	12650	35222	18285	58299	27986	31792	26940	38025	60429	28227	31340	47071	32786	24785	45235	19747	23611	25960	45326	36740	14657	7733	37164	27172	49471	21732	26127	40695	42783	22766	35214	20218	30268
283	PE O-40:5 Isomer B 	3065	5649	1517	3146	2361	1537	3423	2026	2678	1638	2831	2115	3729	6993	2142	1443	1226	2081	2058	1900	3448	1108	4032	7500	1655	2360	3260	1447	1904	1269	1378	1068	717	819	740	823	1945	1969	1880	11544	2682	4526	3436	2971	3298	2754	1699	3692	1740	2055	1988	1884	1633	3176	3226	1695	1153	968	1878	1607	2882	2479	6409	3434	2734	5913	2989	2252	6151
284	PE O-40:6 Isomer B 	22384	13011	13926	21166	13301	13230	23215	23703	30673	15758	20258	21410	16158	19929	12130	13200	16445	10677	17317	19314	16023	19012	30714	33749	17135	9014	15761	5250	54726	6149	27003	9114	4932	6969	6360	20167	11796	19648	4969	49505	9822	22934	23119	21966	20511	10054	10296	26218	12616	12276	24414	13525	14358	14409	21334	20936	12475	4261	16435	12075	24595	15167	18887	22992	23886	13569	15659	8738	18470
285	PE O-40:8 	10313	5407	5098	11306	6249	4709	7845	9393	10863	6832	8150	6860	5778	7261	3441	5511	7548	3802	5972	4952	10407	6182	12190	28133	4053	3572	8515	3435	26485	2989	11086	4672	1409	3377	2535	9397	2981	8825	1802	80233	2722	6423	6461	6771	8199	6755	3951	7846	4671	3868	9650	3650	4057	5626	9357	7405	2393	1617	4519	4291	8976	4539	5894	7277	9414	2903	7373	3409	6544
286	PE P-34:1 or PE O-34:2 	8083	9904	5690	9252	5755	6091	10062	12358	5437	4374	6114	12170	5397	6477	3140	8930	5191	2926	7092	4614	5332	5325	9014	9417	3348	9475	9773	18669	106616	12607	28050	48081	16987	16230	11580	30793	4958	16386	13997	7284	11956	10902	7358	4791	7599	7115	5245	7435	7570	3054	7801	3117	3567	3131	6942	7490	2122	2579	9244	3971	7454	3656	3649	6067	3078	3180	4158	3891	3464
287	PE P-36:1 or PE O-36:2	5889	4699	3624	4560	3484	3027	6665	11187	5274	3779	3383	5908	3815	4213	2789	4669	4772	1936	3580	4071	5262	2866	4259	6104	2913	5819	4909	9347	60817	12001	28059	28990	11200	14756	8904	19584	4180	7815	6740	4153	5423	9077	7511	2573	4500	3865	3418	7392	3102	2385	5120	2153	2702	2183	3639	4261	1542	1402	3627	2750	3487	2890	3230	3456	2651	1873	3086	1992	2267
288	PE P-36:4 or PE O-36:5 	843654	791198	561897	817381	498213	544603	837244	1035536	667719	379694	649868	756138	457584	635581	374974	844599	400320	184975	360705	558999	406377	592297	681294	1100949	354293	518236	1081150	477075	1068701	147241	474147	601078	578235	264507	233370	529880	211593	557029	445633	1302223	546949	555356	424989	631021	577214	493303	482628	693301	715165	438440	766543	368541	447202	456532	631549	732448	295765	152403	659187	493706	933915	478996	413746	407016	408288	208566	340014	321800	583771
289	PE P-36:5 or PE O-36:6 	72565	63561	69683	78084	40519	55263	71995	92424	43382	37955	66377	93880	40790	62607	25163	70004	57789	23537	71741	43974	56827	54607	93232	136568	24562	61996	68649	34579	129893	11533	51165	55189	29802	17972	15967	43848	16036	67988	42606	73690	69389	42953	28483	59468	82579	58567	58886	60468	58312	35667	76569	29188	42613	25626	59233	68839	23133	12785	88065	41624	69031	35545	38542	55405	36572	34349	43755	37032	56123
290	PE P-38:4 or PE O-38:5 Isomer A	1625227	1715209	1042120	1474198	1027965	1063824	1651872	1821372	1608499	677066	1501406	1439571	1120566	1311331	782461	1318515	916201	658442	736280	1330672	818741	1111235	1550124	3378986	730768	1008355	2703870	985413	3516966	763171	1871667	1695204	1239946	943921	620585	1595933	870399	1119351	895123	2646259	1136247	1720892	1434697	1442388	1224504	923156	980659	1873947	1334805	976249	1466470	837887	936580	1067185	1419968	1648022	626258	331623	1148437	999808	2023524	1220161	1125309	944971	971712	524086	819325	647140	1246410
291	PE P-38:4 or PE O-38:5 Isomer B	49544	47666	28279	54232	28278	29155	58175	60467	50821	18223	51869	47923	34901	36088	19910	39236	27160	18399	22174	37720	19696	31696	47308	128994	16342	27657	74751	26328	152440	17201	64929	52894	28978	24044	16489	50113	19844	30178	22669	70131	31365	51806	42002	45737	38845	27045	25942	63365	38644	24693	46058	19111	25794	28301	41997	51067	15268	10453	33717	22805	67982	32056	29942	24680	27385	12016	22260	15838	28397
292	PE P-38:5 or PE O-38:6 	861343	797479	518554	894370	579909	499985	766389	846267	737010	492126	771929	638045	547249	562602	443451	631307	471416	349195	478669	489151	490977	618680	983339	1284076	479597	418199	890568	428074	1329235	105159	496101	476096	403004	96274	69510	557213	289405	591340	200286	2589482	461309	614027	569683	699844	653250	401703	403243	682570	654363	394048	1383426	377041	395661	587386	840345	897593	487801	150858	576309	412721	877377	457291	454755	622640	578388	257819	477558	580875	623870
293	PE P-40:5 or PE O-40:6 	334696	285376	240416	249171	236499	149764	393079	266550	522488	226000	277484	285189	262133	259448	172917	263311	253139	144680	204329	314388	384681	215143	421469	1326048	210315	210728	397461	160234	1029094	213303	554131	232247	102417	209480	167065	401976	99836	360340	59738	1424506	127818	363953	381490	269200	288924	187144	114377	306049	152855	185233	347699	176961	257998	260906	236307	393016	131872	26596	188516	257876	398995	250425	314521	321764	416831	104722	335899	163387	435520
294	PE-O 18:1_22:6 	176613	1271971	800417	0	921602	229238	1566413	1538748	2824573	1046544	462633	1025920	320858	1103351	209523	1024277	1182936	786188	1234836	1612412	2194463	42651	1076500	8190580	0	120310	2354162	0	6028940	1008199	3296601	854167	139252	977694	717238	2380017	905528	2100317	75354	8695671	164179	1814253	1819894	62041	438079	263982	498426	1704763	58534	738886	1775093	889990	1183150	90519	0	0	0	98880	312525	814084	61884	580980	1454814	1640306	2002596	661005	798902	180585	2350309
295	PEtOH 16:0_16:1 	3500	16353	2116	4052	4693	1627	22292	3202	5854	2731	3182	4091	11074	1478	1357	2273	4863	7762	1426	9238	4563	5170	1866	12954	2268	2440	93914	1034	1289	2964	3093	1165	1081	1042	1268	1439	1240	1413	644	2635	1533	1992	2284	1451	2803	1278	3763	5172	2063	1473	2991	596	933	5548	3176	3062	791	807	1412	4205	1569	1029	634	1484	7535	2066	16728	12669	1173
296	PEtOH 16:0_18:1 	2239	8502	2555	3359	3097	1847	5910	2427	3146	2603	2010	2404	3804	968	1478	1636	3070	2911	1532	3169	2909	2936	1914	30816	2092	1183	30528	1603	929	1982	3210	903	824	992	960	1443	972	1581	936	3477	1852	1436	1246	1438	1393	780	2252	1929	1016	803	3173	853	1146	2062	6066	11410	1049	559	1090	1696	1767	1250	1643	1340	2597	1705	7255	7540	1016
297	PEtOH 16:0_20:4 	1241	2034	1362	1959	1838	1216	3344	1694	3190	1506	1309	1504	2106	973	1399	1695	1562	2012	1388	1548	1238	1793	1605	14855	1610	1391	16781	2149	1390	3607	2745	1735	1539	1680	1832	1315	1766	1403	1791	2496	1342	1900	2070	1473	1650	1660	1748	1638	1611	1493	2179	1576	1442	3597	3882	4341	1140	2097	1249	1766	2700	1709	1628	1654	2510	1277	2708	1754	1825
298	PEtOH 16:1_16:1 	1094	1842	796	1177	1614	1022	3365	992	1491	986	861	1014	2004	666	630	1107	1161	1149	624	1475	1170	1139	637	1637	832	833	6846	400	465	621	958	572	781	480	658	527	644	640	456	1493	673	903	591	767	1025	588	1078	1699	719	651	1247	421	587	1275	1239	935	541	421	874	1087	554	477	570	708	1531	716	3604	2220	631
299	PEtOH 16:1_18:1 	2345	8371	2714	3122	3335	2216	9184	2697	4102	1944	2185	3545	5404	1055	1575	2154	3695	3701	1617	3469	3502	3267	2504	14307	1476	1736	27250	1658	1516	2610	4211	2025	2513	2163	1411	1788	1743	1352	1083	2095	2053	2438	2157	1430	2261	2055	3390	3255	1727	1977	3208	1386	1373	4827	5129	5731	2061	1210	1702	2911	1267	1889	1497	1407	3043	1613	7730	4576	1874
300	PEtOH 18:1_18:1 	1356	2581	1506	1471	1306	866	2575	1344	2263	1228	961	1433	2305	597	1092	885	1519	1079	852	1559	1251	1323	1337	14005	903	696	7270	1357	1370	1056	1649	1050	779	1030	682	699	656	1000	729	1956	1369	1103	712	817	1146	844	1424	1396	867	680	2410	550	529	1325	4790	5908	769	335	1001	955	1673	1073	820	720	1080	1138	3079	1602	775
301	PEtOH 18:1_20:4 	3433	4040	4005	5371	3649	2864	8080	2789	13918	3628	2714	2432	4714	1661	3182	2675	5404	2986	2839	3851	1968	5800	7989	42068	2919	1494	11455	1994	2659	1989	3312	1253	1210	1374	1358	1887	1963	2495	1534	5138	3725	3869	3723	5688	3411	1610	3260	6403	3063	2883	10063	3631	2986	8340	26218	51778	2620	686	2892	2954	4750	4418	2151	4389	5244	3456	4687	3175	3426
302	PG 36:2 	134571	7546	44628	134852	58288	52275	80359	75098	123628	51528	120726	69007	27972	100347	30067	32392	94497	34083	60172	21425	49994	78853	119495	28543	66550	20332	28122	5684	196272	7746	57436	15374	3399	12803	9694	56454	15065	56027	4236	4831	15820	42894	50764	104957	69343	18853	29265	37890	62178	27946	101670	69656	62009	54041	130539	105032	59557	6800	69764	38434	116451	53883	77117	105889	113772	4518	80931	4912	46239
303	PG 38:7 	749	230	405	796	366	424	724	588	799	661	933	542	571	711	379	423	526	313	615	414	597	607	1150	336	656	388	670	330	1065	201	918	626	193	362	266	556	549	1683	647	3448	567	766	1022	960	585	476	382	654	522	503	766	396	640	410	681	990	388	218	533	488	878	294	309	646	516	314	595	341	392
304	PG 44:12 	682	265	620	1105	843	486	1108	614	1153	375	546	787	422	958	635	325	964	500	509	478	848	852	924	794	865	231	331	111	590	72	153	89	198	177	90	185	902	1384	381	553	585	981	1112	667	576	513	291	451	399	526	468	460	301	358	683	798	242	112	369	273	696	411	297	506	875	158	817	335	258
305	PI 18:0_20:2 	1299	796	792	1789	1074	679	1820	3572	2462	501	1675	2719	710	1398	1124	1004	667	1273	1417	910	1266	1766	3037	1683	878	1237	807	236	3221	306	1514	800	255	303	436	1182	1156	1503	381	804	536	3408	2770	2277	1078	645	632	1116	835	535	1956	696	1119	1018	1572	1321	1034	252	1292	849	3052	1900	933	1318	1426	680	3447	968	1715
306	PI 18:0_20:4 	142578	72952	80861	139416	95438	85115	63633	124195	110689	46936	141041	87873	91585	104932	76344	57425	50141	54885	42935	37271	46984	97183	135963	91376	67040	82426	138488	43317	223680	31445	140684	72182	52636	83036	29246	131236	40589	80619	32268	111477	44317	107788	83781	110141	61197	65285	40127	22403	50101	49575	78877	94005	46232	89643	118548	155402	22370	8939	58954	42089	110857	95740	76211	102417	93218	21917	76202	39118	86771
307	PI 18:1_22:4 	3415	1826	1600	3087	1908	1914	2768	3255	3146	1846	3149	2629	1978	2703	1275	1832	1708	1186	1881	2014	2509	1746	3509	6714	1455	1865	3613	1122	5959	714	2516	1728	1204	784	1032	1707	1062	1866	1102	12558	1709	2443	1964	3231	2734	1762	1614	2013	1586	1070	3320	1425	1988	1983	3174	3502	1548	343	2840	1271	5030	2046	1862	2280	2068	946	2650	1481	3904
308	PI 18:1_22:6 	6821	4701	4494	6856	3878	4178	4991	6147	6073	3119	6631	6458	3301	6749	3092	4102	4867	2726	5287	3132	4456	3658	8221	11432	4005	3686	4609	1997	9407	1639	5315	3571	1340	3057	2165	5226	3533	5439	2442	14300	4193	5585	5020	5163	4256	3708	2330	3570	5496	2987	7074	3610	4972	3611	4545	7161	4136	1751	5643	2756	5748	5532	4531	6832	3574	3438	4393	4228	5987
309	PI 34:1 Isomer A 	3396	1845	1921	3134	1847	2278	2803	3552	1723	2070	2609	3654	2262	2800	1574	2281	2079	1318	3129	2131	2046	2803	3364	6310	1649	2565	2243	1806	5738	910	2099	2110	1300	1627	1705	3085	1431	1988	2094	4778	2223	2082	2176	3147	3237	2754	2300	901	2389	1852	2917	1980	2415	1512	4231	3602	1778	1423	3875	1783	5022	2837	2338	3971	2800	2852	2780	2000	3400
310	PI 34:2 	151870	38292	138561	159118	113646	160033	179880	58525	237844	148953	151039	138772	57764	136656	64543	82253	184475	50195	147144	98869	78260	147754	142198	9143	75113	108101	145178	15582	145868	28926	81348	46060	60060	22695	34755	29369	34765	82294	55034	40068	96847	169473	132175	185809	81426	64460	86731	45308	95100	72574	114631	82786	100206	104012	128569	116612	15063	12029	83358	102586	181064	42890	117578	110178	155571	82486	111865	82031	96255
311	PI 36:3 Isomer B 	1455	802	1057	1234	939	1063	1329	1483	1749	707	1745	1680	815	1172	800	1250	1093	769	1288	744	1880	1124	1314	4537	1257	1847	1409	548	3859	472	1666	1293	279	405	698	1478	826	803	525	2240	742	1382	1290	1900	1247	776	691	994	1377	612	1581	760	1065	792	1730	1865	1012	321	1822	935	1869	1213	1073	1659	1059	881	1328	1983	1706
312	PI 36:5 	36473	15085	34699	30827	18233	35909	36671	30075	44611	41401	43427	32461	25793	25293	19832	21975	37490	16170	40402	29176	44016	27347	30999	60446	29092	31387	24369	5742	76369	7436	35424	13559	7892	8690	10760	26860	9478	22808	9255	263601	18240	18066	17223	34500	34834	25224	19471	15919	27120	22699	42381	13791	27396	26077	37627	31005	20439	6072	33663	21862	38762	17896	23562	27569	26436	47018	27659	56955	25783
313	PI 38:4 	99402	36061	34574	150072	55508	41335	105225	82788	76039	42471	137812	63081	67762	72953	33634	29690	44404	23837	34869	43343	37238	62053	126693	78224	43143	32486	87045	24591	238349	18274	89315	46681	19880	27576	19665	74568	19887	56491	17860	44134	26509	64902	63122	114689	80872	20761	27903	29525	34281	34958	76017	27112	34450	51602	102563	80437	21618	8573	51233	29368	123585	37331	46539	74843	81625	25181	47633	26842	47826
314	PI 38:5	274223	54277	160355	302015	131764	155947	293361	209330	268736	156337	333157	234888	180801	236766	97917	100197	190734	86916	192647	140568	144467	207090	335236	64968	157007	114103	106040	45084	511049	40723	243723	106527	37288	67621	44357	190392	72460	200865	44543	78717	90868	202381	173066	248992	220727	71921	85235	81031	119994	92981	248889	89507	109003	126251	246120	246661	82904	26687	156709	88775	289426	104445	125243	228118	217988	100750	175809	93959	125335
315	PI 38:5 	469437	268198	430379	425582	320805	355789	419914	439268	435744	344842	423016	467572	379308	426060	327611	307668	428322	291010	416775	409060	388062	457643	494180	173235	424211	299295	366859	254022	640419	158251	521912	428299	201787	233796	122795	511061	255732	468033	216278	294611	317749	447632	407855	448917	397493	302125	294474	270342	318040	300227	428689	280231	329079	389354	460103	487376	254544	56613	350639	321491	380032	326392	330939	449485	398125	334647	404252	343298	421709
316	PMeOH 16:0_18:1 	31688	128332	16153	61909	66636	15222	53693	37578	12122	39446	29857	34924	41532	5556	9444	25699	41161	28300	11890	29296	59642	26204	7556	23461	14255	12158	291159	8882	2550	8716	83521	4733	3336	6727	7945	18220	3173	11023	1680	21918	5219	4845	3847	6469	11982	5799	21283	13959	7852	3385	26083	3209	2343	12636	14671	5941	1929	2659	5143	11478	1990	2085	1156	10773	14119	9059	55864	61824	1731
317	PMeOH 16:0_18:2 	13895	23186	4648	10378	10560	4275	12399	10335	5027	12475	6978	9179	12012	2603	1957	9835	9789	5275	3685	6013	18189	5142	3016	7394	2612	8360	48047	1135	995	1030	9409	1104	1218	1188	1029	2976	1121	2422	659	3350	2006	1173	1250	2441	4182	2541	10801	5385	4274	1594	11069	992	1559	4768	6258	2064	1004	1107	2594	4519	922	941	401	3839	3040	2123	14842	13554	837
318	PMeOH 36:4 	1529	7050	969	6587	4678	1031	3039	5550	2068	2267	2528	2276	4231	1203	757	4299	1778	2181	743	1065	2779	4081	1883	9170	1072	590	19362	1330	306	2276	5513	379	694	1216	1136	1028	894	2159	183	2533	815	533	1554	1305	1626	774	1569	4679	912	1128	1279	669	507	4178	3423	529	524	520	431	1436	512	282	334	778	2034	1653	3566	5073	463
319	PS 16:0_22:4 	42734	23384	12369	46819	17931	22634	30940	44371	16821	13181	45569	31972	20576	29500	11121	21405	15697	7709	12894	16680	14403	18963	29121	47276	11211	11593	37415	12263	82548	6702	30199	21333	13047	7853	7034	24326	8141	18476	11141	17889	18812	26862	23856	28086	23975	14048	11438	3392	19893	11947	30956	10483	15131	18083	26926	30221	6587	5649	24499	10022	51396	16153	14762	17247	15970	6061	16935	8439	17374
320	PS 18:0_22:6 	10105	3873	5725	15841	5802	6962	10214	10404	9460	5472	14770	12497	5732	9744	3666	4422	7868	3261	7539	7336	6088	6376	11594	8630	4290	5693	7877	1846	23651	1997	9081	3494	2066	2193	2994	6695	2479	7355	2555	7153	3794	5258	6146	11498	8342	4308	3754	1439	3927	3925	10259	3215	4897	4884	13228	8955	2978	1973	7076	3640	13150	7282	6270	7716	9427	9349	8483	9553	7889
321	PS 34:1 	3071	1822	2847	3145	2102	3531	3668	4249	2468	1845	3143	4505	2735	2638	1195	3702	3872	1188	3166	2472	2556	2370	3376	8316	1186	5033	2147	2839	27262	2432	9051	8125	3866	4111	3080	8753	1511	2565	1922	1390	3335	3148	1881	2325	4270	3825	2655	1691	2869	2892	3803	1587	2462	2000	3773	5191	1722	1361	4717	3736	3885	2927	2160	2300	2212	1589	2001	1674	2806
322	PS 36:1 	1962	1183	1463	2058	1830	1879	6540	2360	2171	1585	2048	2357	2484	1534	1419	1781	1759	2847	2170	1373	2552	2161	3308	2902	2128	1487	1363	2810	28635	2386	12022	5461	2244	3547	2642	8002	1990	1585	1120	1789	1522	2062	2280	1236	1773	2351	1212	3305	976	1309	1935	1876	1338	3303	1705	4182	1980	1491	3845	1666	5595	1419	2195	1328	4541	778	3698	1188	1395
323	PS 36:2 	4415	1613	3049	3431	1950	2805	3290	4467	2877	2521	4070	5699	2425	2338	1150	4599	4007	1571	3125	1851	4546	2222	2479	6423	1440	4210	2646	2491	27479	1878	12107	4933	2434	2445	2391	11510	1347	2341	1766	1369	2572	2681	1903	3056	2926	2635	2432	1588	3918	1892	4242	1492	2165	1794	3549	4601	1582	1384	3969	1899	5253	1875	1773	1968	1631	1671	1646	1463	2019
324	PS 38:5|PS 18:0_20:5	49634	37726	25027	51974	23826	37232	54810	65130	21615	17519	48287	63541	28680	44186	16069	38547	32067	15499	35402	33447	37134	23570	49154	85045	12020	34791	52688	25215	80296	12354	39265	40351	21844	15707	13876	25842	16848	26763	32081	45009	42650	37135	28682	30518	50358	40478	28493	3842	28768	18414	50065	15358	22742	17299	33001	49999	13782	13808	58222	26473	60691	25689	20063	28280	19213	26144	30136	25850	40245
325	PS 40:5 	8028	3064	2410	7390	3320	3831	4602	5680	5909	3123	7212	4844	3446	6219	2359	3775	3942	2084	3536	3227	3264	3791	5811	8366	2357	2170	4250	1299	19217	1738	4991	2980	2303	1552	1617	4385	1936	2892	1706	4856	2840	4561	4680	4565	4196	2595	2072	1175	2851	2654	5534	2761	3425	3676	6010	5827	1920	1429	5076	2133	12713	3127	3615	4565	4772	1810	3930	2166	4700
326	Phosphatidylethanolamine alkenyl 16:0-20:4 	24735	22278	15322	24904	13768	15422	27276	34331	20084	10739	22552	21640	14224	18485	9132	23338	11913	7458	10954	14914	10815	16958	19860	44017	8295	13721	30287	11636	38973	5186	15057	18382	14316	6664	6253	16452	6338	16128	12276	32926	14904	18839	13062	18921	19142	12562	13523	22783	19439	11632	22397	9524	11437	12474	19491	20341	6284	5187	19183	13112	31127	11535	11478	11883	12596	5391	10959	8947	13484
327	Phosphatidylethanolamine alkenyl 18:0-18:2 	3687	2381	2154	2436	1804	2138	2860	3739	2445	2829	1977	2851	1753	1828	1478	2970	2837	1269	1685	2149	3367	1641	1995	2291	1233	1994	2999	2440	15998	2439	7417	6348	2727	3747	2873	6488	1215	2490	2837	2098	2176	2839	1807	2286	2219	1760	2161	2691	2046	1255	2471	1309	1591	1581	2140	2769	1565	999	2086	1681	2340	1872	1510	1794	1450	815	1563	1634	1438
328	SM 29:2;2O/8:0 	381494	114196	244818	307368	227841	94733	499837	379730	628087	81988	235139	435397	292662	335850	142010	196666	238421	214415	179114	615119	236895	245851	353989	660217	158789	152274	832781	128677	682440	189603	371913	464495	87568	161028	138420	389142	255459	204262	87396	501936	171109	519192	518771	225558	221069	90775	158691	527632	52652	181144	333687	99955	194734	293146	347082	417373	51143	51537	113795	232935	744479	152381	265196	173408	418390	107352	435419	132278	682938
329	SM 35:1;2O 	307435	170651	107273	205911	108699	127563	332293	216657	245739	113234	229098	202885	221863	218993	83328	136338	199692	54277	120008	169001	104253	160123	242810	150725	96172	150499	395966	117015	456683	57105	267720	202652	103844	63312	25741	228599	90917	131483	80152	296606	206699	265271	191969	185244	206927	162478	108532	274547	173973	155005	255051	110069	160078	210870	206306	236772	133225	36970	211686	161971	402223	114620	145539	144002	144098	129348	183571	154197	178784
330	SM 37:4;3O 	215406	131450	146823	204359	92346	94154	251843	158310	201121	138938	188518	123603	161355	223614	134384	104032	128596	91011	106378	130592	134966	194183	177444	232744	102279	113059	172862	59683	252178	21088	87282	73849	25795	55387	26742	61762	85183	117879	40546	75648	129187	160945	170779	222418	182956	94993	86020	205330	108565	96376	156787	81681	148576	184319	152983	201470	83705	29576	179193	169913	285314	116701	133853	133463	161682	140107	201097	204023	222211
331	SM 41:3;3O 	60233	88769	96641	14456	27209	43895	53932	87163	51059	59688	33897	16117	27990	45590	59887	118406	58062	57577	64558	112383	555713	38995	37042	105117	36082	55716	179622	76050	34052	78846	38509	43490	65200	76011	32652	55098	64616	67015	72532	54533	77341	62454	17833	52559	44772	51714	83571	83086	107005	51985	85098	39098	54121	40117	37046	34761	273847	88727	57446	81653	19014	85333	50759	31173	17895	43275	198202	115753	98917
332	SM d30:1 	65663	67276	102465	29446	52357	59804	102804	84603	41658	49072	56780	94451	49051	61567	59646	89730	99846	18150	87357	95099	70301	55507	34506	78865	57072	179503	96003	59487	169729	44508	121637	129080	61203	32242	22135	94463	24208	57164	73284	82132	143475	80280	44548	48603	77051	100861	78674	75242	105234	55343	76461	22439	35098	31802	80591	72890	45100	45798	103375	91081	73686	50992	40077	47327	39220	64236	60733	82958	52246
333	SM d31:1 	63704	68412	108763	21523	14360	92997	223321	80792	156243	50474	71376	117915	110657	61909	46882	79785	133274	77116	51237	144889	22753	62758	46501	60686	43944	124010	196133	93592	162870	116169	114339	264691	140204	83936	21734	81999	66982	8980	94075	34831	139710	94194	109587	72088	111105	59875	92734	136301	94817	62134	68368	23544	54269	85048	91644	66094	49069	40832	125311	198640	161242	86077	137581	39376	98331	89579	95405	83464	119965
334	SM d32:0 	480520	324425	470539	243710	158444	420439	381165	534469	204289	165711	219314	440078	258634	426516	143455	504988	388034	63135	337906	301585	188572	256453	263048	149869	85713	868141	384010	857716	2175463	434165	1138879	1697010	770790	456065	419666	822338	247996	364495	563321	1193240	673655	555613	290296	281256	510881	497521	340367	367297	429864	209473	518437	158857	191932	211891	359107	517146	233257	72284	488701	328840	863557	270271	258672	238972	120529	452837	250705	279140	293009
335	SM d32:0 Isomer B 	7335	6155	6672	4294	3866	6354	4637	8575	2743	3473	3693	7225	4109	6607	2783	8468	6221	1871	5448	4092	3353	5196	4513	3380	2197	12272	6455	17415	31012	8665	20769	28133	16194	8593	8396	15618	4128	7443	10352	13968	11225	8174	5001	4233	7943	8998	5353	6385	6821	2761	7248	3197	3722	3357	4877	6100	3685	2125	8930	4383	8532	3928	3798	3671	1737	7130	3948	5003	3573
336	SM d32:1 Isomer A	5338568	5256719	7152827	3574697	2440154	5670211	7524338	6256741	3902741	2910895	4511918	8441120	4111190	4548634	2360790	6020070	6013277	1665385	5206249	5348224	2778564	4014898	4271916	4348886	2633082	10220655	6590230	5957461	16041189	3405669	7326821	11322870	8111857	4034518	2273707	5616183	2512726	4125376	6275458	5770180	10618745	6472485	3243122	3927917	5670233	6977584	5095717	5607783	7008080	2925681	5254917	2577324	2706586	2701552	5078020	6770705	2967755	1470508	7138158	6497676	7489676	3875080	3166507	3387699	2291853	5432848	3385582	5547311	4187311
337	SM d32:1 Isomer B	47819	68296	73321	38139	29387	69738	69727	76240	34027	30686	41767	88436	47751	43229	24886	73813	63159	22707	55280	58172	28904	42595	38600	18354	26981	124868	74475	87045	152534	50313	94878	161607	112155	58924	37974	65866	33632	44247	89099	53750	139794	75102	35054	39341	60997	91700	59923	70526	73750	33381	53517	32845	31076	26420	49538	57695	31295	22782	83494	62562	62239	44794	35842	33792	22293	64713	39198	58618	39299
338	SM d32:2 	839	891	1088	999	701	1292	1567	1097	822	797	748	1410	705	628	315	1053	1415	378	1146	861	646	757	612	875	352	1376	892	793	1504	735	1316	1379	698	634	430	919	504	736	1247	693	1469	1031	786	793	1178	1332	748	1353	906	709	864	574	498	428	926	886	571	458	1035	1010	1036	738	803	605	717	491	658	970	955
339	SM d33:1 	2151426	2673047	2076723	1241357	836265	2020116	4187539	2506292	2523879	902598	1637903	2966897	1856748	1500710	699455	1919622	2447507	660353	1082054	2489640	815078	1662770	1557839	1158962	696090	2338794	5746205	2630185	5846315	1760919	3907456	6102344	3739922	1578035	593241	2565857	990256	1102598	1873785	2352729	3905982	3102966	1787934	1545245	2072378	2117995	1678535	3006711	2077182	1125560	1929343	595395	986278	1473242	1761341	1926952	704551	467473	2373034	2951694	4191697	1260077	1435672	915628	1324007	1808798	1652594	2235314	2132507
340	SM d34:0 	2965	3033	2537	2010	1972	3346	2668	5166	1781	1536	2860	3404	2634	2701	2066	3134	2404	1328	2793	2269	1268	2105	2693	1570	1678	4924	3118	9307	10349	4377	7363	11438	7762	3963	4332	5830	2693	3382	4933	10524	3645	3517	2907	2625	4132	3548	2602	3611	2853	1890	3505	2039	1890	2021	2846	2802	1842	1666	3860	3351	5091	2188	1856	2154	1147	5324	2597	1958	3208
341	SM d34:1 Isomer A	8698124	8089444	8170905	6240996	3920777	6629468	9266150	8687480	5497839	3484742	6436126	11512778	5919573	6327450	3268644	6774358	6246584	2346841	5819981	6828052	3867519	5577682	6223640	2587506	3077580	10757092	10294619	6812237	18587312	4059015	10066740	13873561	8848571	4087113	2248667	7714168	2787661	5930961	7269454	7795296	11554709	8517319	4677960	5947260	8280127	8594849	5871319	7863083	7529077	4020137	8455773	3082283	4302577	4443652	6807173	8629639	2935915	1893617	10249762	6771289	10297372	4806609	4152586	4676583	2981167	3734112	5166500	3653778	6059172
342	SM d34:1 Isomer B	37553	57420	36822	28408	20722	35758	42313	44599	20849	16487	30420	55361	29025	24625	18100	39266	32036	17289	28162	36739	18524	22593	25938	12429	14783	66987	50632	67575	88006	38901	57729	106154	85551	37720	23129	43394	22739	29422	71408	42796	77948	45977	24675	27214	39303	64699	40105	41634	38650	22092	37791	18979	21540	19429	27040	31651	16432	24061	56854	34982	40939	23220	19894	20862	13077	22684	24959	21410	24544
343	SM d34:2 	130878	119191	142083	86412	50845	113824	169283	133364	94587	32982	76188	210173	112304	89126	48327	134015	126538	60095	129735	151788	76499	84327	91364	21708	54966	248315	102052	102314	201076	58598	110541	199734	119645	55657	46874	76323	42410	96569	143088	0	213201	126896	72871	142857	127403	157894	132308	179099	116430	77904	124234	37228	75283	23122	126383	133211	40229	57386	152732	155735	160385	83921	86965	65501	50257	83363	91366	78574	125124
344	SM d35:1 	2728901	1947460	1303328	1656178	1016009	1441887	3019320	2032552	2429863	1080795	2013281	2020318	1622674	1773453	915320	1223339	1555565	763001	1002131	1886613	1081840	1447079	2113896	1402613	841191	1419673	3627815	1507177	4507420	1163091	2652340	2854842	1850068	1169972	609267	2036224	969961	1340032	1004721	2375340	1950382	2367942	1949132	1577396	1782249	1333295	1090060	2677380	1472282	1098837	2049833	667131	1229234	1711902	1771969	1927975	597574	477846	1849098	1709673	3734953	1121225	1199655	1149300	1293204	855226	1730168	1114369	1772028
345	SM d35:2 	129311	272587	157930	69119	77023	103555	323753	183018	168397	26105	152215	266524	198195	159366	35804	188608	190337	64958	54335	294188	44026	161037	50464	166926	72656	247501	525630	172190	347862	93215	264931	514723	182656	102759	40765	217616	94466	105683	160304	301178	292767	282647	193508	92119	192595	122776	144788	346964	67321	100757	74710	70121	83984	158207	212622	240561	50332	34211	181592	290612	314718	156172	150557	65690	113171	139390	178694	125364	191263
346	SM d36:0 	1829	1426	1339	1669	1642	1011	1797	1418	1141	1031	1073	1814	1670	1135	1397	1422	1083	1181	1126	1017	1146	1026	1483	1172	713	1269	1490	3628	3949	1860	3401	2984	2434	2035	2023	2516	1481	1358	1442	5177	2044	1661	2445	1263	1545	1974	1191	1910	1042	1221	1638	1082	810	1275	1335	1428	1250	830	1688	859	2322	818	1334	1167	1144	2768	1500	1372	1809
347	SM d36:1 Isomer A	5789867	3943883	3313886	4762675	2915281	2744133	4432476	5487635	4065632	2585882	4204708	4866337	3122685	5084019	2652517	2680370	3046833	1717665	2830192	3438992	2649797	3383971	5434284	3429299	2706299	2700908	6548385	3187426	10292007	1903121	6694961	6187309	2767154	2546633	1799655	6219917	2373575	4000527	2213678	5780654	3497033	5410313	4743208	3992407	4113809	2771210	2363457	5604645	3116411	2485197	4986276	1987114	3008972	3122927	4058457	5769671	1518154	814766	4079476	2518189	6560553	2709181	2503410	3387951	2686735	2017763	3759277	2055234	3554289
348	SM d36:1 Isomer B	19738	18998	12864	19105	12772	12075	13952	20553	11820	10836	15624	18499	13120	16513	12556	12402	12393	9644	12095	13305	10435	12501	16822	8670	10070	13666	22278	19979	32353	11400	26105	26135	17979	15625	13835	24435	12498	14508	15829	18562	17724	17541	16724	15444	14643	15922	12169	21123	13621	11864	18925	10692	13052	11696	15514	18556	6834	9002	17099	10352	20415	12473	10039	13207	9057	10949	15130	11375	11009
349	SM d36:2 Isomer A	1103002	705305	884394	1077420	1013330	520812	792801	1742009	936469	577786	767598	1536629	676360	1021300	389745	883874	647908	438643	950027	1064794	938774	560857	820427	1419776	502833	660447	2084586	375447	1995156	282165	1059310	1183815	375591	329981	280445	1204261	434198	769600	255696	1283602	538393	1034151	959845	684522	576136	462587	415013	1287452	456580	442309	1390311	604234	501397	504599	919599	1243519	399225	138608	568631	568753	1252213	562842	773219	543130	700725	581946	768269	622185	1319288
350	SM d36:4 	940776	755782	1010900	665812	456850	722281	986389	984453	577807	408603	680985	1321656	665383	672726	374653	749859	716010	219452	684609	769682	459490	632876	692338	321981	349238	1157448	1145910	467765	1943813	171594	1110457	1474975	615642	322776	117987	862319	244629	672562	542907	814336	1104763	961437	536954	671147	935516	770030	633499	893862	843784	440995	963373	359362	512015	518895	746210	963627	349885	118303	1157691	766354	1040283	547381	474973	545780	359902	386450	554141	381573	731939
351	SM d37:1 	6381	3908	3733	6390	4728	4063	5425	5637	5876	4673	6354	5495	4795	5722	3633	4916	4363	3834	3296	5339	3145	4608	7607	5166	3431	2747	6420	6878	14765	5067	9996	7950	4154	6414	5346	8408	4368	4872	3413	6179	4535	5551	7015	5679	3258	5815	3316	7777	4982	4280	5250	2920	4393	4978	4422	6581	2236	2298	3849	3491	9264	3331	4032	4116	4515	3585	5816	3979	4296
352	SM d38:1 	4789	3511	2812	4187	3077	3173	3685	4618	4479	2687	3117	4146	3417	4330	3230	2778	2904	2413	2821	3033	3163	3104	5808	5444	2388	2266	3946	4857	8313	3453	8180	5114	5658	5299	4365	8347	3414	4360	2916	4967	3361	5123	4882	4345	3877	3755	2922	5557	2696	2981	4166	2706	3595	3205	3506	3898	2024	1641	3851	1901	6449	2916	2935	2932	2888	2978	4011	3101	3154
353	SM d38:2 Isomer A	585704	314058	318230	517134	464065	204000	194958	816855	343495	349115	353992	596153	344251	488254	204305	479434	355854	214589	436291	553380	591004	299652	398588	1383792	236780	177801	874413	141221	1174721	40216	815502	495201	75956	199123	194909	821351	258280	473930	41299	852492	0	424164	584649	332622	137423	83990	118327	571559	114942	115506	769684	258302	262127	76149	495388	543367	94349	48667	67934	0	598922	280455	320114	294566	225033	266028	494323	199302	574370
354	SM d38:2 Isomer B	2659	1909	1753	3235	2901	1867	1506	4009	1998	2117	1934	4047	1739	2558	1582	2848	1840	1715	2488	2881	3524	1412	1752	5413	1416	1808	3675	1897	4089	1272	3879	3411	1903	1984	1915	3807	1775	2098	1293	3573	1385	2814	2577	1835	1327	1746	1282	2660	1282	1577	3415	1478	1858	1517	2465	2135	1212	913	2126	1043	3077	1708	1622	1692	1552	1970	2092	1639	2163
355	SM d39:2 	889	882	509	546	505	406	515	977	767	414	395	753	963	933	331	1034	618	853	586	1358	771	442	904	5109	481	467	1658	898	1191	883	1759	1225	689	694	650	1411	915	936	634	723	515	1163	1157	587	960	710	484	1291	431	615	653	490	560	664	603	605	429	268	493	656	1400	500	633	563	879	538	1025	602	1494
356	SM d40:2 Isomer B 	1107	554	633	765	825	767	430	973	839	392	486	818	471	786	549	1093	647	234	771	692	2394	547	653	10928	355	485	1004	689	1336	646	1596	1287	408	741	810	1340	573	861	96	929	286	858	841	393	481	556	321	817	348	529	834	325	433	293	712	756	251	112	563	309	819	684	609	454	345	405	795	471	768
357	SM d41:2 Isomer A 	428	206	218	283	251	289	502	389	551	100	315	219	263	276	227	405	263	172	227	241	368	362	307	5423	359	232	608	451	1082	595	1202	1125	420	593	687	862	443	523	116	270	343	656	755	211	202	355	256	621	296	174	295	246	207	266	276	478	241	178	248	308	417	300	326	333	322	263	262	156	473
358	SM d42:2 Isomer B 	166	221	132	160	245	231	184	268	232	60	99	182	238	335	178	987	244	165	185	111	1062	115	77	4087	240	174	492	162	961	106	641	289	148	348	336	542	179	129	154	311	220	216	209	134	177	267	154	123	156	162	78	214	105	107	234	142	113	173	298	75	219	126	275	172	142	225	156	138	245
359	TG 14:0_16:0_17:1 	161778	206748	153122	81915	135976	143473	179248	143902	168865	59354	95916	104050	165677	191890	165772	217429	149551	177854	138099	292196	2377329	126795	117838	616266	130850	114983	640136	178756	104233	156852	110363	130192	155719	202185	117186	121302	191936	140463	182505	105242	108483	183964	110985	136892	148331	199705	205137	175020	204444	188445	190670	89245	189204	89206	138225	306474	544987	197429	157462	213635	92600	255628	184827	135483	122649	186172	225253	228472	1527272
360	TG 16:0_18:1_20:0 	652487	349096	383583	82075	187234	221284	150884	163431	205796	135667	77738	93858	154906	229549	101952	549926	92113	143985	151853	507289	1445741	92918	56171	3403207	72445	131261	1624785	85066	59362	104039	104608	89342	87568	63042	110575	79531	119129	112585	133304	87535	91971	107339	62731	132810	97471	147349	169038	86286	128761	112366	276673	85676	133681	103429	85207	301844	128986	99211	61010	191217	60775	187837	143316	115542	87357	175652	498666	251740	1856969
361	TG 16:2_18:2_18:3 	46686	74617	74563	11457	51944	66385	23829	24053	30282	43731	20156	54158	67574	199536	41423	62216	25819	85280	44546	137776	2085068	44540	24413	188206	33976	59489	305870	52333	13379	48707	28066	59121	24462	59170	29146	30171	24572	29688	0	114386	109852	75663	35387	38995	37352	121309	84677	43865	71573	21612	41733	39438	31190	54413	47371	91894	70085	27037	50659	65397	19619	37017	47533	26062	17958	27814	117961	51090	337351
362	TG 18:0_18:1_22:0 	33531	35719	50928	29661	39714	43967	34532	31019	57864	22300	30796	19376	56804	42338	36205	190568	21453	70082	44174	137136	2378245	30587	34347	611508	15233	49648	342876	75560	31878	25100	44620	28345	39406	33502	44871	44116	31580	31497	75260	31589	45344	37255	22379	43077	29425	23106	50869	30184	28771	19129	29171	52952	19392	38512	34253	57494	37433	63014	16247	60052	18661	42444	26814	34896	37661	4383	78031	56654	484188
363	TG 19:2_19:2_19:2 	58722	70909	93051	20773	57304	49102	81927	54536	101443	42062	24166	42248	76355	311257	35402	123343	35298	45940	49255	171420	1407562	65621	56013	270546	47665	22123	495740	18620	49122	17635	46044	21259	14468	17742	19631	14931	30852	44297	27282	37907	18480	21673	43149	76986	60562	35852	56399	66331	46558	36944	36781	42073	13862	61488	53687	134233	73693	29686	36126	115948	37978	56567	50401	58623	76320	22634	194620	59774	755067
364	TG 42:0 	48981	730430	97047	26448	75374	58141	22195	54715	12258	29911	44911	45862	30871	36061	540265	106428	46337	17976	69328	43388	111368	81950	30543	30530	76727	128819	54157	81734	41249	92002	48892	65930	80525	60881	67707	37267	66436	71237	104894	208239	100697	42641	32869	35981	58850	538049	91628	65891	104029	98348	44210	40203	74104	30781	37532	96284	185631	105060	65398	54930	16795	66453	58861	69540	31925	95397	67210	153186	23960
365	TG 44:0 	118171	229754	140390	32819	50845	35290	73017	71386	53656	46202	65014	37745	40819	68471	182550	105992	39913	54537	74718	158545	1393403	92065	21137	178261	75464	37736	247087	50667	77088	86124	44264	73988	38930	73489	84234	39056	45231	51669	58703	66171	71181	34433	21749	25934	23464	197596	97947	48508	88226	44100	70723	60262	33328	21663	26904	14133	219366	139933	53538	106224	31320	82434	67249	75408	43897	46384	174960	89281	262560
366	TG 46:0 	222011	272436	316266	123836	184417	199589	191479	173135	222521	165711	16040	132254	204232	279418	213457	361680	152919	217715	187663	471369	7159530	130999	131471	910872	162580	15020	1171957	148963	150746	243815	14656	27094	212067	210201	155246	142836	41955	173837	234811	151794	44317	179989	13847	178525	166468	211350	243921	198050	208554	190635	244663	0	207711	98396	145695	267083	32292	267726	107488	284154	128358	242620	207411	197135	154137	30364	482207	304517	1032435
367	TG 46:1 	190383	230738	251117	104562	132953	149547	151991	144319	171150	142010	74316	69031	153054	253399	167217	271805	130966	180373	169758	350450	8530462	119117	110387	520613	83185	155678	703544	110057	114086	156852	97428	106085	101560	169043	113380	81136	184109	147031	100002	86122	115327	100478	69654	125086	104700	199247	178991	168368	190980	160335	195380	158177	169516	59665	137922	181383	453795	197208	137925	229372	100014	255479	172998	172146	98456	158836	475196	267337	743586
368	TG 46:2 	137651	181699	165244	119178	124502	108038	130640	137115	122688	155897	108267	128699	161286	159651	170589	186067	114751	171775	141445	152215	2151423	132278	132792	192109	164897	169070	223887	222269	110560	216196	124010	177155	139252	194350	212737	94524	145886	166331	205272	162186	180947	145235	129168	167598	104827	222170	147553	165669	190130	177420	136615	159452	157055	164188	149521	156304	297389	248524	108791	180231	103695	189101	170703	158389	141978	184418	199649	213887	283608
369	TG 48:0 	405565	377096	56616	144609	293665	290200	241826	229815	302149	222528	135481	141854	236887	376419	246371	588475	183415	264697	266595	789384	15365258	210999	171631	531574	151629	233739	2286768	228541	164850	267609	197705	174654	229962	212092	257108	132038	245539	211968	211481	170997	232537	197109	162876	213878	175726	267007	301820	231372	250223	241817	340934	236373	250035	194677	166040	312970	388310	271478	204282	376273	139101	330852	251933	283081	196662	290973	815667	421029	1617121
370	TG 48:1 	1281686	1342502	1873893	333870	776968	615400	762962	746779	1063052	562096	301917	367611	707026	1362114	513533	2013635	442603	681369	898603	2470862	43884545	470499	408628	5482611	388058	566996	6413383	403475	372398	528220	463763	421838	405003	582690	439497	326887	520201	537460	616003	346234	385850	485335	249315	579404	393434	572525	820547	602999	670237	575922	982277	483625	687430	401243	423725	1014024	1515718	494620	552865	1329910	297721	1079599	680734	809173	391266	780072	3195153	1596520	4706441
371	TG 48:2 	255095	394199	837191	207303	248660	253753	238610	234876	352689	253107	153766	206381	271257	408486	276876	871968	216156	314718	246955	1102207	30911973	212401	196414	2256650	263526	258526	2712054	324290	174076	349067	200078	274765	346656	351595	337435	228413	334727	248693	326816	259447	278993	230966	221201	245212	192405	313312	300241	253650	266309	274819	263809	295445	283806	273963	228716	277667	564471	372786	232800	522581	205121	355530	269354	250899	215493	264673	1490589	604312	1515126
372	TG 49:0 	198444	168532	75850	49738	103820	118669	89413	90676	82900	70103	48332	70394	135080	143446	67995	141855	27378	88493	55698	197737	477311	107724	82170	544246	62196	54014	379883	95552	97616	98254	96064	68847	101846	95464	88440	57011	105114	93821	115054	67085	69385	42320	47695	98148	95188	118466	129938	63758	124934	142301	92949	55672	35983	50985	50286	175970	230551	124703	63273	108079	27538	139521	129981	114785	56305	146244	165816	121571	998076
373	TG 50:0 	467925	289765	263307	87376	212038	234879	174608	144617	171098	180733	102172	83015	153809	216596	155657	289301	121050	177420	156995	343551	524437	173893	110176	1009734	128464	149167	785456	61545	111381	186617	178421	76212	68912	109153	128704	75336	118310	154134	192571	36161	77940	121895	62521	143799	116939	114615	185547	124880	161288	162964	296423	166507	126234	103064	88668	205138	180039	215748	125928	202055	58203	195568	169341	199343	115042	211515	344129	240443	1091170
374	TG 50:1 	1728172	1251917	375320	185673	779579	595802	677767	676525	1018330	480309	248024	274464	497305	939363	432373	3249171	222642	496046	738139	3210528	70275091	290817	239269	2462125	193748	350793	11858130	215213	414806	330685	500729	198136	232627	237489	255105	272961	283853	281262	308942	223203	233307	273350	141477	371429	212000	388866	624968	307241	356590	292269	921700	244193	417044	272212	315987	813817	532811	251945	256998	1065502	216469	618815	405788	634377	243988	455865	3070029	1187800	5508762
375	TG 50:2	261924	331236	637205	35122	178714	70507	178615	203380	310927	131327	40259	70334	129249	241759	49210	741292	16464	128354	238715	745142	4729511	39726	40688	1060956	33555	57565	1427228	24501	23716	53746	52808	19869	22463	43859	24539	40043	25846	54550	43745	27350	41152	24302	15735	71272	39064	40711	168406	88420	98431	16501	196830	18614	128889	25967	45549	201530	93357	47674	26118	358458	31371	162044	106537	160850	33172	146642	886611	369349	738844
376	TG 50:2 	672135	844096	1468707	175983	580665	313702	517393	541315	725427	400925	170607	202944	413129	614127	349527	1635620	161026	389143	608342	1531610	4772621	126673	123651	1578949	112458	276062	2302211	144749	198951	177286	282554	147491	124785	107622	111477	107111	223970	209623	214491	133090	118493	235390	104272	280503	168370	304143	490448	273668	315135	162015	559507	135993	409450	177609	243777	499765	503045	184627	224299	927953	160385	541732	326351	485958	196225	377205	2080926	1155426	1441832
377	TG 50:3 Isomer A 	292096	534201	1017198	55734	271472	99650	281260	316621	463689	184005	57475	42544	206702	199821	82766	1095713	30871	141033	300670	1122052	4515862	19193	42644	1347435	17199	34332	1669904	34399	23329	26780	81170	0	28460	38095	0	0	0	36255	28505	21531	29345	68033	17833	53250	0	46763	97079	41104	93045	43953	218270	29069	189425	46682	73121	89789	135480	69856	39348	572910	27790	105998	83452	144633	62790	90536	1337499	636939	599911
378	TG 50:3|TG 16:0_16:1_18:2	303236	558493	1326286	60606	262059	103916	346106	289591	618010	196023	43681	64468	216649	297563	159029	1588868	52511	171775	304635	1783192	51621202	34060	33713	4596334	52158	71698	5230538	65368	51054	51226	90486	26608	66628	49173	41165	35231	41500	65340	43651	50044	41066	89321	24407	118807	41284	92792	190050	85345	123446	60016	241946	26519	201001	77827	45731	231660	233798	57717	55526	660056	50032	216975	72196	227109	93842	175094	1734207	631290	1282349
379	TG 50:4 	45846	192975	371257	15152	71733	37098	111977	56025	181850	25037	16146	19732	34713	35148	31709	373586	31868	40556	54087	471582	10579464	22544	37412	1036628	18532	18646	1309165	36359	9708	26313	21598	33764	22082	24226	31450	15857	43047	26471	40734	32836	23955	29560	19302	39937	18454	35943	67852	25039	25936	21466	49645	28559	41955	17797	20770	48112	33103	35645	21731	197007	19720	38950	34413	40702	39532	44072	259925	152005	0
380	TG 51:1 Isomer B 	873714	507865	368684	98565	289130	354343	310836	212966	321263	198293	94205	106005	261653	438841	113271	446619	68664	298739	195532	794008	915105	195401	101721	2844097	105158	172104	1780353	147983	138333	193055	150771	97053	152768	153012	116585	86072	144247	153129	181094	135833	126963	184221	102593	185997	186761	179441	426071	178534	179571	205603	407853	147297	191047	146026	132395	854412	412845	144237	159107	372488	184039	275995	297100	252034	146218	273997	658843	348103	4891796
381	TG 51:3 	125056	222111	258498	30303	114539	40062	164328	91688	278411	44599	37265	14932	113401	126728	38051	397616	24509	81198	96093	699762	9240442	35400	34823	1580339	40364	56677	1489285	28911	13428	44788	23615	31957	41405	39717	31851	30542	30488	41415	53811	22112	47226	79767	24897	41633	29425	60242	115088	65703	52652	43223	77125	39693	53532	42889	46156	282659	116087	59262	29203	305829	30312	79312	95855	94718	41714	85913	372552	172323	1765456
382	TG 52:0 	1988696	971384	744004	368777	646351	997729	613554	478086	454599	615976	385376	367729	483173	494017	469782	575044	467986	504644	451284	652604	3663450	827973	422896	940547	440216	510541	1023434	549303	313568	631046	685083	486239	538259	500555	545065	314238	534034	441227	594742	491627	492622	367608	347852	442575	431547	552628	638238	448186	540626	552412	1157908	510569	568643	374255	350118	519190	578993	590190	372849	561107	309725	511851	475116	605097	405732	681726	597577	514019	1495575
383	TG 52:1	3386874	1161635	1093996	191509	620723	952893	443585	380088	532825	350117	175419	156015	371967	663426	282094	1356265	146183	309682	366157	1465105	2318792	411458	216019	6375251	150787	292192	4410851	160430	137222	191376	478063	93580	185892	160848	144329	109271	186111	233078	200003	130763	191813	179412	135392	258839	170970	243626	447320	231247	266876	247220	1206104	131233	273261	180964	176911	719878	304424	217514	213057	587533	140967	327879	270860	504069	206888	337117	1406690	604228	5304105
384	TG 52:3 	938817	1464795	3217313	158904	829256	423476	894234	892468	1419325	634870	255242	270257	547592	454019	302886	3683086	119803	573510	957647	3118985	3022080	85850	46025	3769031	63389	98557	5028143	0	89211	92469	406624	28831	0	0	41666	101250	64980	88594	139984	56611	31912	172038	44548	275102	43821	193837	574572	301092	348158	180049	745526	100805	468880	274327	221367	388025	81180	41715	183923	1664615	161041	381249	277241	546727	204768	342537	2664177	1430014	743254
385	TG 52:3|TG 16:0_18:1_18:2	1168609	1896832	6024902	216351	906761	437288	1204122	1036727	2330394	696160	264385	277841	621409	591303	418565	7528137	170131	612589	1007150	6798250	32648848	253711	188858	26089629	175848	253495	25356132	224817	162242	323407	408522	250588	321813	303323	248494	225267	230796	237434	316468	215471	248621	216218	207704	296390	195322	251970	594083	248441	382669	279054	839441	205180	492107	325021	246571	578068	370180	353694	185911	2327566	172338	413732	275018	631222	191050	363338	4964031	1741275	3318102
386	TG 52:4 	439936	847653	1811317	91605	430672	181076	463039	452247	783550	282216	78808	119515	248344	323411	196117	1916718	47273	311158	442672	1954896	3411410	19497	32973	2421971	72305	23307	3180823	0	21929	93402	178421	9309	32553	0	24339	34984	2912	56092	33303	39071	39355	61044	0	95385	0	76288	231519	70347	169862	68705	294490	0	195102	135668	79316	146081	45371	12581	107420	931887	43929	146137	148407	290527	67030	186251	1614036	757666	594087
387	TG 52:5 	85143	252911	471555	13920	129449	22562	113822	109787	164242	73508	35073	24590	69701	804932	98821	508763	14718	88059	98943	540150	968852	6946	15430	749454	18322	18572	1027562	5096	0	20714	37440	16048	20845	9997	24439	21842	20022	43761	44121	29345	31570	39499	8602	44144	14903	40161	120697	50454	54070	13580	60577	13599	81772	36105	22774	129121	26789	15229	17755	278067	27286	128223	104386	106518	18457	125522	447992	193231	345005
388	TG 52:6 	47190	431205	361640	45241	149031	24009	237714	106751	274931	54747	17162	44144	165814	1725922	217471	647497	20019	134780	176016	797920	8959169	18949	74190	1198795	33204	53940	2190552	29695	13717	33498	37084	28901	33790	24677	34455	21965	17018	105281	62560	118958	66732	50912	26645	90298	27967	43095	221014	82709	35078	40814	66556	2210	38047	82933	49010	533023	63861	35535	78628	315998	42063	185682	58574	235943	83990	224028	764002	344141	2695646
389	TG 53:1 	406125	207883	129960	53271	112065	164082	109815	103357	96509	92203	75760	77326	133845	163018	105805	125666	70846	90751	103156	218222	2767786	112476	83860	1252476	87819	116019	495598	107509	65786	150413	108643	67527	142584	100417	93949	58060	143064	73448	137067	87037	93682	113303	62101	89482	79904	79497	184283	93628	78589	114995	185475	95365	78454	63750	64072	294928	181662	116978	64918	105630	65667	142197	127615	120843	76196	151504	185628	111960	1971860
390	TG 53:4 	72212	130845	208316	37638	22056	31602	138231	34115	161437	25304	10586	16591	52962	75432	28418	293439	10540	52106	27384	494485	6407004	14806	10674	1304233	32993	20718	1143704	22541	13862	16049	0	21467	16181	33412	36658	14561	17291	19233	24742	18704	24640	30907	17833	28132	22069	26132	48026	19830	19629	29205	23736	13854	40038	24654	20224	200507	32562	25051	17686	126266	15534	53891	43447	30353	16025	36262	212680	26472	1188923
391	TG 53:6 	19760	39200	24719	16918	24942	25310	120992	25363	108248	15022	11442	9481	45964	247465	15172	30781	9230	23534	12081	290204	2035547	8530	18706	557773	23025	17314	759552	0	17243	20901	15842	9240	13421	18552	23337	1728	15107	23924	15522	20533	15314	17633	9161	13124	9259	12654	142814	16253	16511	24313	13227	10539	16664	12983	17248	351940	14161	15671	14053	154844	19418	29584	52910	27198	19454	18729	191877	26894	1978599
392	TG 54:0 	1331731	455724	421237	76186	274976	428104	186734	181828	213016	151690	80893	103339	128974	227723	164247	443353	75898	159183	149747	451879	4724651	195340	106160	1342302	79886	153976	979454	88790	66365	121674	252412	86632	153339	100687	99157	58862	126865	123576	177425	106239	111306	102338	63150	135322	118779	165688	219513	113270	88368	148726	505150	106075	135598	126332	77069	289034	201416	133532	102415	233603	89977	155800	156580	211775	69898	192707	381544	221643	1541997
393	TG 54:1 	6438491	2056586	1860145	297945	1058403	2019610	722315	629550	829364	728675	284381	258287	567212	908665	392314	1884702	190400	440641	478173	2034987	20510796	958850	372696	4496510	272090	502180	4677652	313607	175283	335164	963781	209808	205309	271261	317804	162024	278393	382991	469998	302674	298841	265206	150009	399310	358175	422059	630181	348282	414274	489913	2420784	261787	433045	256092	261025	1180913	556082	330409	274958	934485	228927	565221	448517	817250	312389	580910	1794635	794003	6477471
394	TG 54:2 	3525029	1824334	2279824	281294	902982	1054279	790165	885800	1092556	576317	186379	363404	625731	1116189	470906	3435819	139074	513415	716144	2908800	5385744	391839	226006	11916035	132675	329484	8819852	98982	99982	175793	618153	101222	105177	120951	134413	116058	214050	218268	254661	88865	129016	246419	63710	463172	176424	381989	852617	371438	426534	310011	1302556	159112	380546	292854	233999	1465436	241285	145120	313210	1263251	215965	710094	540788	729915	217924	729146	2814981	1218994	8727863
395	TG 54:3|TG 18:0_18:1_18:2	1042546	1248436	2692189	250509	682287	429984	803662	670571	1224593	454738	216320	236008	447019	598778	315248	4392508	166639	426919	611687	3505711	14808418	317261	179505	6951203	171004	208434	7861748	62917	163691	228979	320410	150617	89186	155264	99358	97239	141790	199571	180624	104327	175643	200444	87418	291617	132920	362917	134678	298770	366299	230281	612353	188010	330553	291177	235821	713684	261670	183413	194891	1230961	143893	454169	292368	322963	221104	470131	2718280	1032001	4841381
396	TG 54:4 	1201301	2157765	5251100	335155	1162704	545327	1637374	1223496	2518165	861738	342444	375254	773296	768471	485596	7452781	264552	830825	1208381	6317492	26139422	397810	227115	25315741	174865	221530	24068673	131519	146206	360171	576085	249199	260706	168503	278943	217307	282215	244203	257577	229271	264534	312207	231552	378964	195449	438838	876709	447998	568476	316874	847776	265016	569602	440339	247360	598395	356650	141919	264881	2674370	181114	373890	354742	779704	384906	531577	4489597	1838650	2890486
397	TG 54:5 Isomer A 	416985	826993	1791339	123247	454308	189103	558778	485231	842401	319471	83352	144579	329364	446601	119773	2074690	72780	354666	456860	1937612	5506340	139102	35985	3235586	56791	61487	3778402	38319	36274	138936	224761	69959	94516	52055	32251	84282	40407	105884	51929	31423	39612	87269	40562	59215	43504	96368	353796	70723	93187	75495	284223	48958	209849	173889	120431	191486	79737	41384	70333	997433	50889	112762	83165	255253	153139	176927	1441286	689378	513555
398	TG 54:5|TG 18:1_18:2_18:2	341749	803155	2550716	89250	368215	172471	583082	396341	1086374	278478	99766	91843	260624	480951	200773	3002195	28501	249499	395648	3102128	58723605	24067	17227	12306722	49209	46393	12943336	14504	21204	26126	149643	34528	37502	27108	0	34675	41045	50730	24648	11222	49108	35074	40002	108886	38177	123968	249845	38531	154201	88345	236570	27964	171581	138440	39111	207063	54391	25051	51413	1061790	29959	116924	70834	229191	129882	141541	1819324	611731	1162634
399	TG 54:6 Isomer A 	317623	802701	1793845	95674	347602	120260	545334	408130	811911	234079	143073	115071	264946	460980	151001	1965648	74401	242118	322417	1993946	8330761	90846	60504	5605801	33344	62227	6551872	32047	19803	66809	148516	14311	33219	35033	46774	25235	59428	114529	62372	98425	61856	71111	31330	142104	56187	107463	285548	159080	192256	111125	226424	36463	133903	82714	87029	211092	76129	53523	84798	914221	46502	178397	107541	232472	126327	245068	1336356	603553	1713044
400	TG 54:6 Isomer C 	281572	943157	1674246	88500	787962	95890	572011	431349	747762	127521	116447	83429	469727	2989495	620061	2374662	38354	299695	560574	2348877	32482747	79757	85763	4662420	23868	112023	6634780	14700	33955	34431	139260	29804	42642	18012	18730	45164	49781	103270	51271	81217	63139	59825	28603	258901	52826	128919	820942	195415	143359	78123	212835	34508	115174	126405	96989	1143807	45551	32004	109613	940350	62389	409718	310722	544076	217862	842474	2022479	750584	4134649
401	TG 55:7 	11700	78401	54585	7495	10238	10775	97795	13336	101443	21699	20049	14636	43426	135915	15012	114196	2245	17542	20941	252720	2311326	12917	12154	554725	12004	0	872705	0	4782	15583	35304	13200	12183	12428	14723	0	18566	12934	11665	13384	12149	17890	10490	12747	12430	2659	116115	11233	17433	12777	17152	11559	13715	12765	13118	207784	15695	15781	16795	128196	13971	18509	41941	23159	17397	16258	122914	43587	1204813
402	TG 56:1 	275807	433854	724567	74580	224062	125683	243777	253987	311810	114769	71750	114241	189551	378530	189454	1030013	71158	218149	210277	886048	10245149	92735	71495	3691450	53281	64003	2113693	59781	56705	72874	100870	55231	60060	95104	104366	56394	103567	87321	122956	79389	88976	105416	77067	149200	53396	98936	295501	83902	113879	78342	213560	85931	115248	112036	104398	533023	197989	126911	133263	410122	88716	226044	211354	216570	66905	253037	761106	349031	3219684
403	TG 56:2 Isomer A 	214286	238987	338276	52147	144015	83596	135596	134317	179565	109028	30154	67846	90351	185955	94727	498454	32554	87885	113874	457356	1334584	55690	52789	2780310	35801	65334	1318630	44003	19320	73994	67049	41406	25319	54847	30248	26223	52421	45704	36971	57526	49023	64827	51751	92685	38367	73996	158375	47191	75542	54248	135770	31023	76758	52371	60914	218068	65756	61579	53744	186838	40248	138183	102737	99766	40530	109264	404328	183620	1364711
404	TG 56:2 Isomer B 	719045	1404330	2913372	191616	673148	307483	747937	903839	1068922	577385	222094	263205	478851	1101240	443772	4337988	75212	562307	737147	3403001	38540150	130085	179346	10843370	144118	217313	8381044	84086	90902	179992	313112	93719	159431	122212	133011	138763	147069	211097	305179	164929	133465	236736	110706	430644	161458	362367	856408	312826	320308	205895	551534	123074	400307	324510	274629	1848530	419159	173592	286681	1414978	225043	664380	549964	663846	209631	771544	3040691	1225654	10352555
405	TG 56:3|TG 18:1_18:1_20:1	255990	429389	827506	47703	255188	86633	248732	270896	387074	174724	51166	73415	180838	383380	106287	1322943	14032	119843	210463	1167432	4258328	43930	52419	8572498	31870	56529	4379396	31459	34583	63263	89418	14867	34932	17742	28846	30850	35675	53813	45156	28347	44745	94194	14966	116484	39762	52998	259877	98774	93754	38770	161015	42413	79118	105836	102029	457366	62959	67759	73761	482200	43223	223963	154787	184703	73764	274396	959232	374913	3612442
406	TG 56:5 Isomer A 	97123	259419	496070	29821	130136	52862	167333	134138	230884	40860	38869	19613	66339	181790	68637	744196	19271	63482	96403	680984	9079061	46124	37571	967708	19305	21901	3027034	37339	23667	34617	38805	30429	27984	21254	19831	25420	13287	31832	38477	18954	18138	24430	17693	38870	17947	49789	154504	44618	60377	20443	82199	14789	37752	31218	32309	197500	20566	13574	35235	269530	24360	87861	80656	124818	36414	83203	526023	170047	1446824
407	TG 56:6 	91861	315344	646957	44063	196372	31602	218049	172004	253998	36053	17055	34308	175007	535100	130129	869500	23574	137906	142436	716051	11656373	24067	29433	2472230	34187	21605	3129299	27049	21252	24820	43137	22440	20369	14230	17327	13636	17200	44766	22860	29178	19164	19044	0	76860	23083	23198	283495	55035	85817	20005	82803	33658	58545	58863	40569	502953	25978	26265	50659	311322	39995	143535	116288	200795	74512	255906	493713	240190	3805202
408	TG 56:7 Isomer B 	99698	142877	402884	62212	140717	36157	85301	387947	161177	63761	41222	137587	110383	580291	99383	454896	27129	77551	149932	371006	1993775	17852	32551	351175	17479	37958	1342043	12838	64385	22954	62539	11463	17323	30170	56890	12957	9192	40343	35278	28347	25239	37511	0	61099	18771	46396	497715	33322	104667	29351	25729	22184	28093	49453	62493	171821	15605	15671	36949	381247	31976	146806	157798	238467	33920	338472	914044	173672	92262
409	TG 58:2 	138715	244360	479952	37531	129174	29649	166648	197486	229481	134332	33576	63165	112921	284496	35563	811930	16963	72948	80232	661709	7468769	17852	22194	2971029	30747	24417	1841698	54097	23329	55799	19937	13825	33980	20894	42868	21101	33491	36523	36219	19785	17795	23340	28113	66311	24986	53273	156163	33134	59455	12777	59067	31278	48296	31000	46946	322953	45190	30569	29203	299519	17552	137737	70762	138827	13157	207212	526785	264724	1855804
410	TG 58:3|TG 18:1_20:1_20:1	420175	884053	1680002	67245	431084	122284	525037	644494	757371	460613	120724	143335	321750	746332	273424	3053013	24447	335474	467021	2278033	25886255	61539	88616	8314518	37767	50610	6664883	19404	40862	30885	173318	12088	35027	29900	8914	61021	28940	33709	77518	26518	42863	130808	10071	253878	22830	120483	468094	173890	161429	83818	300046	32468	233371	167397	120735	921769	143508	15891	120993	996319	94920	401839	290934	376979	91410	636219	1874495	781862	5578062
411	TG 58:4 	87662	234446	459026	16436	129380	49680	146087	152892	210678	92470	21279	21865	80746	157540	71768	748915	17587	87972	85437	626500	1058735	16878	17702	4783043	19445	41213	2420915	19404	16422	21834	37440	22995	22749	17562	17327	7898	22570	19501	44874	28264	52445	31932	19651	62480	20927	38144	126779	34954	47196	20005	43425	22014	56850	41357	30001	179699	19664	45026	27832	247707	15736	57905	68181	68278	18581	88384	471615	163893	1328688
412	TG 64:1 	129758	150369	216239	80469	176103	53802	151411	60073	163099	44866	72392	35908	78002	130152	77146	306289	54008	120885	145596	266376	2213342	78416	78418	699141	38750	88568	531039	44003	78344	68582	146498	63498	48924	213443	0	31837	42501	86047	59926	64010	63225	167229	40632	146437	136281	51989	114456	76999	49393	48918	175148	94090	111340	130636	33585	102780	397872	113999	113178	219499	33237	211921	74705	72947	57988	59693	306561	192220	592257
413	TG 8:0_10:0_18:1 	34987	794982	64608	14509	81009	97914	24831	36556	43891	71372	115110	32353	48777	54720	594613	100475	44404	53669	60593	59535	75302	162926	94429	24221	20287	72364	55082	153080	51392	76980	15546	33903	46544	24857	52483	43190	77266	44565	31703	448317	160243	33664	24057	48038	23718	508708	44234	67335	42802	68705	41432	60007	28240	21007	43848	231119	145132	47012	37977	66065	63145	17394	16848	95728	25066	147758	23546	234542	81863
414	Taurine	223942	84904	91035	282638	142096	214574	163351	102058	177804	192744	125747	56402	291464	61600	45275	36143	65162	208792	50930	76529	260786	221093	214063	164278	95638	39335	69686	88083	92888	39698	153010	43926	20247	33959	31934	36821	59811	273281	77866	43955	47860	66726	325382	253368	155419	112051	86638	146438	263048	303358	136017	240087	251860	70178	262370	108136	41368	20595	227940	81052	122758	22626	66619	478553	464886	75945	330862	138435	76932
415	arachidonoylthiophosphorylcholine 	509853	212046	388188	386499	207709	271976	465464	587457	472052	268129	251339	520722	197029	461208	135829	337578	327540	71993	201789	0	291909	387269	523190	467466	340323	187864	408349	210803	2568872	158625	1296710	681944	187796	379154	228162	1141080	108663	526872	156259	0	368140	452249	391421	292936	301671	80781	150318	319918	307056	182677	392029	150357	129847	0	360868	612047	57548	29907	363527	141706	469050	49802	36492	260743	72766	51325	297874	47043	77453
