,Df,Sum Sq,Mean Sq,F value,Pr(>F),padj
as.factor(temperature)                   ,2,12.1806677244104,6.09033386220522,17.8407711872753,4.36021090638012e-08,3.05214763446609e-07
day                                      ,1,22.0155657816475,22.0155657816475,64.491484466266,1.68939318361331e-14,1.18257522852932e-13
as.factor(sex)                           ,1,1.05282794908291,1.05282794908291,3.08411048788635,0.079979724089585,0.559858068627095
as.factor(temperature):day               ,2,3.5175635487655,1.75878177438275,5.15210231738449,0.00625735770577957,0.043801503940457
as.factor(temperature):as.factor(sex)    ,2,2.23670894215854,1.11835447107927,3.27606116121312,0.0389978863345079,0.272985204341555
day:as.factor(sex)                       ,1,5.44359628308663,5.44359628308663,15.9462449710903,8.02273249881061e-05,0.000561591274916743
as.factor(temperature):day:as.factor(sex),2,0.419781773943419,0.209890886971709,0.614845651072512,0.541337041236958,1
Residuals                                ,333,113.676766257775,0.341371670443768,NA,NA,NA
