,PC1,PC2,PC3,PC4,PC5,PC6
Variance(eigenvalue),1.6680014,1.3040093,1.1000417,0.9466031,0.5161098,0.4652346
Proportion of Variance,0.2780002,0.2173349,0.1833403,0.1577672,0.0860183,0.0775391
Cumulative Proportion,0.2780002,0.4953351,0.6786754,0.8364426,0.9224609,1
Broken-stick value,2.45,1.45,0.95,0.6166667,0.3666667,0.1666667
