,Df,Sum Sq,Mean Sq,F value,Pr(>F),padj
as.factor(temperature)                   ,2,1119.86261231643,559.931306158216,12.3541001087628,6.67426838763592e-06,4.67198787134515e-05
day                                      ,1,28.7813010787489,28.7813010787489,0.635019101230315,0.426088016318291,1
as.factor(sex)                           ,1,4913.87445291952,4913.87445291952,108.417758117112,3.63784862704485e-22,2.5464940389314e-21
as.factor(temperature):day               ,2,58.4217186561513,29.2108593280757,0.644496702422395,0.525580172189159,1
as.factor(temperature):as.factor(sex)    ,2,144.824892678066,72.4124463390328,1.59767921770755,0.203912866395874,1
day:as.factor(sex)                       ,1,47.5693494628472,47.5693494628472,1.04955107690778,0.306354132089381,1
as.factor(temperature):day:as.factor(sex),2,2.38465025785664,1.19232512892832,0.0263069841656823,0.974038054149559,1
Residuals                                ,333,15092.732235384,45.3235202263785,NA,NA,NA
