,lipid_3,lipid_6,lipid_9,lipid_4,lipid_1,lipid_12,lipid_5,lipid_7,lipid_8,lipid_11,lipid_2,lipid_10
metabolite_4,0.0440781904604065,-0.118162612952354,-0.115254285347715,0.115348843383566,0.303810959172312,-0.159189532283657,0.612839198379249,0.177590856462837,0.332372140603638,0.209996671515283,0.12787511774466,0.497085341412503
metabolite_6,-0.44504091961506,-0.382164095344806,-0.35365753781889,-0.222413980957588,-0.284771666233422,-0.443534387226295,-0.0313688230975494,0.655712180426303,-0.394475159217182,-0.370995307953964,-0.276207679077785,-0.265435907139263
metabolite_3,-0.511721590182113,-0.557474216826668,-0.520074077894836,-0.176840978808063,-0.21738175437404,-0.440726733052435,-0.309518388063143,0.262370041834168,-0.279821920328154,-0.108914812229685,-0.190494434048375,-0.294826252905313
metabolite_7,0.0600987539467908,-0.194943031766844,-0.189248539502645,0.651045497574593,0.230761706200253,-0.000149014140997897,0.224111042082339,-0.207486478741695,0.407990551849403,0.510200625570993,0.579992107275744,0.289612545752497
metabolite_2,0.262618171016648,0.47930189480529,0.437580998651486,-0.201404693900455,-0.0477309749882538,0.454109469636989,-0.346918010189315,0.0260996680900051,-0.454441695705556,-0.24011756187481,-0.274095789480941,-0.487911463561269
metabolite_5,0.246531887310451,0.345802604094758,0.330345623439634,0.13850177844356,-0.108626920057085,0.325282878991688,-0.3921338284013,-0.525980482098818,-0.0631295010809253,0.0663402822180756,0.228441636322303,0.0400679682354055
