,lipid_3,lipid_6,lipid_9,lipid_4,lipid_1,lipid_12,lipid_5,lipid_7,lipid_8,lipid_11,lipid_2,lipid_10
metabolite_4,0.160856464879466,-0.0890429176971752,0.0742524732569577,0.404028420131802,0.478769079659661,0.232331778497973,0.564826157649661,0.509533132079786,0.0809287017428438,0.0126250543333656,0.0852043044839547,0.202490917078825
metabolite_6,0.291103468529058,0.0287627414745871,0.052084103160395,0.255885332768068,0.297205434552752,0.239320129903517,0.220415776370593,0.524057148694861,0.46068773616036,0.490041243559722,-0.0312323778044348,0.548242706324043
metabolite_3,-0.269946476722471,-0.155376333829065,-0.215964219324829,-0.370784661384324,-0.195657468437984,-0.346123129639057,-0.0826837135863181,-0.204125011025253,-0.0126103168130209,0.0585273535569665,0.24802654410016,0.169758011459045
metabolite_7,0.138641604658551,-0.00456210411880413,0.0924833045347746,0.124283644099632,0.244668098886669,0.0870461348811055,0.0126277925720487,0.236122553296898,0.422401819370165,0.333121909283689,-0.000691933900298522,0.297886365479677
metabolite_2,0.233966184477307,0.355205748835721,0.00440111864015996,-0.00613387434533882,-0.191734169656898,0.25330215446489,-0.101060304676517,-0.136201122978998,-0.192751362941526,-0.17724705524904,-0.104691581635552,-0.27346708518075
metabolite_5,-0.31945056286872,0.00324670937387665,0.143998212979602,-0.195743838277109,-0.41040525778716,-0.161807706216213,-0.262333755490776,-0.543163823737414,-0.459647642569437,-0.32587391874807,0.103136931609508,-0.398898647051479
