"Term ID","Discription","Annotated","Significant","Expected","p-value","FDR q-value"
"LION:0000030","diacylglycerophosphocholines [GP0101]","115","30","20.4","0.0061","0.508"
"    [#0107] PC 14:0_16:1 ","","","","","",""
"    [#0108] PC 16:0/9:0 CHO ","","","","","",""
"    [#0109] PC 16:0_14:0 ","","","","","",""
"    [#0110] PC 16:0_18:2 ","","","","","",""
"    [#0111] PC 16:0_22:6 ","","","","","",""
"    [#0112] PC 16:1/18:4 ","","","","","",""
"    [#0113] PC 18:0_18:1 ","","","","","",""
"    [#0114] PC 18:0_22:6 ","","","","","",""
"    [#0115] PC 18:2_20:5 ","","","","","",""
"    [#0116] PC 19:1 ","","","","","",""
"    [#0117] PC 20:1_20:1 ","","","","","",""
"    [#0118] PC 21:4 ","","","","","",""
"    [#0119] PC 22:4 ","","","","","",""
"    [#0120] PC 24:0 ","","","","","",""
"    [#0121] PC 24:0|PC 10:0_14:0","","","","","",""
"    [#0122] PC 26:0|PC 10:0_16:0","","","","","",""
"    [#0123] PC 29:0 ","","","","","",""
"    [#0124] PC 31:0","","","","","",""
"    [#0125] PC 31:1 ","","","","","",""
"    [#0126] PC 32:0 ","","","","","",""
"    [#0127] PC 32:1 Isomer A","","","","","",""
"    [#0128] PC 32:1 Isomer B","","","","","",""
"    [#0129] PC 32:2 Isomer A","","","","","",""
"    [#0130] PC 32:2 Isomer B","","","","","",""
"    [#0131] PC 33:0 ","","","","","",""
"    [#0132] PC 33:1 Isomer A","","","","","",""
"    [#0133] PC 33:1 Isomer B","","","","","",""
"    [#0134] PC 33:2 Isomer A","","","","","",""
"    [#0135] PC 33:2 Isomer B","","","","","",""
"    [#0136] PC 34:0","","","","","",""
"    [#0137] PC 34:1 Isomer A","","","","","",""
"    [#0138] PC 34:1 Isomer B","","","","","",""
"    [#0139] PC 34:2 Isomer A","","","","","",""
"    [#0140] PC 34:2 Isomer B","","","","","",""
"    [#0141] PC 34:3 ","","","","","",""
"    [#0142] PC 34:3 Isomer B ","","","","","",""
"    [#0143] PC 34:4 Isomer A","","","","","",""
"    [#0144] PC 34:4 Isomer B ","","","","","",""
"    [#0145] PC 35:1 Isomer A","","","","","",""
"    [#0146] PC 35:1 Isomer B","","","","","",""
"    [#0147] PC 35:2 ","","","","","",""
"    [#0148] PC 35:2 Isomer B ","","","","","",""
"    [#0149] PC 35:3 ","","","","","",""
"    [#0150] PC 35:4 Isomer A","","","","","",""
"    [#0151] PC 35:4 Isomer B","","","","","",""
"    [#0152] PC 36:1 Isomer A","","","","","",""
"    [#0153] PC 36:1 Isomer B","","","","","",""
"    [#0154] PC 36:2 Isomer A","","","","","",""
"    [#0155] PC 36:2 Isomer B","","","","","",""
"    [#0156] PC 36:3 Isomer A ","","","","","",""
"    [#0157] PC 36:3 Isomer AB","","","","","",""
"    [#0158] PC 36:4 Isomer A ","","","","","",""
"    [#0159] PC 36:4 Isomer B","","","","","",""
"    [#0160] PC 36:4 Isomer C ","","","","","",""
"    [#0161] PC 36:5 Isomer A ","","","","","",""
"    [#0162] PC 36:5 Isomer B ","","","","","",""
"    [#0163] PC 36:5 Isomer C ","","","","","",""
"    [#0164] PC 36:5 Isomer D ","","","","","",""
"    [#0165] PC 36:6 ","","","","","",""
"    [#0166] PC 37:2 Isomer A","","","","","",""
"    [#0167] PC 37:2 Isomer B","","","","","",""
"    [#0168] PC 37:3 ","","","","","",""
"    [#0169] PC 37:4 ","","","","","",""
"    [#0170] PC 38:2 Isomer A","","","","","",""
"    [#0171] PC 38:3 Isomer A","","","","","",""
"    [#0172] PC 38:4 Isomer A ","","","","","",""
"    [#0173] PC 38:4 Isomer C ","","","","","",""
"    [#0174] PC 38:5 Isomer A ","","","","","",""
"    [#0175] PC 38:5 Isomer B ","","","","","",""
"    [#0176] PC 38:6 Isomer A ","","","","","",""
"    [#0177] PC 38:6 Isomer B","","","","","",""
"    [#0178] PC 38:6 Isomer C ","","","","","",""
"    [#0179] PC 38:7 ","","","","","",""
"    [#0180] PC 38:8 ","","","","","",""
"    [#0181] PC 39:5 Isomer B","","","","","",""
"    [#0182] PC 39:6 ","","","","","",""
"    [#0183] PC 40:3 ","","","","","",""
"    [#0184] PC 40:4 Isomer B","","","","","",""
"    [#0185] PC 40:4 Isomer C","","","","","",""
"    [#0186] PC 40:5 Isomer A ","","","","","",""
"    [#0187] PC 40:5 Isomer B ","","","","","",""
"    [#0188] PC 40:6 Isomer A ","","","","","",""
"    [#0189] PC 40:6 Isomer B ","","","","","",""
"    [#0190] PC 40:7 ","","","","","",""
"    [#0191] PC 40:7 Isomer A ","","","","","",""
"    [#0192] PC 40:7 Isomer B ","","","","","",""
"    [#0193] PC 40:8 Isomer A","","","","","",""
"    [#0194] PC 40:8 Isomer B","","","","","",""
"    [#0195] PC 41:6|PC 19:0_22:6","","","","","",""
"    [#0196] PC 42:5 ","","","","","",""
"    [#0197] PC 42:6 Isomer A","","","","","",""
"    [#0198] PC 42:6 Isomer B","","","","","",""
"    [#0199] PC 42:7 ","","","","","",""
"    [#0200] PC 42:9 ","","","","","",""
"    [#0201] PC 44:12","","","","","",""
"    [#0416] PC 18:2_20:5","","","","","",""
"    [#0418] PC 38:7","","","","","",""
"    [#0422] PC 36:4 Isomer A","","","","","",""
"    [#0424] PC 36:5 Isomer B","","","","","",""
"    [#0426] PC 34:3","","","","","",""
"    [#0427] PC 36:5 Isomer D","","","","","",""
"    [#0428] PC 34:3 Isomer B","","","","","",""
"    [#0429] PC 16:0_18:2","","","","","",""
"    [#0432] PC 40:7 Isomer B","","","","","",""
"    [#0433] PC 19:1","","","","","",""
"    [#0436] PC 40:7","","","","","",""
"    [#0437] PC 36:5 Isomer A","","","","","",""
"    [#0438] PC 36:6","","","","","",""
"    [#0447] PC 39:6","","","","","",""
"    [#0448] PC 39:6","","","","","",""
"    [#0459] PC 38:6 Isomer A","","","","","",""
"    [#0460] PC 42:7","","","","","",""
"    [#0465] PC 36:3 Isomer A","","","","","",""
"    [#0467] PC 35:3","","","","","",""
"    [#0468] PC 35:3","","","","","",""
"LION:0080982","above average lateral diffusion","36","12","6.39","0.0140","0.508"
"    [#0107] PC 14:0_16:1 ","","","","","",""
"    [#0110] PC 16:0_18:2 ","","","","","",""
"    [#0111] PC 16:0_22:6 ","","","","","",""
"    [#0112] PC 16:1/18:4 ","","","","","",""
"    [#0114] PC 18:0_22:6 ","","","","","",""
"    [#0115] PC 18:2_20:5 ","","","","","",""
"    [#0120] PC 24:0 ","","","","","",""
"    [#0125] PC 31:1 ","","","","","",""
"    [#0141] PC 34:3 ","","","","","",""
"    [#0149] PC 35:3 ","","","","","",""
"    [#0165] PC 36:6 ","","","","","",""
"    [#0169] PC 37:4 ","","","","","",""
"    [#0179] PC 38:7 ","","","","","",""
"    [#0180] PC 38:8 ","","","","","",""
"    [#0182] PC 39:6 ","","","","","",""
"    [#0190] PC 40:7 ","","","","","",""
"    [#0199] PC 42:7 ","","","","","",""
"    [#0200] PC 42:9 ","","","","","",""
"    [#0201] PC 44:12","","","","","",""
"    [#0256] PE 36:4 ","","","","","",""
"    [#0262] PE 38:5 ","","","","","",""
"    [#0263] PE 38:6 ","","","","","",""
"    [#0303] PG 38:7 ","","","","","",""
"    [#0304] PG 44:12 ","","","","","",""
"    [#0320] PS 18:0_22:6 ","","","","","",""
"    [#0416] PC 18:2_20:5","","","","","",""
"    [#0418] PC 38:7","","","","","",""
"    [#0426] PC 34:3","","","","","",""
"    [#0429] PC 16:0_18:2","","","","","",""
"    [#0436] PC 40:7","","","","","",""
"    [#0438] PC 36:6","","","","","",""
"    [#0447] PC 39:6","","","","","",""
"    [#0448] PC 39:6","","","","","",""
"    [#0460] PC 42:7","","","","","",""
"    [#0467] PC 35:3","","","","","",""
"    [#0468] PC 35:3","","","","","",""
"LION:0080973","below average bilayer thickness","37","12","6.56","0.0177","0.508"
"    [#0107] PC 14:0_16:1 ","","","","","",""
"    [#0109] PC 16:0_14:0 ","","","","","",""
"    [#0110] PC 16:0_18:2 ","","","","","",""
"    [#0111] PC 16:0_22:6 ","","","","","",""
"    [#0112] PC 16:1/18:4 ","","","","","",""
"    [#0114] PC 18:0_22:6 ","","","","","",""
"    [#0115] PC 18:2_20:5 ","","","","","",""
"    [#0120] PC 24:0 ","","","","","",""
"    [#0123] PC 29:0 ","","","","","",""
"    [#0125] PC 31:1 ","","","","","",""
"    [#0141] PC 34:3 ","","","","","",""
"    [#0149] PC 35:3 ","","","","","",""
"    [#0165] PC 36:6 ","","","","","",""
"    [#0169] PC 37:4 ","","","","","",""
"    [#0179] PC 38:7 ","","","","","",""
"    [#0180] PC 38:8 ","","","","","",""
"    [#0182] PC 39:6 ","","","","","",""
"    [#0190] PC 40:7 ","","","","","",""
"    [#0199] PC 42:7 ","","","","","",""
"    [#0200] PC 42:9 ","","","","","",""
"    [#0201] PC 44:12","","","","","",""
"    [#0256] PE 36:4 ","","","","","",""
"    [#0263] PE 38:6 ","","","","","",""
"    [#0303] PG 38:7 ","","","","","",""
"    [#0304] PG 44:12 ","","","","","",""
"    [#0320] PS 18:0_22:6 ","","","","","",""
"    [#0416] PC 18:2_20:5","","","","","",""
"    [#0418] PC 38:7","","","","","",""
"    [#0426] PC 34:3","","","","","",""
"    [#0429] PC 16:0_18:2","","","","","",""
"    [#0436] PC 40:7","","","","","",""
"    [#0438] PC 36:6","","","","","",""
"    [#0447] PC 39:6","","","","","",""
"    [#0448] PC 39:6","","","","","",""
"    [#0460] PC 42:7","","","","","",""
"    [#0467] PC 35:3","","","","","",""
"    [#0468] PC 35:3","","","","","",""
"LION:0000465","neutral intrinsic curvature","173","39","30.69","0.0246","0.508"
"    [#0107] PC 14:0_16:1 ","","","","","",""
"    [#0108] PC 16:0/9:0 CHO ","","","","","",""
"    [#0109] PC 16:0_14:0 ","","","","","",""
"    [#0110] PC 16:0_18:2 ","","","","","",""
"    [#0111] PC 16:0_22:6 ","","","","","",""
"    [#0112] PC 16:1/18:4 ","","","","","",""
"    [#0113] PC 18:0_18:1 ","","","","","",""
"    [#0114] PC 18:0_22:6 ","","","","","",""
"    [#0115] PC 18:2_20:5 ","","","","","",""
"    [#0116] PC 19:1 ","","","","","",""
"    [#0117] PC 20:1_20:1 ","","","","","",""
"    [#0118] PC 21:4 ","","","","","",""
"    [#0119] PC 22:4 ","","","","","",""
"    [#0120] PC 24:0 ","","","","","",""
"    [#0121] PC 24:0|PC 10:0_14:0","","","","","",""
"    [#0122] PC 26:0|PC 10:0_16:0","","","","","",""
"    [#0123] PC 29:0 ","","","","","",""
"    [#0124] PC 31:0","","","","","",""
"    [#0125] PC 31:1 ","","","","","",""
"    [#0126] PC 32:0 ","","","","","",""
"    [#0127] PC 32:1 Isomer A","","","","","",""
"    [#0128] PC 32:1 Isomer B","","","","","",""
"    [#0129] PC 32:2 Isomer A","","","","","",""
"    [#0130] PC 32:2 Isomer B","","","","","",""
"    [#0131] PC 33:0 ","","","","","",""
"    [#0132] PC 33:1 Isomer A","","","","","",""
"    [#0133] PC 33:1 Isomer B","","","","","",""
"    [#0134] PC 33:2 Isomer A","","","","","",""
"    [#0135] PC 33:2 Isomer B","","","","","",""
"    [#0136] PC 34:0","","","","","",""
"    [#0137] PC 34:1 Isomer A","","","","","",""
"    [#0138] PC 34:1 Isomer B","","","","","",""
"    [#0139] PC 34:2 Isomer A","","","","","",""
"    [#0140] PC 34:2 Isomer B","","","","","",""
"    [#0141] PC 34:3 ","","","","","",""
"    [#0142] PC 34:3 Isomer B ","","","","","",""
"    [#0143] PC 34:4 Isomer A","","","","","",""
"    [#0144] PC 34:4 Isomer B ","","","","","",""
"    [#0145] PC 35:1 Isomer A","","","","","",""
"    [#0146] PC 35:1 Isomer B","","","","","",""
"    [#0147] PC 35:2 ","","","","","",""
"    [#0148] PC 35:2 Isomer B ","","","","","",""
"    [#0149] PC 35:3 ","","","","","",""
"    [#0150] PC 35:4 Isomer A","","","","","",""
"    [#0151] PC 35:4 Isomer B","","","","","",""
"    [#0152] PC 36:1 Isomer A","","","","","",""
"    [#0153] PC 36:1 Isomer B","","","","","",""
"    [#0154] PC 36:2 Isomer A","","","","","",""
"    [#0155] PC 36:2 Isomer B","","","","","",""
"    [#0156] PC 36:3 Isomer A ","","","","","",""
"    [#0157] PC 36:3 Isomer AB","","","","","",""
"    [#0158] PC 36:4 Isomer A ","","","","","",""
"    [#0159] PC 36:4 Isomer B","","","","","",""
"    [#0160] PC 36:4 Isomer C ","","","","","",""
"    [#0161] PC 36:5 Isomer A ","","","","","",""
"    [#0162] PC 36:5 Isomer B ","","","","","",""
"    [#0163] PC 36:5 Isomer C ","","","","","",""
"    [#0164] PC 36:5 Isomer D ","","","","","",""
"    [#0165] PC 36:6 ","","","","","",""
"    [#0166] PC 37:2 Isomer A","","","","","",""
"    [#0167] PC 37:2 Isomer B","","","","","",""
"    [#0168] PC 37:3 ","","","","","",""
"    [#0169] PC 37:4 ","","","","","",""
"    [#0170] PC 38:2 Isomer A","","","","","",""
"    [#0171] PC 38:3 Isomer A","","","","","",""
"    [#0172] PC 38:4 Isomer A ","","","","","",""
"    [#0173] PC 38:4 Isomer C ","","","","","",""
"    [#0174] PC 38:5 Isomer A ","","","","","",""
"    [#0175] PC 38:5 Isomer B ","","","","","",""
"    [#0176] PC 38:6 Isomer A ","","","","","",""
"    [#0177] PC 38:6 Isomer B","","","","","",""
"    [#0178] PC 38:6 Isomer C ","","","","","",""
"    [#0179] PC 38:7 ","","","","","",""
"    [#0180] PC 38:8 ","","","","","",""
"    [#0181] PC 39:5 Isomer B","","","","","",""
"    [#0182] PC 39:6 ","","","","","",""
"    [#0183] PC 40:3 ","","","","","",""
"    [#0184] PC 40:4 Isomer B","","","","","",""
"    [#0185] PC 40:4 Isomer C","","","","","",""
"    [#0186] PC 40:5 Isomer A ","","","","","",""
"    [#0187] PC 40:5 Isomer B ","","","","","",""
"    [#0188] PC 40:6 Isomer A ","","","","","",""
"    [#0189] PC 40:6 Isomer B ","","","","","",""
"    [#0190] PC 40:7 ","","","","","",""
"    [#0191] PC 40:7 Isomer A ","","","","","",""
"    [#0192] PC 40:7 Isomer B ","","","","","",""
"    [#0193] PC 40:8 Isomer A","","","","","",""
"    [#0194] PC 40:8 Isomer B","","","","","",""
"    [#0195] PC 41:6|PC 19:0_22:6","","","","","",""
"    [#0196] PC 42:5 ","","","","","",""
"    [#0197] PC 42:6 Isomer A","","","","","",""
"    [#0198] PC 42:6 Isomer B","","","","","",""
"    [#0199] PC 42:7 ","","","","","",""
"    [#0200] PC 42:9 ","","","","","",""
"    [#0201] PC 44:12","","","","","",""
"    [#0202] PC O-16:0_20:4 ","","","","","",""
"    [#0203] PC O-18:0_16:0 ","","","","","",""
"    [#0204] PC O-18:1_20:4 ","","","","","",""
"    [#0205] PC O-29:0","","","","","",""
"    [#0206] PC O-30:0|PC O-14:0_16:0","","","","","",""
"    [#0207] PC O-31:0","","","","","",""
"    [#0208] PC O-31:0|PC O-15:0_16:0","","","","","",""
"    [#0209] PC O-32:0 ","","","","","",""
"    [#0210] PC O-32:2 ","","","","","",""
"    [#0211] PC O-33:0 ","","","","","",""
"    [#0212] PC O-33:6 ","","","","","",""
"    [#0213] PC O-34:0 Isomer A","","","","","",""
"    [#0214] PC O-34:0 Isomer B","","","","","",""
"    [#0215] PC O-34:1|PC O-16:0_18:1","","","","","",""
"    [#0216] PC O-34:2 ","","","","","",""
"    [#0217] PC O-36:1 ","","","","","",""
"    [#0218] PC O-37:5 ","","","","","",""
"    [#0219] PC O-37:6 ","","","","","",""
"    [#0220] PC O-38:7 ","","","","","",""
"    [#0221] PC O-39:8 ","","","","","",""
"    [#0222] PC O-40:5 ","","","","","",""
"    [#0223] PC O-40:7 ","","","","","",""
"    [#0224] PC O-42:7 or PC 42:7e ","","","","","",""
"    [#0225] PC P-32:1 or PC O-32:2 ","","","","","",""
"    [#0226] PC P-34:0 or PC O-34:1 ","","","","","",""
"    [#0227] PC P-34:1 or PC O-34:2","","","","","",""
"    [#0228] PC P-34:1 or PC O-34:2 ","","","","","",""
"    [#0229] PC P-36:1 or PC O-36:2","","","","","",""
"    [#0230] PC P-36:1 or PC O-36:2 ","","","","","",""
"    [#0231] PC P-36:2 or PC O-36:3 ","","","","","",""
"    [#0232] PC P-36:3 or PC O-36:4 ","","","","","",""
"    [#0233] PC P-38:3 or PC O-38:4","","","","","",""
"    [#0234] PC P-38:3 or PC O-38:4 ","","","","","",""
"    [#0235] PC P-38:4 or PC O-38:5 Isomer A ","","","","","",""
"    [#0236] PC P-38:4 or PC O-38:5 Isomer B ","","","","","",""
"    [#0237] PC P-38:4 or PC O-38:5 Isomer C","","","","","",""
"    [#0238] PC P-38:5 or PC O-38:6 ","","","","","",""
"    [#0239] PC P-38:5 or PC O-38:6 Isomer A ","","","","","",""
"    [#0240] PC P-40:4 or PC O-40:5 ","","","","","",""
"    [#0241] PC P-40:5 or PC O-40:6 ","","","","","",""
"    [#0242] PC P-40:6 or PC O-40:7 Isomer A ","","","","","",""
"    [#0243] PC P-40:6 or PC O-40:7 Isomer B ","","","","","",""
"    [#0244] PC P-40:7 or PC O-40:8 ","","","","","",""
"    [#0245] PC P-42:5 or PC O-42:6","","","","","",""
"    [#0319] PS 16:0_22:4 ","","","","","",""
"    [#0320] PS 18:0_22:6 ","","","","","",""
"    [#0321] PS 34:1 ","","","","","",""
"    [#0322] PS 36:1 ","","","","","",""
"    [#0323] PS 36:2 ","","","","","",""
"    [#0324] PS 38:5|PS 18:0_20:5","","","","","",""
"    [#0325] PS 40:5 ","","","","","",""
"    [#0416] PC 18:2_20:5","","","","","",""
"    [#0417] PC O-18:0_16:0","","","","","",""
"    [#0418] PC 38:7","","","","","",""
"    [#0422] PC 36:4 Isomer A","","","","","",""
"    [#0424] PC 36:5 Isomer B","","","","","",""
"    [#0426] PC 34:3","","","","","",""
"    [#0427] PC 36:5 Isomer D","","","","","",""
"    [#0428] PC 34:3 Isomer B","","","","","",""
"    [#0429] PC 16:0_18:2","","","","","",""
"    [#0432] PC 40:7 Isomer B","","","","","",""
"    [#0433] PC 19:1","","","","","",""
"    [#0435] PC P-36:2 or PC O-36:3","","","","","",""
"    [#0436] PC 40:7","","","","","",""
"    [#0437] PC 36:5 Isomer A","","","","","",""
"    [#0438] PC 36:6","","","","","",""
"    [#0439] PC O-36:1","","","","","",""
"    [#0442] PC O-39:8","","","","","",""
"    [#0447] PC 39:6","","","","","",""
"    [#0448] PC 39:6","","","","","",""
"    [#0454] PC P-36:3 or PC O-36:4","","","","","",""
"    [#0458] PC O-33:0","","","","","",""
"    [#0459] PC 38:6 Isomer A","","","","","",""
"    [#0460] PC 42:7","","","","","",""
"    [#0465] PC 36:3 Isomer A","","","","","",""
"    [#0466] PC P-38:5 or PC O-38:6 Isomer A","","","","","",""
"    [#0467] PC 35:3","","","","","",""
"    [#0468] PC 35:3","","","","","",""
"LION:0080980","very high lateral diffusion","22","8","3.9","0.0263","0.508"
"    [#0111] PC 16:0_22:6 ","","","","","",""
"    [#0112] PC 16:1/18:4 ","","","","","",""
"    [#0114] PC 18:0_22:6 ","","","","","",""
"    [#0115] PC 18:2_20:5 ","","","","","",""
"    [#0120] PC 24:0 ","","","","","",""
"    [#0165] PC 36:6 ","","","","","",""
"    [#0179] PC 38:7 ","","","","","",""
"    [#0180] PC 38:8 ","","","","","",""
"    [#0182] PC 39:6 ","","","","","",""
"    [#0190] PC 40:7 ","","","","","",""
"    [#0199] PC 42:7 ","","","","","",""
"    [#0200] PC 42:9 ","","","","","",""
"    [#0201] PC 44:12","","","","","",""
"    [#0303] PG 38:7 ","","","","","",""
"    [#0304] PG 44:12 ","","","","","",""
"    [#0416] PC 18:2_20:5","","","","","",""
"    [#0418] PC 38:7","","","","","",""
"    [#0436] PC 40:7","","","","","",""
"    [#0438] PC 36:6","","","","","",""
"    [#0447] PC 39:6","","","","","",""
"    [#0448] PC 39:6","","","","","",""
"    [#0460] PC 42:7","","","","","",""
"LION:0080969","low bilayer thickness","23","8","4.08","0.0346","0.508"
"    [#0107] PC 14:0_16:1 ","","","","","",""
"    [#0109] PC 16:0_14:0 ","","","","","",""
"    [#0110] PC 16:0_18:2 ","","","","","",""
"    [#0114] PC 18:0_22:6 ","","","","","",""
"    [#0123] PC 29:0 ","","","","","",""
"    [#0125] PC 31:1 ","","","","","",""
"    [#0141] PC 34:3 ","","","","","",""
"    [#0149] PC 35:3 ","","","","","",""
"    [#0169] PC 37:4 ","","","","","",""
"    [#0182] PC 39:6 ","","","","","",""
"    [#0190] PC 40:7 ","","","","","",""
"    [#0199] PC 42:7 ","","","","","",""
"    [#0256] PE 36:4 ","","","","","",""
"    [#0263] PE 38:6 ","","","","","",""
"    [#0320] PS 18:0_22:6 ","","","","","",""
"    [#0426] PC 34:3","","","","","",""
"    [#0429] PC 16:0_18:2","","","","","",""
"    [#0436] PC 40:7","","","","","",""
"    [#0447] PC 39:6","","","","","",""
"    [#0448] PC 39:6","","","","","",""
"    [#0460] PC 42:7","","","","","",""
"    [#0467] PC 35:3","","","","","",""
"    [#0468] PC 35:3","","","","","",""
"LION:0000095","headgroup with positive charge / zwitter-ion","275","56","48.78","0.0434","0.508"
"    [#0078] LPC 16:0 ","","","","","",""
"    [#0079] LPC 18:0 Isomer B ","","","","","",""
"    [#0080] LPC 18:1 ","","","","","",""
"    [#0081] LPC 18:2 ","","","","","",""
"    [#0082] LPC 20:0 ","","","","","",""
"    [#0083] LPC 20:1 ","","","","","",""
"    [#0084] LPC 20:2 ","","","","","",""
"    [#0085] LPC 20:5 ","","","","","",""
"    [#0086] LPC 22:6 ","","","","","",""
"    [#0087] LPC 32:1 ","","","","","",""
"    [#0088] LPC 40:7 ","","","","","",""
"    [#0089] LPC O-16:0 ","","","","","",""
"    [#0090] LPC O-18:0 ","","","","","",""
"    [#0091] LPE 16:0 ","","","","","",""
"    [#0092] LPE 18:0 ","","","","","",""
"    [#0093] LPE 18:1 ","","","","","",""
"    [#0094] LPE 18:2 ","","","","","",""
"    [#0095] LPE 20:4 ","","","","","",""
"    [#0096] LPE 20:5","","","","","",""
"    [#0097] LPE 22:6 ","","","","","",""
"    [#0098] LPE O-18:1 ","","","","","",""
"    [#0099] LPE O-20:0 ","","","","","",""
"    [#0107] PC 14:0_16:1 ","","","","","",""
"    [#0108] PC 16:0/9:0 CHO ","","","","","",""
"    [#0109] PC 16:0_14:0 ","","","","","",""
"    [#0110] PC 16:0_18:2 ","","","","","",""
"    [#0111] PC 16:0_22:6 ","","","","","",""
"    [#0112] PC 16:1/18:4 ","","","","","",""
"    [#0113] PC 18:0_18:1 ","","","","","",""
"    [#0114] PC 18:0_22:6 ","","","","","",""
"    [#0115] PC 18:2_20:5 ","","","","","",""
"    [#0116] PC 19:1 ","","","","","",""
"    [#0117] PC 20:1_20:1 ","","","","","",""
"    [#0118] PC 21:4 ","","","","","",""
"    [#0119] PC 22:4 ","","","","","",""
"    [#0120] PC 24:0 ","","","","","",""
"    [#0121] PC 24:0|PC 10:0_14:0","","","","","",""
"    [#0122] PC 26:0|PC 10:0_16:0","","","","","",""
"    [#0123] PC 29:0 ","","","","","",""
"    [#0124] PC 31:0","","","","","",""
"    [#0125] PC 31:1 ","","","","","",""
"    [#0126] PC 32:0 ","","","","","",""
"    [#0127] PC 32:1 Isomer A","","","","","",""
"    [#0128] PC 32:1 Isomer B","","","","","",""
"    [#0129] PC 32:2 Isomer A","","","","","",""
"    [#0130] PC 32:2 Isomer B","","","","","",""
"    [#0131] PC 33:0 ","","","","","",""
"    [#0132] PC 33:1 Isomer A","","","","","",""
"    [#0133] PC 33:1 Isomer B","","","","","",""
"    [#0134] PC 33:2 Isomer A","","","","","",""
"    [#0135] PC 33:2 Isomer B","","","","","",""
"    [#0136] PC 34:0","","","","","",""
"    [#0137] PC 34:1 Isomer A","","","","","",""
"    [#0138] PC 34:1 Isomer B","","","","","",""
"    [#0139] PC 34:2 Isomer A","","","","","",""
"    [#0140] PC 34:2 Isomer B","","","","","",""
"    [#0141] PC 34:3 ","","","","","",""
"    [#0142] PC 34:3 Isomer B ","","","","","",""
"    [#0143] PC 34:4 Isomer A","","","","","",""
"    [#0144] PC 34:4 Isomer B ","","","","","",""
"    [#0145] PC 35:1 Isomer A","","","","","",""
"    [#0146] PC 35:1 Isomer B","","","","","",""
"    [#0147] PC 35:2 ","","","","","",""
"    [#0148] PC 35:2 Isomer B ","","","","","",""
"    [#0149] PC 35:3 ","","","","","",""
"    [#0150] PC 35:4 Isomer A","","","","","",""
"    [#0151] PC 35:4 Isomer B","","","","","",""
"    [#0152] PC 36:1 Isomer A","","","","","",""
"    [#0153] PC 36:1 Isomer B","","","","","",""
"    [#0154] PC 36:2 Isomer A","","","","","",""
"    [#0155] PC 36:2 Isomer B","","","","","",""
"    [#0156] PC 36:3 Isomer A ","","","","","",""
"    [#0157] PC 36:3 Isomer AB","","","","","",""
"    [#0158] PC 36:4 Isomer A ","","","","","",""
"    [#0159] PC 36:4 Isomer B","","","","","",""
"    [#0160] PC 36:4 Isomer C ","","","","","",""
"    [#0161] PC 36:5 Isomer A ","","","","","",""
"    [#0162] PC 36:5 Isomer B ","","","","","",""
"    [#0163] PC 36:5 Isomer C ","","","","","",""
"    [#0164] PC 36:5 Isomer D ","","","","","",""
"    [#0165] PC 36:6 ","","","","","",""
"    [#0166] PC 37:2 Isomer A","","","","","",""
"    [#0167] PC 37:2 Isomer B","","","","","",""
"    [#0168] PC 37:3 ","","","","","",""
"    [#0169] PC 37:4 ","","","","","",""
"    [#0170] PC 38:2 Isomer A","","","","","",""
"    [#0171] PC 38:3 Isomer A","","","","","",""
"    [#0172] PC 38:4 Isomer A ","","","","","",""
"    [#0173] PC 38:4 Isomer C ","","","","","",""
"    [#0174] PC 38:5 Isomer A ","","","","","",""
"    [#0175] PC 38:5 Isomer B ","","","","","",""
"    [#0176] PC 38:6 Isomer A ","","","","","",""
"    [#0177] PC 38:6 Isomer B","","","","","",""
"    [#0178] PC 38:6 Isomer C ","","","","","",""
"    [#0179] PC 38:7 ","","","","","",""
"    [#0180] PC 38:8 ","","","","","",""
"    [#0181] PC 39:5 Isomer B","","","","","",""
"    [#0182] PC 39:6 ","","","","","",""
"    [#0183] PC 40:3 ","","","","","",""
"    [#0184] PC 40:4 Isomer B","","","","","",""
"    [#0185] PC 40:4 Isomer C","","","","","",""
"    [#0186] PC 40:5 Isomer A ","","","","","",""
"    [#0187] PC 40:5 Isomer B ","","","","","",""
"    [#0188] PC 40:6 Isomer A ","","","","","",""
"    [#0189] PC 40:6 Isomer B ","","","","","",""
"    [#0190] PC 40:7 ","","","","","",""
"    [#0191] PC 40:7 Isomer A ","","","","","",""
"    [#0192] PC 40:7 Isomer B ","","","","","",""
"    [#0193] PC 40:8 Isomer A","","","","","",""
"    [#0194] PC 40:8 Isomer B","","","","","",""
"    [#0195] PC 41:6|PC 19:0_22:6","","","","","",""
"    [#0196] PC 42:5 ","","","","","",""
"    [#0197] PC 42:6 Isomer A","","","","","",""
"    [#0198] PC 42:6 Isomer B","","","","","",""
"    [#0199] PC 42:7 ","","","","","",""
"    [#0200] PC 42:9 ","","","","","",""
"    [#0201] PC 44:12","","","","","",""
"    [#0202] PC O-16:0_20:4 ","","","","","",""
"    [#0203] PC O-18:0_16:0 ","","","","","",""
"    [#0204] PC O-18:1_20:4 ","","","","","",""
"    [#0205] PC O-29:0","","","","","",""
"    [#0206] PC O-30:0|PC O-14:0_16:0","","","","","",""
"    [#0207] PC O-31:0","","","","","",""
"    [#0208] PC O-31:0|PC O-15:0_16:0","","","","","",""
"    [#0209] PC O-32:0 ","","","","","",""
"    [#0210] PC O-32:2 ","","","","","",""
"    [#0211] PC O-33:0 ","","","","","",""
"    [#0212] PC O-33:6 ","","","","","",""
"    [#0213] PC O-34:0 Isomer A","","","","","",""
"    [#0214] PC O-34:0 Isomer B","","","","","",""
"    [#0215] PC O-34:1|PC O-16:0_18:1","","","","","",""
"    [#0216] PC O-34:2 ","","","","","",""
"    [#0217] PC O-36:1 ","","","","","",""
"    [#0218] PC O-37:5 ","","","","","",""
"    [#0219] PC O-37:6 ","","","","","",""
"    [#0220] PC O-38:7 ","","","","","",""
"    [#0221] PC O-39:8 ","","","","","",""
"    [#0222] PC O-40:5 ","","","","","",""
"    [#0223] PC O-40:7 ","","","","","",""
"    [#0224] PC O-42:7 or PC 42:7e ","","","","","",""
"    [#0225] PC P-32:1 or PC O-32:2 ","","","","","",""
"    [#0226] PC P-34:0 or PC O-34:1 ","","","","","",""
"    [#0227] PC P-34:1 or PC O-34:2","","","","","",""
"    [#0228] PC P-34:1 or PC O-34:2 ","","","","","",""
"    [#0229] PC P-36:1 or PC O-36:2","","","","","",""
"    [#0230] PC P-36:1 or PC O-36:2 ","","","","","",""
"    [#0231] PC P-36:2 or PC O-36:3 ","","","","","",""
"    [#0232] PC P-36:3 or PC O-36:4 ","","","","","",""
"    [#0233] PC P-38:3 or PC O-38:4","","","","","",""
"    [#0234] PC P-38:3 or PC O-38:4 ","","","","","",""
"    [#0235] PC P-38:4 or PC O-38:5 Isomer A ","","","","","",""
"    [#0236] PC P-38:4 or PC O-38:5 Isomer B ","","","","","",""
"    [#0237] PC P-38:4 or PC O-38:5 Isomer C","","","","","",""
"    [#0238] PC P-38:5 or PC O-38:6 ","","","","","",""
"    [#0239] PC P-38:5 or PC O-38:6 Isomer A ","","","","","",""
"    [#0240] PC P-40:4 or PC O-40:5 ","","","","","",""
"    [#0241] PC P-40:5 or PC O-40:6 ","","","","","",""
"    [#0242] PC P-40:6 or PC O-40:7 Isomer A ","","","","","",""
"    [#0243] PC P-40:6 or PC O-40:7 Isomer B ","","","","","",""
"    [#0244] PC P-40:7 or PC O-40:8 ","","","","","",""
"    [#0245] PC P-42:5 or PC O-42:6","","","","","",""
"    [#0248] PE 16:0_16::1 ","","","","","",""
"    [#0249] PE 16:1_18:1 ","","","","","",""
"    [#0250] PE 18:0_22:3 ","","","","","",""
"    [#0251] PE 34:0 ","","","","","",""
"    [#0252] PE 34:1 ","","","","","",""
"    [#0253] PE 36:1 ","","","","","",""
"    [#0254] PE 36:2 ","","","","","",""
"    [#0255] PE 36:3 ","","","","","",""
"    [#0256] PE 36:4 ","","","","","",""
"    [#0257] PE 36:5|PE 16:0_20:5","","","","","",""
"    [#0258] PE 37:5|PE 17:0_20:5","","","","","",""
"    [#0259] PE 38:2 ","","","","","",""
"    [#0260] PE 38:4 ","","","","","",""
"    [#0261] PE 38:4|PE 18:0_20:4","","","","","",""
"    [#0262] PE 38:5 ","","","","","",""
"    [#0263] PE 38:6 ","","","","","",""
"    [#0264] PE 38:6 Isomer B ","","","","","",""
"    [#0265] PE 38:7|PE 18:2_20:5 Isomer A","","","","","",""
"    [#0266] PE 38:7|PE 18:2_20:5 Isomer B","","","","","",""
"    [#0267] PE 40:10|PE 20:5_20:5","","","","","",""
"    [#0268] PE 40:6|PE 18:1_22:5","","","","","",""
"    [#0269] PE 40:7|PE 18:1_22:6","","","","","",""
"    [#0270] PE O-16:1_18:1 ","","","","","",""
"    [#0271] PE O-16:1_18:2 ","","","","","",""
"    [#0272] PE O-16:1_22:6 ","","","","","",""
"    [#0273] PE O-18:1_22:6 ","","","","","",""
"    [#0274] PE O-18:2_18:2 ","","","","","",""
"    [#0275] PE O-18:2_22:6 ","","","","","",""
"    [#0276] PE O-22:6_16:1 ","","","","","",""
"    [#0277] PE O-36:1 ","","","","","",""
"    [#0278] PE O-36:3 ","","","","","",""
"    [#0279] PE O-36:4 Isomer B","","","","","",""
"    [#0280] PE O-38:2 ","","","","","",""
"    [#0281] PE O-38:6 Isomer B ","","","","","",""
"    [#0282] PE O-38:7 ","","","","","",""
"    [#0283] PE O-40:5 Isomer B ","","","","","",""
"    [#0284] PE O-40:6 Isomer B ","","","","","",""
"    [#0285] PE O-40:8 ","","","","","",""
"    [#0286] PE P-34:1 or PE O-34:2 ","","","","","",""
"    [#0287] PE P-36:1 or PE O-36:2","","","","","",""
"    [#0288] PE P-36:4 or PE O-36:5 ","","","","","",""
"    [#0289] PE P-36:5 or PE O-36:6 ","","","","","",""
"    [#0290] PE P-38:4 or PE O-38:5 Isomer A","","","","","",""
"    [#0291] PE P-38:4 or PE O-38:5 Isomer B","","","","","",""
"    [#0292] PE P-38:5 or PE O-38:6 ","","","","","",""
"    [#0293] PE P-40:5 or PE O-40:6 ","","","","","",""
"    [#0328] SM 29:2;2O/8:0 ","","","","","",""
"    [#0329] SM 35:1;2O ","","","","","",""
"    [#0330] SM 37:4;3O ","","","","","",""
"    [#0331] SM 41:3;3O ","","","","","",""
"    [#0332] SM d30:1 ","","","","","",""
"    [#0333] SM d31:1 ","","","","","",""
"    [#0334] SM d32:0 ","","","","","",""
"    [#0335] SM d32:0 Isomer B ","","","","","",""
"    [#0336] SM d32:1 Isomer A","","","","","",""
"    [#0337] SM d32:1 Isomer B","","","","","",""
"    [#0338] SM d32:2 ","","","","","",""
"    [#0339] SM d33:1 ","","","","","",""
"    [#0340] SM d34:0 ","","","","","",""
"    [#0341] SM d34:1 Isomer A","","","","","",""
"    [#0342] SM d34:1 Isomer B","","","","","",""
"    [#0343] SM d34:2 ","","","","","",""
"    [#0344] SM d35:1 ","","","","","",""
"    [#0345] SM d35:2 ","","","","","",""
"    [#0346] SM d36:0 ","","","","","",""
"    [#0347] SM d36:1 Isomer A","","","","","",""
"    [#0348] SM d36:1 Isomer B","","","","","",""
"    [#0349] SM d36:2 Isomer A","","","","","",""
"    [#0350] SM d36:4 ","","","","","",""
"    [#0351] SM d37:1 ","","","","","",""
"    [#0352] SM d38:1 ","","","","","",""
"    [#0353] SM d38:2 Isomer A","","","","","",""
"    [#0354] SM d38:2 Isomer B","","","","","",""
"    [#0355] SM d39:2 ","","","","","",""
"    [#0356] SM d40:2 Isomer B ","","","","","",""
"    [#0357] SM d41:2 Isomer A ","","","","","",""
"    [#0358] SM d42:2 Isomer B ","","","","","",""
"    [#0416] PC 18:2_20:5","","","","","",""
"    [#0417] PC O-18:0_16:0","","","","","",""
"    [#0418] PC 38:7","","","","","",""
"    [#0419] PE 38:6 Isomer B","","","","","",""
"    [#0421] PE O-16:1_18:1","","","","","",""
"    [#0422] PC 36:4 Isomer A","","","","","",""
"    [#0423] SM d34:0","","","","","",""
"    [#0424] PC 36:5 Isomer B","","","","","",""
"    [#0425] SM d36:0","","","","","",""
"    [#0426] PC 34:3","","","","","",""
"    [#0427] PC 36:5 Isomer D","","","","","",""
"    [#0428] PC 34:3 Isomer B","","","","","",""
"    [#0429] PC 16:0_18:2","","","","","",""
"    [#0430] SM d32:0 Isomer B","","","","","",""
"    [#0431] PE P-34:1 or PE O-34:2","","","","","",""
"    [#0432] PC 40:7 Isomer B","","","","","",""
"    [#0433] PC 19:1","","","","","",""
"    [#0435] PC P-36:2 or PC O-36:3","","","","","",""
"    [#0436] PC 40:7","","","","","",""
"    [#0437] PC 36:5 Isomer A","","","","","",""
"    [#0438] PC 36:6","","","","","",""
"    [#0439] PC O-36:1","","","","","",""
"    [#0442] PC O-39:8","","","","","",""
"    [#0447] PC 39:6","","","","","",""
"    [#0448] PC 39:6","","","","","",""
"    [#0451] LPE 18:2","","","","","",""
"    [#0453] SM d32:0","","","","","",""
"    [#0454] PC P-36:3 or PC O-36:4","","","","","",""
"    [#0455] SM 37:4;3O","","","","","",""
"    [#0458] PC O-33:0","","","","","",""
"    [#0459] PC 38:6 Isomer A","","","","","",""
"    [#0460] PC 42:7","","","","","",""
"    [#0465] PC 36:3 Isomer A","","","","","",""
"    [#0466] PC P-38:5 or PC O-38:6 Isomer A","","","","","",""
"    [#0467] PC 35:3","","","","","",""
"    [#0468] PC 35:3","","","","","",""
"    [#0470] SM d38:1","","","","","",""
"LION:0012080","endoplasmic reticulum (ER)","281","57","49.84","0.0438","0.508"
"    [#0017] Cer 18:0;2O_20:0 ","","","","","",""
"    [#0018] Cer 22:0;2O/26:0 ","","","","","",""
"    [#0019] Cer 32:1;2O|Cer 14:1;O2/18:0","","","","","",""
"    [#0020] Cer 34:1;O2|Cer 14:1;O2/20:0","","","","","",""
"    [#0021] Cer 58:11;2O ","","","","","",""
"    [#0022] Cer d32:1 ","","","","","",""
"    [#0023] Cer d33:1 ","","","","","",""
"    [#0024] Cer d34:0 ","","","","","",""
"    [#0025] Cer d34:1 Isomer B","","","","","",""
"    [#0026] Cer d34:2 ","","","","","",""
"    [#0027] Cer d35:1 ","","","","","",""
"    [#0028] Cer d36:1 Isomer B","","","","","",""
"    [#0029] Cer d36:2 ","","","","","",""
"    [#0030] Cer d37:1 ","","","","","",""
"    [#0031] Cer d38:1 ","","","","","",""
"    [#0032] Cer d38:2 ","","","","","",""
"    [#0033] Cer d39:1 ","","","","","",""
"    [#0034] Cer d39:2 ","","","","","",""
"    [#0035] Cer d40:1 ","","","","","",""
"    [#0036] Cer d40:2 ","","","","","",""
"    [#0037] Cer d41:1 ","","","","","",""
"    [#0038] Cer d41:2 ","","","","","",""
"    [#0039] Cer d42:2 ","","","","","",""
"    [#0040] Cer d42:3 ","","","","","",""
"    [#0041] Cer d46:1 ","","","","","",""
"    [#0078] LPC 16:0 ","","","","","",""
"    [#0079] LPC 18:0 Isomer B ","","","","","",""
"    [#0080] LPC 18:1 ","","","","","",""
"    [#0081] LPC 18:2 ","","","","","",""
"    [#0082] LPC 20:0 ","","","","","",""
"    [#0083] LPC 20:1 ","","","","","",""
"    [#0084] LPC 20:2 ","","","","","",""
"    [#0085] LPC 20:5 ","","","","","",""
"    [#0086] LPC 22:6 ","","","","","",""
"    [#0087] LPC 32:1 ","","","","","",""
"    [#0088] LPC 40:7 ","","","","","",""
"    [#0089] LPC O-16:0 ","","","","","",""
"    [#0090] LPC O-18:0 ","","","","","",""
"    [#0091] LPE 16:0 ","","","","","",""
"    [#0092] LPE 18:0 ","","","","","",""
"    [#0093] LPE 18:1 ","","","","","",""
"    [#0094] LPE 18:2 ","","","","","",""
"    [#0095] LPE 20:4 ","","","","","",""
"    [#0096] LPE 20:5","","","","","",""
"    [#0097] LPE 22:6 ","","","","","",""
"    [#0098] LPE O-18:1 ","","","","","",""
"    [#0099] LPE O-20:0 ","","","","","",""
"    [#0107] PC 14:0_16:1 ","","","","","",""
"    [#0108] PC 16:0/9:0 CHO ","","","","","",""
"    [#0109] PC 16:0_14:0 ","","","","","",""
"    [#0110] PC 16:0_18:2 ","","","","","",""
"    [#0111] PC 16:0_22:6 ","","","","","",""
"    [#0112] PC 16:1/18:4 ","","","","","",""
"    [#0113] PC 18:0_18:1 ","","","","","",""
"    [#0114] PC 18:0_22:6 ","","","","","",""
"    [#0115] PC 18:2_20:5 ","","","","","",""
"    [#0116] PC 19:1 ","","","","","",""
"    [#0117] PC 20:1_20:1 ","","","","","",""
"    [#0118] PC 21:4 ","","","","","",""
"    [#0119] PC 22:4 ","","","","","",""
"    [#0120] PC 24:0 ","","","","","",""
"    [#0121] PC 24:0|PC 10:0_14:0","","","","","",""
"    [#0122] PC 26:0|PC 10:0_16:0","","","","","",""
"    [#0123] PC 29:0 ","","","","","",""
"    [#0124] PC 31:0","","","","","",""
"    [#0125] PC 31:1 ","","","","","",""
"    [#0126] PC 32:0 ","","","","","",""
"    [#0127] PC 32:1 Isomer A","","","","","",""
"    [#0128] PC 32:1 Isomer B","","","","","",""
"    [#0129] PC 32:2 Isomer A","","","","","",""
"    [#0130] PC 32:2 Isomer B","","","","","",""
"    [#0131] PC 33:0 ","","","","","",""
"    [#0132] PC 33:1 Isomer A","","","","","",""
"    [#0133] PC 33:1 Isomer B","","","","","",""
"    [#0134] PC 33:2 Isomer A","","","","","",""
"    [#0135] PC 33:2 Isomer B","","","","","",""
"    [#0136] PC 34:0","","","","","",""
"    [#0137] PC 34:1 Isomer A","","","","","",""
"    [#0138] PC 34:1 Isomer B","","","","","",""
"    [#0139] PC 34:2 Isomer A","","","","","",""
"    [#0140] PC 34:2 Isomer B","","","","","",""
"    [#0141] PC 34:3 ","","","","","",""
"    [#0142] PC 34:3 Isomer B ","","","","","",""
"    [#0143] PC 34:4 Isomer A","","","","","",""
"    [#0144] PC 34:4 Isomer B ","","","","","",""
"    [#0145] PC 35:1 Isomer A","","","","","",""
"    [#0146] PC 35:1 Isomer B","","","","","",""
"    [#0147] PC 35:2 ","","","","","",""
"    [#0148] PC 35:2 Isomer B ","","","","","",""
"    [#0149] PC 35:3 ","","","","","",""
"    [#0150] PC 35:4 Isomer A","","","","","",""
"    [#0151] PC 35:4 Isomer B","","","","","",""
"    [#0152] PC 36:1 Isomer A","","","","","",""
"    [#0153] PC 36:1 Isomer B","","","","","",""
"    [#0154] PC 36:2 Isomer A","","","","","",""
"    [#0155] PC 36:2 Isomer B","","","","","",""
"    [#0156] PC 36:3 Isomer A ","","","","","",""
"    [#0157] PC 36:3 Isomer AB","","","","","",""
"    [#0158] PC 36:4 Isomer A ","","","","","",""
"    [#0159] PC 36:4 Isomer B","","","","","",""
"    [#0160] PC 36:4 Isomer C ","","","","","",""
"    [#0161] PC 36:5 Isomer A ","","","","","",""
"    [#0162] PC 36:5 Isomer B ","","","","","",""
"    [#0163] PC 36:5 Isomer C ","","","","","",""
"    [#0164] PC 36:5 Isomer D ","","","","","",""
"    [#0165] PC 36:6 ","","","","","",""
"    [#0166] PC 37:2 Isomer A","","","","","",""
"    [#0167] PC 37:2 Isomer B","","","","","",""
"    [#0168] PC 37:3 ","","","","","",""
"    [#0169] PC 37:4 ","","","","","",""
"    [#0170] PC 38:2 Isomer A","","","","","",""
"    [#0171] PC 38:3 Isomer A","","","","","",""
"    [#0172] PC 38:4 Isomer A ","","","","","",""
"    [#0173] PC 38:4 Isomer C ","","","","","",""
"    [#0174] PC 38:5 Isomer A ","","","","","",""
"    [#0175] PC 38:5 Isomer B ","","","","","",""
"    [#0176] PC 38:6 Isomer A ","","","","","",""
"    [#0177] PC 38:6 Isomer B","","","","","",""
"    [#0178] PC 38:6 Isomer C ","","","","","",""
"    [#0179] PC 38:7 ","","","","","",""
"    [#0180] PC 38:8 ","","","","","",""
"    [#0181] PC 39:5 Isomer B","","","","","",""
"    [#0182] PC 39:6 ","","","","","",""
"    [#0183] PC 40:3 ","","","","","",""
"    [#0184] PC 40:4 Isomer B","","","","","",""
"    [#0185] PC 40:4 Isomer C","","","","","",""
"    [#0186] PC 40:5 Isomer A ","","","","","",""
"    [#0187] PC 40:5 Isomer B ","","","","","",""
"    [#0188] PC 40:6 Isomer A ","","","","","",""
"    [#0189] PC 40:6 Isomer B ","","","","","",""
"    [#0190] PC 40:7 ","","","","","",""
"    [#0191] PC 40:7 Isomer A ","","","","","",""
"    [#0192] PC 40:7 Isomer B ","","","","","",""
"    [#0193] PC 40:8 Isomer A","","","","","",""
"    [#0194] PC 40:8 Isomer B","","","","","",""
"    [#0195] PC 41:6|PC 19:0_22:6","","","","","",""
"    [#0196] PC 42:5 ","","","","","",""
"    [#0197] PC 42:6 Isomer A","","","","","",""
"    [#0198] PC 42:6 Isomer B","","","","","",""
"    [#0199] PC 42:7 ","","","","","",""
"    [#0200] PC 42:9 ","","","","","",""
"    [#0201] PC 44:12","","","","","",""
"    [#0202] PC O-16:0_20:4 ","","","","","",""
"    [#0203] PC O-18:0_16:0 ","","","","","",""
"    [#0204] PC O-18:1_20:4 ","","","","","",""
"    [#0205] PC O-29:0","","","","","",""
"    [#0206] PC O-30:0|PC O-14:0_16:0","","","","","",""
"    [#0207] PC O-31:0","","","","","",""
"    [#0208] PC O-31:0|PC O-15:0_16:0","","","","","",""
"    [#0209] PC O-32:0 ","","","","","",""
"    [#0210] PC O-32:2 ","","","","","",""
"    [#0211] PC O-33:0 ","","","","","",""
"    [#0212] PC O-33:6 ","","","","","",""
"    [#0213] PC O-34:0 Isomer A","","","","","",""
"    [#0214] PC O-34:0 Isomer B","","","","","",""
"    [#0215] PC O-34:1|PC O-16:0_18:1","","","","","",""
"    [#0216] PC O-34:2 ","","","","","",""
"    [#0217] PC O-36:1 ","","","","","",""
"    [#0218] PC O-37:5 ","","","","","",""
"    [#0219] PC O-37:6 ","","","","","",""
"    [#0220] PC O-38:7 ","","","","","",""
"    [#0221] PC O-39:8 ","","","","","",""
"    [#0222] PC O-40:5 ","","","","","",""
"    [#0223] PC O-40:7 ","","","","","",""
"    [#0224] PC O-42:7 or PC 42:7e ","","","","","",""
"    [#0225] PC P-32:1 or PC O-32:2 ","","","","","",""
"    [#0226] PC P-34:0 or PC O-34:1 ","","","","","",""
"    [#0227] PC P-34:1 or PC O-34:2","","","","","",""
"    [#0228] PC P-34:1 or PC O-34:2 ","","","","","",""
"    [#0229] PC P-36:1 or PC O-36:2","","","","","",""
"    [#0230] PC P-36:1 or PC O-36:2 ","","","","","",""
"    [#0231] PC P-36:2 or PC O-36:3 ","","","","","",""
"    [#0232] PC P-36:3 or PC O-36:4 ","","","","","",""
"    [#0233] PC P-38:3 or PC O-38:4","","","","","",""
"    [#0234] PC P-38:3 or PC O-38:4 ","","","","","",""
"    [#0235] PC P-38:4 or PC O-38:5 Isomer A ","","","","","",""
"    [#0236] PC P-38:4 or PC O-38:5 Isomer B ","","","","","",""
"    [#0237] PC P-38:4 or PC O-38:5 Isomer C","","","","","",""
"    [#0238] PC P-38:5 or PC O-38:6 ","","","","","",""
"    [#0239] PC P-38:5 or PC O-38:6 Isomer A ","","","","","",""
"    [#0240] PC P-40:4 or PC O-40:5 ","","","","","",""
"    [#0241] PC P-40:5 or PC O-40:6 ","","","","","",""
"    [#0242] PC P-40:6 or PC O-40:7 Isomer A ","","","","","",""
"    [#0243] PC P-40:6 or PC O-40:7 Isomer B ","","","","","",""
"    [#0244] PC P-40:7 or PC O-40:8 ","","","","","",""
"    [#0245] PC P-42:5 or PC O-42:6","","","","","",""
"    [#0248] PE 16:0_16::1 ","","","","","",""
"    [#0249] PE 16:1_18:1 ","","","","","",""
"    [#0250] PE 18:0_22:3 ","","","","","",""
"    [#0251] PE 34:0 ","","","","","",""
"    [#0252] PE 34:1 ","","","","","",""
"    [#0253] PE 36:1 ","","","","","",""
"    [#0254] PE 36:2 ","","","","","",""
"    [#0255] PE 36:3 ","","","","","",""
"    [#0256] PE 36:4 ","","","","","",""
"    [#0257] PE 36:5|PE 16:0_20:5","","","","","",""
"    [#0258] PE 37:5|PE 17:0_20:5","","","","","",""
"    [#0259] PE 38:2 ","","","","","",""
"    [#0260] PE 38:4 ","","","","","",""
"    [#0261] PE 38:4|PE 18:0_20:4","","","","","",""
"    [#0262] PE 38:5 ","","","","","",""
"    [#0263] PE 38:6 ","","","","","",""
"    [#0264] PE 38:6 Isomer B ","","","","","",""
"    [#0265] PE 38:7|PE 18:2_20:5 Isomer A","","","","","",""
"    [#0266] PE 38:7|PE 18:2_20:5 Isomer B","","","","","",""
"    [#0267] PE 40:10|PE 20:5_20:5","","","","","",""
"    [#0268] PE 40:6|PE 18:1_22:5","","","","","",""
"    [#0269] PE 40:7|PE 18:1_22:6","","","","","",""
"    [#0270] PE O-16:1_18:1 ","","","","","",""
"    [#0271] PE O-16:1_18:2 ","","","","","",""
"    [#0272] PE O-16:1_22:6 ","","","","","",""
"    [#0273] PE O-18:1_22:6 ","","","","","",""
"    [#0274] PE O-18:2_18:2 ","","","","","",""
"    [#0275] PE O-18:2_22:6 ","","","","","",""
"    [#0276] PE O-22:6_16:1 ","","","","","",""
"    [#0277] PE O-36:1 ","","","","","",""
"    [#0278] PE O-36:3 ","","","","","",""
"    [#0279] PE O-36:4 Isomer B","","","","","",""
"    [#0280] PE O-38:2 ","","","","","",""
"    [#0281] PE O-38:6 Isomer B ","","","","","",""
"    [#0282] PE O-38:7 ","","","","","",""
"    [#0283] PE O-40:5 Isomer B ","","","","","",""
"    [#0284] PE O-40:6 Isomer B ","","","","","",""
"    [#0285] PE O-40:8 ","","","","","",""
"    [#0286] PE P-34:1 or PE O-34:2 ","","","","","",""
"    [#0287] PE P-36:1 or PE O-36:2","","","","","",""
"    [#0288] PE P-36:4 or PE O-36:5 ","","","","","",""
"    [#0289] PE P-36:5 or PE O-36:6 ","","","","","",""
"    [#0290] PE P-38:4 or PE O-38:5 Isomer A","","","","","",""
"    [#0291] PE P-38:4 or PE O-38:5 Isomer B","","","","","",""
"    [#0292] PE P-38:5 or PE O-38:6 ","","","","","",""
"    [#0293] PE P-40:5 or PE O-40:6 ","","","","","",""
"    [#0305] PI 18:0_20:2 ","","","","","",""
"    [#0306] PI 18:0_20:4 ","","","","","",""
"    [#0307] PI 18:1_22:4 ","","","","","",""
"    [#0308] PI 18:1_22:6 ","","","","","",""
"    [#0309] PI 34:1 Isomer A ","","","","","",""
"    [#0310] PI 34:2 ","","","","","",""
"    [#0311] PI 36:3 Isomer B ","","","","","",""
"    [#0312] PI 36:5 ","","","","","",""
"    [#0313] PI 38:4 ","","","","","",""
"    [#0314] PI 38:5","","","","","",""
"    [#0315] PI 38:5 ","","","","","",""
"    [#0416] PC 18:2_20:5","","","","","",""
"    [#0417] PC O-18:0_16:0","","","","","",""
"    [#0418] PC 38:7","","","","","",""
"    [#0419] PE 38:6 Isomer B","","","","","",""
"    [#0421] PE O-16:1_18:1","","","","","",""
"    [#0422] PC 36:4 Isomer A","","","","","",""
"    [#0424] PC 36:5 Isomer B","","","","","",""
"    [#0426] PC 34:3","","","","","",""
"    [#0427] PC 36:5 Isomer D","","","","","",""
"    [#0428] PC 34:3 Isomer B","","","","","",""
"    [#0429] PC 16:0_18:2","","","","","",""
"    [#0431] PE P-34:1 or PE O-34:2","","","","","",""
"    [#0432] PC 40:7 Isomer B","","","","","",""
"    [#0433] PC 19:1","","","","","",""
"    [#0434] Cer d34:0","","","","","",""
"    [#0435] PC P-36:2 or PC O-36:3","","","","","",""
"    [#0436] PC 40:7","","","","","",""
"    [#0437] PC 36:5 Isomer A","","","","","",""
"    [#0438] PC 36:6","","","","","",""
"    [#0439] PC O-36:1","","","","","",""
"    [#0440] Cer d42:2","","","","","",""
"    [#0442] PC O-39:8","","","","","",""
"    [#0445] Cer d40:1","","","","","",""
"    [#0446] Cer d41:1","","","","","",""
"    [#0447] PC 39:6","","","","","",""
"    [#0448] PC 39:6","","","","","",""
"    [#0450] Cer d40:2","","","","","",""
"    [#0451] LPE 18:2","","","","","",""
"    [#0454] PC P-36:3 or PC O-36:4","","","","","",""
"    [#0458] PC O-33:0","","","","","",""
"    [#0459] PC 38:6 Isomer A","","","","","",""
"    [#0460] PC 42:7","","","","","",""
"    [#0463] Cer d39:1","","","","","",""
"    [#0465] PC 36:3 Isomer A","","","","","",""
"    [#0466] PC P-38:5 or PC O-38:6 Isomer A","","","","","",""
"    [#0467] PC 35:3","","","","","",""
"    [#0468] PC 35:3","","","","","",""
"    [#0472] Cer d36:2","","","","","",""
"LION:0000010","glycerophosphocholines [GP01]","179","39","31.75","0.0453","0.508"
"    [#0078] LPC 16:0 ","","","","","",""
"    [#0079] LPC 18:0 Isomer B ","","","","","",""
"    [#0080] LPC 18:1 ","","","","","",""
"    [#0081] LPC 18:2 ","","","","","",""
"    [#0082] LPC 20:0 ","","","","","",""
"    [#0083] LPC 20:1 ","","","","","",""
"    [#0084] LPC 20:2 ","","","","","",""
"    [#0085] LPC 20:5 ","","","","","",""
"    [#0086] LPC 22:6 ","","","","","",""
"    [#0087] LPC 32:1 ","","","","","",""
"    [#0088] LPC 40:7 ","","","","","",""
"    [#0089] LPC O-16:0 ","","","","","",""
"    [#0090] LPC O-18:0 ","","","","","",""
"    [#0107] PC 14:0_16:1 ","","","","","",""
"    [#0108] PC 16:0/9:0 CHO ","","","","","",""
"    [#0109] PC 16:0_14:0 ","","","","","",""
"    [#0110] PC 16:0_18:2 ","","","","","",""
"    [#0111] PC 16:0_22:6 ","","","","","",""
"    [#0112] PC 16:1/18:4 ","","","","","",""
"    [#0113] PC 18:0_18:1 ","","","","","",""
"    [#0114] PC 18:0_22:6 ","","","","","",""
"    [#0115] PC 18:2_20:5 ","","","","","",""
"    [#0116] PC 19:1 ","","","","","",""
"    [#0117] PC 20:1_20:1 ","","","","","",""
"    [#0118] PC 21:4 ","","","","","",""
"    [#0119] PC 22:4 ","","","","","",""
"    [#0120] PC 24:0 ","","","","","",""
"    [#0121] PC 24:0|PC 10:0_14:0","","","","","",""
"    [#0122] PC 26:0|PC 10:0_16:0","","","","","",""
"    [#0123] PC 29:0 ","","","","","",""
"    [#0124] PC 31:0","","","","","",""
"    [#0125] PC 31:1 ","","","","","",""
"    [#0126] PC 32:0 ","","","","","",""
"    [#0127] PC 32:1 Isomer A","","","","","",""
"    [#0128] PC 32:1 Isomer B","","","","","",""
"    [#0129] PC 32:2 Isomer A","","","","","",""
"    [#0130] PC 32:2 Isomer B","","","","","",""
"    [#0131] PC 33:0 ","","","","","",""
"    [#0132] PC 33:1 Isomer A","","","","","",""
"    [#0133] PC 33:1 Isomer B","","","","","",""
"    [#0134] PC 33:2 Isomer A","","","","","",""
"    [#0135] PC 33:2 Isomer B","","","","","",""
"    [#0136] PC 34:0","","","","","",""
"    [#0137] PC 34:1 Isomer A","","","","","",""
"    [#0138] PC 34:1 Isomer B","","","","","",""
"    [#0139] PC 34:2 Isomer A","","","","","",""
"    [#0140] PC 34:2 Isomer B","","","","","",""
"    [#0141] PC 34:3 ","","","","","",""
"    [#0142] PC 34:3 Isomer B ","","","","","",""
"    [#0143] PC 34:4 Isomer A","","","","","",""
"    [#0144] PC 34:4 Isomer B ","","","","","",""
"    [#0145] PC 35:1 Isomer A","","","","","",""
"    [#0146] PC 35:1 Isomer B","","","","","",""
"    [#0147] PC 35:2 ","","","","","",""
"    [#0148] PC 35:2 Isomer B ","","","","","",""
"    [#0149] PC 35:3 ","","","","","",""
"    [#0150] PC 35:4 Isomer A","","","","","",""
"    [#0151] PC 35:4 Isomer B","","","","","",""
"    [#0152] PC 36:1 Isomer A","","","","","",""
"    [#0153] PC 36:1 Isomer B","","","","","",""
"    [#0154] PC 36:2 Isomer A","","","","","",""
"    [#0155] PC 36:2 Isomer B","","","","","",""
"    [#0156] PC 36:3 Isomer A ","","","","","",""
"    [#0157] PC 36:3 Isomer AB","","","","","",""
"    [#0158] PC 36:4 Isomer A ","","","","","",""
"    [#0159] PC 36:4 Isomer B","","","","","",""
"    [#0160] PC 36:4 Isomer C ","","","","","",""
"    [#0161] PC 36:5 Isomer A ","","","","","",""
"    [#0162] PC 36:5 Isomer B ","","","","","",""
"    [#0163] PC 36:5 Isomer C ","","","","","",""
"    [#0164] PC 36:5 Isomer D ","","","","","",""
"    [#0165] PC 36:6 ","","","","","",""
"    [#0166] PC 37:2 Isomer A","","","","","",""
"    [#0167] PC 37:2 Isomer B","","","","","",""
"    [#0168] PC 37:3 ","","","","","",""
"    [#0169] PC 37:4 ","","","","","",""
"    [#0170] PC 38:2 Isomer A","","","","","",""
"    [#0171] PC 38:3 Isomer A","","","","","",""
"    [#0172] PC 38:4 Isomer A ","","","","","",""
"    [#0173] PC 38:4 Isomer C ","","","","","",""
"    [#0174] PC 38:5 Isomer A ","","","","","",""
"    [#0175] PC 38:5 Isomer B ","","","","","",""
"    [#0176] PC 38:6 Isomer A ","","","","","",""
"    [#0177] PC 38:6 Isomer B","","","","","",""
"    [#0178] PC 38:6 Isomer C ","","","","","",""
"    [#0179] PC 38:7 ","","","","","",""
"    [#0180] PC 38:8 ","","","","","",""
"    [#0181] PC 39:5 Isomer B","","","","","",""
"    [#0182] PC 39:6 ","","","","","",""
"    [#0183] PC 40:3 ","","","","","",""
"    [#0184] PC 40:4 Isomer B","","","","","",""
"    [#0185] PC 40:4 Isomer C","","","","","",""
"    [#0186] PC 40:5 Isomer A ","","","","","",""
"    [#0187] PC 40:5 Isomer B ","","","","","",""
"    [#0188] PC 40:6 Isomer A ","","","","","",""
"    [#0189] PC 40:6 Isomer B ","","","","","",""
"    [#0190] PC 40:7 ","","","","","",""
"    [#0191] PC 40:7 Isomer A ","","","","","",""
"    [#0192] PC 40:7 Isomer B ","","","","","",""
"    [#0193] PC 40:8 Isomer A","","","","","",""
"    [#0194] PC 40:8 Isomer B","","","","","",""
"    [#0195] PC 41:6|PC 19:0_22:6","","","","","",""
"    [#0196] PC 42:5 ","","","","","",""
"    [#0197] PC 42:6 Isomer A","","","","","",""
"    [#0198] PC 42:6 Isomer B","","","","","",""
"    [#0199] PC 42:7 ","","","","","",""
"    [#0200] PC 42:9 ","","","","","",""
"    [#0201] PC 44:12","","","","","",""
"    [#0202] PC O-16:0_20:4 ","","","","","",""
"    [#0203] PC O-18:0_16:0 ","","","","","",""
"    [#0204] PC O-18:1_20:4 ","","","","","",""
"    [#0205] PC O-29:0","","","","","",""
"    [#0206] PC O-30:0|PC O-14:0_16:0","","","","","",""
"    [#0207] PC O-31:0","","","","","",""
"    [#0208] PC O-31:0|PC O-15:0_16:0","","","","","",""
"    [#0209] PC O-32:0 ","","","","","",""
"    [#0210] PC O-32:2 ","","","","","",""
"    [#0211] PC O-33:0 ","","","","","",""
"    [#0212] PC O-33:6 ","","","","","",""
"    [#0213] PC O-34:0 Isomer A","","","","","",""
"    [#0214] PC O-34:0 Isomer B","","","","","",""
"    [#0215] PC O-34:1|PC O-16:0_18:1","","","","","",""
"    [#0216] PC O-34:2 ","","","","","",""
"    [#0217] PC O-36:1 ","","","","","",""
"    [#0218] PC O-37:5 ","","","","","",""
"    [#0219] PC O-37:6 ","","","","","",""
"    [#0220] PC O-38:7 ","","","","","",""
"    [#0221] PC O-39:8 ","","","","","",""
"    [#0222] PC O-40:5 ","","","","","",""
"    [#0223] PC O-40:7 ","","","","","",""
"    [#0224] PC O-42:7 or PC 42:7e ","","","","","",""
"    [#0225] PC P-32:1 or PC O-32:2 ","","","","","",""
"    [#0226] PC P-34:0 or PC O-34:1 ","","","","","",""
"    [#0227] PC P-34:1 or PC O-34:2","","","","","",""
"    [#0228] PC P-34:1 or PC O-34:2 ","","","","","",""
"    [#0229] PC P-36:1 or PC O-36:2","","","","","",""
"    [#0230] PC P-36:1 or PC O-36:2 ","","","","","",""
"    [#0231] PC P-36:2 or PC O-36:3 ","","","","","",""
"    [#0232] PC P-36:3 or PC O-36:4 ","","","","","",""
"    [#0233] PC P-38:3 or PC O-38:4","","","","","",""
"    [#0234] PC P-38:3 or PC O-38:4 ","","","","","",""
"    [#0235] PC P-38:4 or PC O-38:5 Isomer A ","","","","","",""
"    [#0236] PC P-38:4 or PC O-38:5 Isomer B ","","","","","",""
"    [#0237] PC P-38:4 or PC O-38:5 Isomer C","","","","","",""
"    [#0238] PC P-38:5 or PC O-38:6 ","","","","","",""
"    [#0239] PC P-38:5 or PC O-38:6 Isomer A ","","","","","",""
"    [#0240] PC P-40:4 or PC O-40:5 ","","","","","",""
"    [#0241] PC P-40:5 or PC O-40:6 ","","","","","",""
"    [#0242] PC P-40:6 or PC O-40:7 Isomer A ","","","","","",""
"    [#0243] PC P-40:6 or PC O-40:7 Isomer B ","","","","","",""
"    [#0244] PC P-40:7 or PC O-40:8 ","","","","","",""
"    [#0245] PC P-42:5 or PC O-42:6","","","","","",""
"    [#0416] PC 18:2_20:5","","","","","",""
"    [#0417] PC O-18:0_16:0","","","","","",""
"    [#0418] PC 38:7","","","","","",""
"    [#0422] PC 36:4 Isomer A","","","","","",""
"    [#0424] PC 36:5 Isomer B","","","","","",""
"    [#0426] PC 34:3","","","","","",""
"    [#0427] PC 36:5 Isomer D","","","","","",""
"    [#0428] PC 34:3 Isomer B","","","","","",""
"    [#0429] PC 16:0_18:2","","","","","",""
"    [#0432] PC 40:7 Isomer B","","","","","",""
"    [#0433] PC 19:1","","","","","",""
"    [#0435] PC P-36:2 or PC O-36:3","","","","","",""
"    [#0436] PC 40:7","","","","","",""
"    [#0437] PC 36:5 Isomer A","","","","","",""
"    [#0438] PC 36:6","","","","","",""
"    [#0439] PC O-36:1","","","","","",""
"    [#0442] PC O-39:8","","","","","",""
"    [#0447] PC 39:6","","","","","",""
"    [#0448] PC 39:6","","","","","",""
"    [#0454] PC P-36:3 or PC O-36:4","","","","","",""
"    [#0458] PC O-33:0","","","","","",""
"    [#0459] PC 38:6 Isomer A","","","","","",""
"    [#0460] PC 42:7","","","","","",""
"    [#0465] PC 36:3 Isomer A","","","","","",""
"    [#0466] PC P-38:5 or PC O-38:6 Isomer A","","","","","",""
"    [#0467] PC 35:3","","","","","",""
"    [#0468] PC 35:3","","","","","",""
"LION:0001741","below average transition temperature","39","11","6.92","0.0633","0.638"
"    [#0111] PC 16:0_22:6 ","","","","","",""
"    [#0112] PC 16:1/18:4 ","","","","","",""
"    [#0114] PC 18:0_22:6 ","","","","","",""
"    [#0115] PC 18:2_20:5 ","","","","","",""
"    [#0141] PC 34:3 ","","","","","",""
"    [#0149] PC 35:3 ","","","","","",""
"    [#0165] PC 36:6 ","","","","","",""
"    [#0168] PC 37:3 ","","","","","",""
"    [#0169] PC 37:4 ","","","","","",""
"    [#0179] PC 38:7 ","","","","","",""
"    [#0180] PC 38:8 ","","","","","",""
"    [#0182] PC 39:6 ","","","","","",""
"    [#0190] PC 40:7 ","","","","","",""
"    [#0199] PC 42:7 ","","","","","",""
"    [#0200] PC 42:9 ","","","","","",""
"    [#0201] PC 44:12","","","","","",""
"    [#0249] PE 16:1_18:1 ","","","","","",""
"    [#0255] PE 36:3 ","","","","","",""
"    [#0256] PE 36:4 ","","","","","",""
"    [#0260] PE 38:4 ","","","","","",""
"    [#0262] PE 38:5 ","","","","","",""
"    [#0263] PE 38:6 ","","","","","",""
"    [#0302] PG 36:2 ","","","","","",""
"    [#0303] PG 38:7 ","","","","","",""
"    [#0319] PS 16:0_22:4 ","","","","","",""
"    [#0320] PS 18:0_22:6 ","","","","","",""
"    [#0325] PS 40:5 ","","","","","",""
"    [#0338] SM d32:2 ","","","","","",""
"    [#0350] SM d36:4 ","","","","","",""
"    [#0416] PC 18:2_20:5","","","","","",""
"    [#0418] PC 38:7","","","","","",""
"    [#0426] PC 34:3","","","","","",""
"    [#0436] PC 40:7","","","","","",""
"    [#0438] PC 36:6","","","","","",""
"    [#0447] PC 39:6","","","","","",""
"    [#0448] PC 39:6","","","","","",""
"    [#0460] PC 42:7","","","","","",""
"    [#0467] PC 35:3","","","","","",""
"    [#0468] PC 35:3","","","","","",""
"LION:0001736","low transition temperature","26","8","4.61","0.0695","0.638"
"    [#0114] PC 18:0_22:6 ","","","","","",""
"    [#0141] PC 34:3 ","","","","","",""
"    [#0149] PC 35:3 ","","","","","",""
"    [#0168] PC 37:3 ","","","","","",""
"    [#0169] PC 37:4 ","","","","","",""
"    [#0182] PC 39:6 ","","","","","",""
"    [#0190] PC 40:7 ","","","","","",""
"    [#0199] PC 42:7 ","","","","","",""
"    [#0200] PC 42:9 ","","","","","",""
"    [#0201] PC 44:12","","","","","",""
"    [#0249] PE 16:1_18:1 ","","","","","",""
"    [#0255] PE 36:3 ","","","","","",""
"    [#0256] PE 36:4 ","","","","","",""
"    [#0260] PE 38:4 ","","","","","",""
"    [#0262] PE 38:5 ","","","","","",""
"    [#0302] PG 36:2 ","","","","","",""
"    [#0325] PS 40:5 ","","","","","",""
"    [#0338] SM d32:2 ","","","","","",""
"    [#0350] SM d36:4 ","","","","","",""
"    [#0426] PC 34:3","","","","","",""
"    [#0436] PC 40:7","","","","","",""
"    [#0447] PC 39:6","","","","","",""
"    [#0448] PC 39:6","","","","","",""
"    [#0460] PC 42:7","","","","","",""
"    [#0467] PC 35:3","","","","","",""
"    [#0468] PC 35:3","","","","","",""
"LION:0041265","PC(35:3)","3","2","0.53","0.0826","0.642"
"    [#0149] PC 35:3 ","","","","","",""
"    [#0467] PC 35:3","","","","","",""
"    [#0468] PC 35:3","","","","","",""
"LION:0041336","PC(39:6)","3","2","0.53","0.0826","0.642"
"    [#0182] PC 39:6 ","","","","","",""
"    [#0447] PC 39:6","","","","","",""
"    [#0448] PC 39:6","","","","","",""
"LION:0000038","diacylglycerophosphoethanolamines [GP0201]","23","7","4.08","0.0926","0.668"
"    [#0248] PE 16:0_16::1 ","","","","","",""
"    [#0249] PE 16:1_18:1 ","","","","","",""
"    [#0250] PE 18:0_22:3 ","","","","","",""
"    [#0251] PE 34:0 ","","","","","",""
"    [#0252] PE 34:1 ","","","","","",""
"    [#0253] PE 36:1 ","","","","","",""
"    [#0254] PE 36:2 ","","","","","",""
"    [#0255] PE 36:3 ","","","","","",""
"    [#0256] PE 36:4 ","","","","","",""
"    [#0257] PE 36:5|PE 16:0_20:5","","","","","",""
"    [#0258] PE 37:5|PE 17:0_20:5","","","","","",""
"    [#0259] PE 38:2 ","","","","","",""
"    [#0260] PE 38:4 ","","","","","",""
"    [#0261] PE 38:4|PE 18:0_20:4","","","","","",""
"    [#0262] PE 38:5 ","","","","","",""
"    [#0263] PE 38:6 ","","","","","",""
"    [#0264] PE 38:6 Isomer B ","","","","","",""
"    [#0265] PE 38:7|PE 18:2_20:5 Isomer A","","","","","",""
"    [#0266] PE 38:7|PE 18:2_20:5 Isomer B","","","","","",""
"    [#0267] PE 40:10|PE 20:5_20:5","","","","","",""
"    [#0268] PE 40:6|PE 18:1_22:5","","","","","",""
"    [#0269] PE 40:7|PE 18:1_22:6","","","","","",""
"    [#0419] PE 38:6 Isomer B","","","","","",""
"LION:0000190","PC(38:7)","4","2","0.71","0.1464","0.971"
"    [#0115] PC 18:2_20:5 ","","","","","",""
"    [#0179] PC 38:7 ","","","","","",""
"    [#0416] PC 18:2_20:5","","","","","",""
"    [#0418] PC 38:7","","","","","",""
"LION:0001739","very high transition temperature","8","3","1.42","0.1539","0.971"
"    [#0251] PE 34:0 ","","","","","",""
"    [#0304] PG 44:12 ","","","","","",""
"    [#0334] SM d32:0 ","","","","","",""
"    [#0340] SM d34:0 ","","","","","",""
"    [#0346] SM d36:0 ","","","","","",""
"    [#0423] SM d34:0","","","","","",""
"    [#0425] SM d36:0","","","","","",""
"    [#0453] SM d32:0","","","","","",""
"LION:0000464","negative intrinsic curvature","88","19","15.61","0.1832","1.000"
"    [#0017] Cer 18:0;2O_20:0 ","","","","","",""
"    [#0018] Cer 22:0;2O/26:0 ","","","","","",""
"    [#0019] Cer 32:1;2O|Cer 14:1;O2/18:0","","","","","",""
"    [#0020] Cer 34:1;O2|Cer 14:1;O2/20:0","","","","","",""
"    [#0021] Cer 58:11;2O ","","","","","",""
"    [#0022] Cer d32:1 ","","","","","",""
"    [#0023] Cer d33:1 ","","","","","",""
"    [#0024] Cer d34:0 ","","","","","",""
"    [#0025] Cer d34:1 Isomer B","","","","","",""
"    [#0026] Cer d34:2 ","","","","","",""
"    [#0027] Cer d35:1 ","","","","","",""
"    [#0028] Cer d36:1 Isomer B","","","","","",""
"    [#0029] Cer d36:2 ","","","","","",""
"    [#0030] Cer d37:1 ","","","","","",""
"    [#0031] Cer d38:1 ","","","","","",""
"    [#0032] Cer d38:2 ","","","","","",""
"    [#0033] Cer d39:1 ","","","","","",""
"    [#0034] Cer d39:2 ","","","","","",""
"    [#0035] Cer d40:1 ","","","","","",""
"    [#0036] Cer d40:2 ","","","","","",""
"    [#0037] Cer d41:1 ","","","","","",""
"    [#0038] Cer d41:2 ","","","","","",""
"    [#0039] Cer d42:2 ","","","","","",""
"    [#0040] Cer d42:3 ","","","","","",""
"    [#0041] Cer d46:1 ","","","","","",""
"    [#0043] Cholesterol ","","","","","",""
"    [#0045] DG 34:1 ","","","","","",""
"    [#0046] DG 36:5 ","","","","","",""
"    [#0047] DG 38:5 ","","","","","",""
"    [#0048] DG 38:6 ","","","","","",""
"    [#0248] PE 16:0_16::1 ","","","","","",""
"    [#0249] PE 16:1_18:1 ","","","","","",""
"    [#0250] PE 18:0_22:3 ","","","","","",""
"    [#0251] PE 34:0 ","","","","","",""
"    [#0252] PE 34:1 ","","","","","",""
"    [#0253] PE 36:1 ","","","","","",""
"    [#0254] PE 36:2 ","","","","","",""
"    [#0255] PE 36:3 ","","","","","",""
"    [#0256] PE 36:4 ","","","","","",""
"    [#0257] PE 36:5|PE 16:0_20:5","","","","","",""
"    [#0258] PE 37:5|PE 17:0_20:5","","","","","",""
"    [#0259] PE 38:2 ","","","","","",""
"    [#0260] PE 38:4 ","","","","","",""
"    [#0261] PE 38:4|PE 18:0_20:4","","","","","",""
"    [#0262] PE 38:5 ","","","","","",""
"    [#0263] PE 38:6 ","","","","","",""
"    [#0264] PE 38:6 Isomer B ","","","","","",""
"    [#0265] PE 38:7|PE 18:2_20:5 Isomer A","","","","","",""
"    [#0266] PE 38:7|PE 18:2_20:5 Isomer B","","","","","",""
"    [#0267] PE 40:10|PE 20:5_20:5","","","","","",""
"    [#0268] PE 40:6|PE 18:1_22:5","","","","","",""
"    [#0269] PE 40:7|PE 18:1_22:6","","","","","",""
"    [#0270] PE O-16:1_18:1 ","","","","","",""
"    [#0271] PE O-16:1_18:2 ","","","","","",""
"    [#0272] PE O-16:1_22:6 ","","","","","",""
"    [#0273] PE O-18:1_22:6 ","","","","","",""
"    [#0274] PE O-18:2_18:2 ","","","","","",""
"    [#0275] PE O-18:2_22:6 ","","","","","",""
"    [#0276] PE O-22:6_16:1 ","","","","","",""
"    [#0277] PE O-36:1 ","","","","","",""
"    [#0278] PE O-36:3 ","","","","","",""
"    [#0279] PE O-36:4 Isomer B","","","","","",""
"    [#0280] PE O-38:2 ","","","","","",""
"    [#0281] PE O-38:6 Isomer B ","","","","","",""
"    [#0282] PE O-38:7 ","","","","","",""
"    [#0283] PE O-40:5 Isomer B ","","","","","",""
"    [#0284] PE O-40:6 Isomer B ","","","","","",""
"    [#0285] PE O-40:8 ","","","","","",""
"    [#0286] PE P-34:1 or PE O-34:2 ","","","","","",""
"    [#0287] PE P-36:1 or PE O-36:2","","","","","",""
"    [#0288] PE P-36:4 or PE O-36:5 ","","","","","",""
"    [#0289] PE P-36:5 or PE O-36:6 ","","","","","",""
"    [#0290] PE P-38:4 or PE O-38:5 Isomer A","","","","","",""
"    [#0291] PE P-38:4 or PE O-38:5 Isomer B","","","","","",""
"    [#0292] PE P-38:5 or PE O-38:6 ","","","","","",""
"    [#0293] PE P-40:5 or PE O-40:6 ","","","","","",""
"    [#0419] PE 38:6 Isomer B","","","","","",""
"    [#0420] DG 38:6","","","","","",""
"    [#0421] PE O-16:1_18:1","","","","","",""
"    [#0431] PE P-34:1 or PE O-34:2","","","","","",""
"    [#0434] Cer d34:0","","","","","",""
"    [#0440] Cer d42:2","","","","","",""
"    [#0441] DG 36:5","","","","","",""
"    [#0445] Cer d40:1","","","","","",""
"    [#0446] Cer d41:1","","","","","",""
"    [#0450] Cer d40:2","","","","","",""
"    [#0463] Cer d39:1","","","","","",""
"    [#0472] Cer d36:2","","","","","",""
"LION:0000003","glycerophospholipids [GP]","260","50","46.12","0.1999","1.000"
"    [#0078] LPC 16:0 ","","","","","",""
"    [#0079] LPC 18:0 Isomer B ","","","","","",""
"    [#0080] LPC 18:1 ","","","","","",""
"    [#0081] LPC 18:2 ","","","","","",""
"    [#0082] LPC 20:0 ","","","","","",""
"    [#0083] LPC 20:1 ","","","","","",""
"    [#0084] LPC 20:2 ","","","","","",""
"    [#0085] LPC 20:5 ","","","","","",""
"    [#0086] LPC 22:6 ","","","","","",""
"    [#0087] LPC 32:1 ","","","","","",""
"    [#0088] LPC 40:7 ","","","","","",""
"    [#0089] LPC O-16:0 ","","","","","",""
"    [#0090] LPC O-18:0 ","","","","","",""
"    [#0091] LPE 16:0 ","","","","","",""
"    [#0092] LPE 18:0 ","","","","","",""
"    [#0093] LPE 18:1 ","","","","","",""
"    [#0094] LPE 18:2 ","","","","","",""
"    [#0095] LPE 20:4 ","","","","","",""
"    [#0096] LPE 20:5","","","","","",""
"    [#0097] LPE 22:6 ","","","","","",""
"    [#0098] LPE O-18:1 ","","","","","",""
"    [#0099] LPE O-20:0 ","","","","","",""
"    [#0100] LPS 18:0 ","","","","","",""
"    [#0107] PC 14:0_16:1 ","","","","","",""
"    [#0108] PC 16:0/9:0 CHO ","","","","","",""
"    [#0109] PC 16:0_14:0 ","","","","","",""
"    [#0110] PC 16:0_18:2 ","","","","","",""
"    [#0111] PC 16:0_22:6 ","","","","","",""
"    [#0112] PC 16:1/18:4 ","","","","","",""
"    [#0113] PC 18:0_18:1 ","","","","","",""
"    [#0114] PC 18:0_22:6 ","","","","","",""
"    [#0115] PC 18:2_20:5 ","","","","","",""
"    [#0116] PC 19:1 ","","","","","",""
"    [#0117] PC 20:1_20:1 ","","","","","",""
"    [#0118] PC 21:4 ","","","","","",""
"    [#0119] PC 22:4 ","","","","","",""
"    [#0120] PC 24:0 ","","","","","",""
"    [#0121] PC 24:0|PC 10:0_14:0","","","","","",""
"    [#0122] PC 26:0|PC 10:0_16:0","","","","","",""
"    [#0123] PC 29:0 ","","","","","",""
"    [#0124] PC 31:0","","","","","",""
"    [#0125] PC 31:1 ","","","","","",""
"    [#0126] PC 32:0 ","","","","","",""
"    [#0127] PC 32:1 Isomer A","","","","","",""
"    [#0128] PC 32:1 Isomer B","","","","","",""
"    [#0129] PC 32:2 Isomer A","","","","","",""
"    [#0130] PC 32:2 Isomer B","","","","","",""
"    [#0131] PC 33:0 ","","","","","",""
"    [#0132] PC 33:1 Isomer A","","","","","",""
"    [#0133] PC 33:1 Isomer B","","","","","",""
"    [#0134] PC 33:2 Isomer A","","","","","",""
"    [#0135] PC 33:2 Isomer B","","","","","",""
"    [#0136] PC 34:0","","","","","",""
"    [#0137] PC 34:1 Isomer A","","","","","",""
"    [#0138] PC 34:1 Isomer B","","","","","",""
"    [#0139] PC 34:2 Isomer A","","","","","",""
"    [#0140] PC 34:2 Isomer B","","","","","",""
"    [#0141] PC 34:3 ","","","","","",""
"    [#0142] PC 34:3 Isomer B ","","","","","",""
"    [#0143] PC 34:4 Isomer A","","","","","",""
"    [#0144] PC 34:4 Isomer B ","","","","","",""
"    [#0145] PC 35:1 Isomer A","","","","","",""
"    [#0146] PC 35:1 Isomer B","","","","","",""
"    [#0147] PC 35:2 ","","","","","",""
"    [#0148] PC 35:2 Isomer B ","","","","","",""
"    [#0149] PC 35:3 ","","","","","",""
"    [#0150] PC 35:4 Isomer A","","","","","",""
"    [#0151] PC 35:4 Isomer B","","","","","",""
"    [#0152] PC 36:1 Isomer A","","","","","",""
"    [#0153] PC 36:1 Isomer B","","","","","",""
"    [#0154] PC 36:2 Isomer A","","","","","",""
"    [#0155] PC 36:2 Isomer B","","","","","",""
"    [#0156] PC 36:3 Isomer A ","","","","","",""
"    [#0157] PC 36:3 Isomer AB","","","","","",""
"    [#0158] PC 36:4 Isomer A ","","","","","",""
"    [#0159] PC 36:4 Isomer B","","","","","",""
"    [#0160] PC 36:4 Isomer C ","","","","","",""
"    [#0161] PC 36:5 Isomer A ","","","","","",""
"    [#0162] PC 36:5 Isomer B ","","","","","",""
"    [#0163] PC 36:5 Isomer C ","","","","","",""
"    [#0164] PC 36:5 Isomer D ","","","","","",""
"    [#0165] PC 36:6 ","","","","","",""
"    [#0166] PC 37:2 Isomer A","","","","","",""
"    [#0167] PC 37:2 Isomer B","","","","","",""
"    [#0168] PC 37:3 ","","","","","",""
"    [#0169] PC 37:4 ","","","","","",""
"    [#0170] PC 38:2 Isomer A","","","","","",""
"    [#0171] PC 38:3 Isomer A","","","","","",""
"    [#0172] PC 38:4 Isomer A ","","","","","",""
"    [#0173] PC 38:4 Isomer C ","","","","","",""
"    [#0174] PC 38:5 Isomer A ","","","","","",""
"    [#0175] PC 38:5 Isomer B ","","","","","",""
"    [#0176] PC 38:6 Isomer A ","","","","","",""
"    [#0177] PC 38:6 Isomer B","","","","","",""
"    [#0178] PC 38:6 Isomer C ","","","","","",""
"    [#0179] PC 38:7 ","","","","","",""
"    [#0180] PC 38:8 ","","","","","",""
"    [#0181] PC 39:5 Isomer B","","","","","",""
"    [#0182] PC 39:6 ","","","","","",""
"    [#0183] PC 40:3 ","","","","","",""
"    [#0184] PC 40:4 Isomer B","","","","","",""
"    [#0185] PC 40:4 Isomer C","","","","","",""
"    [#0186] PC 40:5 Isomer A ","","","","","",""
"    [#0187] PC 40:5 Isomer B ","","","","","",""
"    [#0188] PC 40:6 Isomer A ","","","","","",""
"    [#0189] PC 40:6 Isomer B ","","","","","",""
"    [#0190] PC 40:7 ","","","","","",""
"    [#0191] PC 40:7 Isomer A ","","","","","",""
"    [#0192] PC 40:7 Isomer B ","","","","","",""
"    [#0193] PC 40:8 Isomer A","","","","","",""
"    [#0194] PC 40:8 Isomer B","","","","","",""
"    [#0195] PC 41:6|PC 19:0_22:6","","","","","",""
"    [#0196] PC 42:5 ","","","","","",""
"    [#0197] PC 42:6 Isomer A","","","","","",""
"    [#0198] PC 42:6 Isomer B","","","","","",""
"    [#0199] PC 42:7 ","","","","","",""
"    [#0200] PC 42:9 ","","","","","",""
"    [#0201] PC 44:12","","","","","",""
"    [#0202] PC O-16:0_20:4 ","","","","","",""
"    [#0203] PC O-18:0_16:0 ","","","","","",""
"    [#0204] PC O-18:1_20:4 ","","","","","",""
"    [#0205] PC O-29:0","","","","","",""
"    [#0206] PC O-30:0|PC O-14:0_16:0","","","","","",""
"    [#0207] PC O-31:0","","","","","",""
"    [#0208] PC O-31:0|PC O-15:0_16:0","","","","","",""
"    [#0209] PC O-32:0 ","","","","","",""
"    [#0210] PC O-32:2 ","","","","","",""
"    [#0211] PC O-33:0 ","","","","","",""
"    [#0212] PC O-33:6 ","","","","","",""
"    [#0213] PC O-34:0 Isomer A","","","","","",""
"    [#0214] PC O-34:0 Isomer B","","","","","",""
"    [#0215] PC O-34:1|PC O-16:0_18:1","","","","","",""
"    [#0216] PC O-34:2 ","","","","","",""
"    [#0217] PC O-36:1 ","","","","","",""
"    [#0218] PC O-37:5 ","","","","","",""
"    [#0219] PC O-37:6 ","","","","","",""
"    [#0220] PC O-38:7 ","","","","","",""
"    [#0221] PC O-39:8 ","","","","","",""
"    [#0222] PC O-40:5 ","","","","","",""
"    [#0223] PC O-40:7 ","","","","","",""
"    [#0224] PC O-42:7 or PC 42:7e ","","","","","",""
"    [#0225] PC P-32:1 or PC O-32:2 ","","","","","",""
"    [#0226] PC P-34:0 or PC O-34:1 ","","","","","",""
"    [#0227] PC P-34:1 or PC O-34:2","","","","","",""
"    [#0228] PC P-34:1 or PC O-34:2 ","","","","","",""
"    [#0229] PC P-36:1 or PC O-36:2","","","","","",""
"    [#0230] PC P-36:1 or PC O-36:2 ","","","","","",""
"    [#0231] PC P-36:2 or PC O-36:3 ","","","","","",""
"    [#0232] PC P-36:3 or PC O-36:4 ","","","","","",""
"    [#0233] PC P-38:3 or PC O-38:4","","","","","",""
"    [#0234] PC P-38:3 or PC O-38:4 ","","","","","",""
"    [#0235] PC P-38:4 or PC O-38:5 Isomer A ","","","","","",""
"    [#0236] PC P-38:4 or PC O-38:5 Isomer B ","","","","","",""
"    [#0237] PC P-38:4 or PC O-38:5 Isomer C","","","","","",""
"    [#0238] PC P-38:5 or PC O-38:6 ","","","","","",""
"    [#0239] PC P-38:5 or PC O-38:6 Isomer A ","","","","","",""
"    [#0240] PC P-40:4 or PC O-40:5 ","","","","","",""
"    [#0241] PC P-40:5 or PC O-40:6 ","","","","","",""
"    [#0242] PC P-40:6 or PC O-40:7 Isomer A ","","","","","",""
"    [#0243] PC P-40:6 or PC O-40:7 Isomer B ","","","","","",""
"    [#0244] PC P-40:7 or PC O-40:8 ","","","","","",""
"    [#0245] PC P-42:5 or PC O-42:6","","","","","",""
"    [#0248] PE 16:0_16::1 ","","","","","",""
"    [#0249] PE 16:1_18:1 ","","","","","",""
"    [#0250] PE 18:0_22:3 ","","","","","",""
"    [#0251] PE 34:0 ","","","","","",""
"    [#0252] PE 34:1 ","","","","","",""
"    [#0253] PE 36:1 ","","","","","",""
"    [#0254] PE 36:2 ","","","","","",""
"    [#0255] PE 36:3 ","","","","","",""
"    [#0256] PE 36:4 ","","","","","",""
"    [#0257] PE 36:5|PE 16:0_20:5","","","","","",""
"    [#0258] PE 37:5|PE 17:0_20:5","","","","","",""
"    [#0259] PE 38:2 ","","","","","",""
"    [#0260] PE 38:4 ","","","","","",""
"    [#0261] PE 38:4|PE 18:0_20:4","","","","","",""
"    [#0262] PE 38:5 ","","","","","",""
"    [#0263] PE 38:6 ","","","","","",""
"    [#0264] PE 38:6 Isomer B ","","","","","",""
"    [#0265] PE 38:7|PE 18:2_20:5 Isomer A","","","","","",""
"    [#0266] PE 38:7|PE 18:2_20:5 Isomer B","","","","","",""
"    [#0267] PE 40:10|PE 20:5_20:5","","","","","",""
"    [#0268] PE 40:6|PE 18:1_22:5","","","","","",""
"    [#0269] PE 40:7|PE 18:1_22:6","","","","","",""
"    [#0270] PE O-16:1_18:1 ","","","","","",""
"    [#0271] PE O-16:1_18:2 ","","","","","",""
"    [#0272] PE O-16:1_22:6 ","","","","","",""
"    [#0273] PE O-18:1_22:6 ","","","","","",""
"    [#0274] PE O-18:2_18:2 ","","","","","",""
"    [#0275] PE O-18:2_22:6 ","","","","","",""
"    [#0276] PE O-22:6_16:1 ","","","","","",""
"    [#0277] PE O-36:1 ","","","","","",""
"    [#0278] PE O-36:3 ","","","","","",""
"    [#0279] PE O-36:4 Isomer B","","","","","",""
"    [#0280] PE O-38:2 ","","","","","",""
"    [#0281] PE O-38:6 Isomer B ","","","","","",""
"    [#0282] PE O-38:7 ","","","","","",""
"    [#0283] PE O-40:5 Isomer B ","","","","","",""
"    [#0284] PE O-40:6 Isomer B ","","","","","",""
"    [#0285] PE O-40:8 ","","","","","",""
"    [#0286] PE P-34:1 or PE O-34:2 ","","","","","",""
"    [#0287] PE P-36:1 or PE O-36:2","","","","","",""
"    [#0288] PE P-36:4 or PE O-36:5 ","","","","","",""
"    [#0289] PE P-36:5 or PE O-36:6 ","","","","","",""
"    [#0290] PE P-38:4 or PE O-38:5 Isomer A","","","","","",""
"    [#0291] PE P-38:4 or PE O-38:5 Isomer B","","","","","",""
"    [#0292] PE P-38:5 or PE O-38:6 ","","","","","",""
"    [#0293] PE P-40:5 or PE O-40:6 ","","","","","",""
"    [#0302] PG 36:2 ","","","","","",""
"    [#0303] PG 38:7 ","","","","","",""
"    [#0304] PG 44:12 ","","","","","",""
"    [#0305] PI 18:0_20:2 ","","","","","",""
"    [#0306] PI 18:0_20:4 ","","","","","",""
"    [#0307] PI 18:1_22:4 ","","","","","",""
"    [#0308] PI 18:1_22:6 ","","","","","",""
"    [#0309] PI 34:1 Isomer A ","","","","","",""
"    [#0310] PI 34:2 ","","","","","",""
"    [#0311] PI 36:3 Isomer B ","","","","","",""
"    [#0312] PI 36:5 ","","","","","",""
"    [#0313] PI 38:4 ","","","","","",""
"    [#0314] PI 38:5","","","","","",""
"    [#0315] PI 38:5 ","","","","","",""
"    [#0319] PS 16:0_22:4 ","","","","","",""
"    [#0320] PS 18:0_22:6 ","","","","","",""
"    [#0321] PS 34:1 ","","","","","",""
"    [#0322] PS 36:1 ","","","","","",""
"    [#0323] PS 36:2 ","","","","","",""
"    [#0324] PS 38:5|PS 18:0_20:5","","","","","",""
"    [#0325] PS 40:5 ","","","","","",""
"    [#0416] PC 18:2_20:5","","","","","",""
"    [#0417] PC O-18:0_16:0","","","","","",""
"    [#0418] PC 38:7","","","","","",""
"    [#0419] PE 38:6 Isomer B","","","","","",""
"    [#0421] PE O-16:1_18:1","","","","","",""
"    [#0422] PC 36:4 Isomer A","","","","","",""
"    [#0424] PC 36:5 Isomer B","","","","","",""
"    [#0426] PC 34:3","","","","","",""
"    [#0427] PC 36:5 Isomer D","","","","","",""
"    [#0428] PC 34:3 Isomer B","","","","","",""
"    [#0429] PC 16:0_18:2","","","","","",""
"    [#0431] PE P-34:1 or PE O-34:2","","","","","",""
"    [#0432] PC 40:7 Isomer B","","","","","",""
"    [#0433] PC 19:1","","","","","",""
"    [#0435] PC P-36:2 or PC O-36:3","","","","","",""
"    [#0436] PC 40:7","","","","","",""
"    [#0437] PC 36:5 Isomer A","","","","","",""
"    [#0438] PC 36:6","","","","","",""
"    [#0439] PC O-36:1","","","","","",""
"    [#0442] PC O-39:8","","","","","",""
"    [#0447] PC 39:6","","","","","",""
"    [#0448] PC 39:6","","","","","",""
"    [#0451] LPE 18:2","","","","","",""
"    [#0454] PC P-36:3 or PC O-36:4","","","","","",""
"    [#0458] PC O-33:0","","","","","",""
"    [#0459] PC 38:6 Isomer A","","","","","",""
"    [#0460] PC 42:7","","","","","",""
"    [#0465] PC 36:3 Isomer A","","","","","",""
"    [#0466] PC P-38:5 or PC O-38:6 Isomer A","","","","","",""
"    [#0467] PC 35:3","","","","","",""
"    [#0468] PC 35:3","","","","","",""
"LION:0000002","glycerolipids [GL]","69","15","12.24","0.2164","1.000"
"    [#0045] DG 34:1 ","","","","","",""
"    [#0046] DG 36:5 ","","","","","",""
"    [#0047] DG 38:5 ","","","","","",""
"    [#0048] DG 38:6 ","","","","","",""
"    [#0359] TG 14:0_16:0_17:1 ","","","","","",""
"    [#0360] TG 16:0_18:1_20:0 ","","","","","",""
"    [#0361] TG 16:2_18:2_18:3 ","","","","","",""
"    [#0362] TG 18:0_18:1_22:0 ","","","","","",""
"    [#0363] TG 19:2_19:2_19:2 ","","","","","",""
"    [#0364] TG 42:0 ","","","","","",""
"    [#0365] TG 44:0 ","","","","","",""
"    [#0366] TG 46:0 ","","","","","",""
"    [#0367] TG 46:1 ","","","","","",""
"    [#0368] TG 46:2 ","","","","","",""
"    [#0369] TG 48:0 ","","","","","",""
"    [#0370] TG 48:1 ","","","","","",""
"    [#0371] TG 48:2 ","","","","","",""
"    [#0372] TG 49:0 ","","","","","",""
"    [#0373] TG 50:0 ","","","","","",""
"    [#0374] TG 50:1 ","","","","","",""
"    [#0375] TG 50:2","","","","","",""
"    [#0376] TG 50:2 ","","","","","",""
"    [#0377] TG 50:3 Isomer A ","","","","","",""
"    [#0378] TG 50:3|TG 16:0_16:1_18:2","","","","","",""
"    [#0379] TG 50:4 ","","","","","",""
"    [#0380] TG 51:1 Isomer B ","","","","","",""
"    [#0381] TG 51:3 ","","","","","",""
"    [#0382] TG 52:0 ","","","","","",""
"    [#0383] TG 52:1","","","","","",""
"    [#0384] TG 52:3 ","","","","","",""
"    [#0385] TG 52:3|TG 16:0_18:1_18:2","","","","","",""
"    [#0386] TG 52:4 ","","","","","",""
"    [#0387] TG 52:5 ","","","","","",""
"    [#0388] TG 52:6 ","","","","","",""
"    [#0389] TG 53:1 ","","","","","",""
"    [#0390] TG 53:4 ","","","","","",""
"    [#0391] TG 53:6 ","","","","","",""
"    [#0392] TG 54:0 ","","","","","",""
"    [#0393] TG 54:1 ","","","","","",""
"    [#0394] TG 54:2 ","","","","","",""
"    [#0395] TG 54:3|TG 18:0_18:1_18:2","","","","","",""
"    [#0396] TG 54:4 ","","","","","",""
"    [#0397] TG 54:5 Isomer A ","","","","","",""
"    [#0398] TG 54:5|TG 18:1_18:2_18:2","","","","","",""
"    [#0399] TG 54:6 Isomer A ","","","","","",""
"    [#0400] TG 54:6 Isomer C ","","","","","",""
"    [#0401] TG 55:7 ","","","","","",""
"    [#0402] TG 56:1 ","","","","","",""
"    [#0403] TG 56:2 Isomer A ","","","","","",""
"    [#0404] TG 56:2 Isomer B ","","","","","",""
"    [#0405] TG 56:3|TG 18:1_18:1_20:1","","","","","",""
"    [#0406] TG 56:5 Isomer A ","","","","","",""
"    [#0407] TG 56:6 ","","","","","",""
"    [#0408] TG 56:7 Isomer B ","","","","","",""
"    [#0409] TG 58:2 ","","","","","",""
"    [#0410] TG 58:3|TG 18:1_20:1_20:1","","","","","",""
"    [#0411] TG 58:4 ","","","","","",""
"    [#0412] TG 64:1 ","","","","","",""
"    [#0413] TG 8:0_10:0_18:1 ","","","","","",""
"    [#0420] DG 38:6","","","","","",""
"    [#0441] DG 36:5","","","","","",""
"    [#0443] TG 52:3","","","","","",""
"    [#0444] TG 54:2","","","","","",""
"    [#0449] TG 54:6 Isomer C","","","","","",""
"    [#0452] TG 54:6 Isomer A","","","","","",""
"    [#0461] TG 50:3 Isomer A","","","","","",""
"    [#0464] TG 56:6","","","","","",""
"    [#0469] TG 54:5 Isomer A","","","","","",""
"    [#0471] TG 56:2 Isomer B","","","","","",""
"LION:0012010","membrane component","309","58","54.81","0.2395","1.000"
"    [#0043] Cholesterol ","","","","","",""
"    [#0045] DG 34:1 ","","","","","",""
"    [#0046] DG 36:5 ","","","","","",""
"    [#0047] DG 38:5 ","","","","","",""
"    [#0048] DG 38:6 ","","","","","",""
"    [#0072] GlcCer d38:1 ","","","","","",""
"    [#0073] GlcCer d40:1 ","","","","","",""
"    [#0074] GlcCer d42:1 ","","","","","",""
"    [#0075] GlcCer d42:2 ","","","","","",""
"    [#0076] HexCer 32:0;O2","","","","","",""
"    [#0078] LPC 16:0 ","","","","","",""
"    [#0079] LPC 18:0 Isomer B ","","","","","",""
"    [#0080] LPC 18:1 ","","","","","",""
"    [#0081] LPC 18:2 ","","","","","",""
"    [#0082] LPC 20:0 ","","","","","",""
"    [#0083] LPC 20:1 ","","","","","",""
"    [#0084] LPC 20:2 ","","","","","",""
"    [#0085] LPC 20:5 ","","","","","",""
"    [#0086] LPC 22:6 ","","","","","",""
"    [#0087] LPC 32:1 ","","","","","",""
"    [#0088] LPC 40:7 ","","","","","",""
"    [#0089] LPC O-16:0 ","","","","","",""
"    [#0090] LPC O-18:0 ","","","","","",""
"    [#0091] LPE 16:0 ","","","","","",""
"    [#0092] LPE 18:0 ","","","","","",""
"    [#0093] LPE 18:1 ","","","","","",""
"    [#0094] LPE 18:2 ","","","","","",""
"    [#0095] LPE 20:4 ","","","","","",""
"    [#0096] LPE 20:5","","","","","",""
"    [#0097] LPE 22:6 ","","","","","",""
"    [#0098] LPE O-18:1 ","","","","","",""
"    [#0099] LPE O-20:0 ","","","","","",""
"    [#0100] LPS 18:0 ","","","","","",""
"    [#0107] PC 14:0_16:1 ","","","","","",""
"    [#0108] PC 16:0/9:0 CHO ","","","","","",""
"    [#0109] PC 16:0_14:0 ","","","","","",""
"    [#0110] PC 16:0_18:2 ","","","","","",""
"    [#0111] PC 16:0_22:6 ","","","","","",""
"    [#0112] PC 16:1/18:4 ","","","","","",""
"    [#0113] PC 18:0_18:1 ","","","","","",""
"    [#0114] PC 18:0_22:6 ","","","","","",""
"    [#0115] PC 18:2_20:5 ","","","","","",""
"    [#0116] PC 19:1 ","","","","","",""
"    [#0117] PC 20:1_20:1 ","","","","","",""
"    [#0118] PC 21:4 ","","","","","",""
"    [#0119] PC 22:4 ","","","","","",""
"    [#0120] PC 24:0 ","","","","","",""
"    [#0121] PC 24:0|PC 10:0_14:0","","","","","",""
"    [#0122] PC 26:0|PC 10:0_16:0","","","","","",""
"    [#0123] PC 29:0 ","","","","","",""
"    [#0124] PC 31:0","","","","","",""
"    [#0125] PC 31:1 ","","","","","",""
"    [#0126] PC 32:0 ","","","","","",""
"    [#0127] PC 32:1 Isomer A","","","","","",""
"    [#0128] PC 32:1 Isomer B","","","","","",""
"    [#0129] PC 32:2 Isomer A","","","","","",""
"    [#0130] PC 32:2 Isomer B","","","","","",""
"    [#0131] PC 33:0 ","","","","","",""
"    [#0132] PC 33:1 Isomer A","","","","","",""
"    [#0133] PC 33:1 Isomer B","","","","","",""
"    [#0134] PC 33:2 Isomer A","","","","","",""
"    [#0135] PC 33:2 Isomer B","","","","","",""
"    [#0136] PC 34:0","","","","","",""
"    [#0137] PC 34:1 Isomer A","","","","","",""
"    [#0138] PC 34:1 Isomer B","","","","","",""
"    [#0139] PC 34:2 Isomer A","","","","","",""
"    [#0140] PC 34:2 Isomer B","","","","","",""
"    [#0141] PC 34:3 ","","","","","",""
"    [#0142] PC 34:3 Isomer B ","","","","","",""
"    [#0143] PC 34:4 Isomer A","","","","","",""
"    [#0144] PC 34:4 Isomer B ","","","","","",""
"    [#0145] PC 35:1 Isomer A","","","","","",""
"    [#0146] PC 35:1 Isomer B","","","","","",""
"    [#0147] PC 35:2 ","","","","","",""
"    [#0148] PC 35:2 Isomer B ","","","","","",""
"    [#0149] PC 35:3 ","","","","","",""
"    [#0150] PC 35:4 Isomer A","","","","","",""
"    [#0151] PC 35:4 Isomer B","","","","","",""
"    [#0152] PC 36:1 Isomer A","","","","","",""
"    [#0153] PC 36:1 Isomer B","","","","","",""
"    [#0154] PC 36:2 Isomer A","","","","","",""
"    [#0155] PC 36:2 Isomer B","","","","","",""
"    [#0156] PC 36:3 Isomer A ","","","","","",""
"    [#0157] PC 36:3 Isomer AB","","","","","",""
"    [#0158] PC 36:4 Isomer A ","","","","","",""
"    [#0159] PC 36:4 Isomer B","","","","","",""
"    [#0160] PC 36:4 Isomer C ","","","","","",""
"    [#0161] PC 36:5 Isomer A ","","","","","",""
"    [#0162] PC 36:5 Isomer B ","","","","","",""
"    [#0163] PC 36:5 Isomer C ","","","","","",""
"    [#0164] PC 36:5 Isomer D ","","","","","",""
"    [#0165] PC 36:6 ","","","","","",""
"    [#0166] PC 37:2 Isomer A","","","","","",""
"    [#0167] PC 37:2 Isomer B","","","","","",""
"    [#0168] PC 37:3 ","","","","","",""
"    [#0169] PC 37:4 ","","","","","",""
"    [#0170] PC 38:2 Isomer A","","","","","",""
"    [#0171] PC 38:3 Isomer A","","","","","",""
"    [#0172] PC 38:4 Isomer A ","","","","","",""
"    [#0173] PC 38:4 Isomer C ","","","","","",""
"    [#0174] PC 38:5 Isomer A ","","","","","",""
"    [#0175] PC 38:5 Isomer B ","","","","","",""
"    [#0176] PC 38:6 Isomer A ","","","","","",""
"    [#0177] PC 38:6 Isomer B","","","","","",""
"    [#0178] PC 38:6 Isomer C ","","","","","",""
"    [#0179] PC 38:7 ","","","","","",""
"    [#0180] PC 38:8 ","","","","","",""
"    [#0181] PC 39:5 Isomer B","","","","","",""
"    [#0182] PC 39:6 ","","","","","",""
"    [#0183] PC 40:3 ","","","","","",""
"    [#0184] PC 40:4 Isomer B","","","","","",""
"    [#0185] PC 40:4 Isomer C","","","","","",""
"    [#0186] PC 40:5 Isomer A ","","","","","",""
"    [#0187] PC 40:5 Isomer B ","","","","","",""
"    [#0188] PC 40:6 Isomer A ","","","","","",""
"    [#0189] PC 40:6 Isomer B ","","","","","",""
"    [#0190] PC 40:7 ","","","","","",""
"    [#0191] PC 40:7 Isomer A ","","","","","",""
"    [#0192] PC 40:7 Isomer B ","","","","","",""
"    [#0193] PC 40:8 Isomer A","","","","","",""
"    [#0194] PC 40:8 Isomer B","","","","","",""
"    [#0195] PC 41:6|PC 19:0_22:6","","","","","",""
"    [#0196] PC 42:5 ","","","","","",""
"    [#0197] PC 42:6 Isomer A","","","","","",""
"    [#0198] PC 42:6 Isomer B","","","","","",""
"    [#0199] PC 42:7 ","","","","","",""
"    [#0200] PC 42:9 ","","","","","",""
"    [#0201] PC 44:12","","","","","",""
"    [#0202] PC O-16:0_20:4 ","","","","","",""
"    [#0203] PC O-18:0_16:0 ","","","","","",""
"    [#0204] PC O-18:1_20:4 ","","","","","",""
"    [#0205] PC O-29:0","","","","","",""
"    [#0206] PC O-30:0|PC O-14:0_16:0","","","","","",""
"    [#0207] PC O-31:0","","","","","",""
"    [#0208] PC O-31:0|PC O-15:0_16:0","","","","","",""
"    [#0209] PC O-32:0 ","","","","","",""
"    [#0210] PC O-32:2 ","","","","","",""
"    [#0211] PC O-33:0 ","","","","","",""
"    [#0212] PC O-33:6 ","","","","","",""
"    [#0213] PC O-34:0 Isomer A","","","","","",""
"    [#0214] PC O-34:0 Isomer B","","","","","",""
"    [#0215] PC O-34:1|PC O-16:0_18:1","","","","","",""
"    [#0216] PC O-34:2 ","","","","","",""
"    [#0217] PC O-36:1 ","","","","","",""
"    [#0218] PC O-37:5 ","","","","","",""
"    [#0219] PC O-37:6 ","","","","","",""
"    [#0220] PC O-38:7 ","","","","","",""
"    [#0221] PC O-39:8 ","","","","","",""
"    [#0222] PC O-40:5 ","","","","","",""
"    [#0223] PC O-40:7 ","","","","","",""
"    [#0224] PC O-42:7 or PC 42:7e ","","","","","",""
"    [#0225] PC P-32:1 or PC O-32:2 ","","","","","",""
"    [#0226] PC P-34:0 or PC O-34:1 ","","","","","",""
"    [#0227] PC P-34:1 or PC O-34:2","","","","","",""
"    [#0228] PC P-34:1 or PC O-34:2 ","","","","","",""
"    [#0229] PC P-36:1 or PC O-36:2","","","","","",""
"    [#0230] PC P-36:1 or PC O-36:2 ","","","","","",""
"    [#0231] PC P-36:2 or PC O-36:3 ","","","","","",""
"    [#0232] PC P-36:3 or PC O-36:4 ","","","","","",""
"    [#0233] PC P-38:3 or PC O-38:4","","","","","",""
"    [#0234] PC P-38:3 or PC O-38:4 ","","","","","",""
"    [#0235] PC P-38:4 or PC O-38:5 Isomer A ","","","","","",""
"    [#0236] PC P-38:4 or PC O-38:5 Isomer B ","","","","","",""
"    [#0237] PC P-38:4 or PC O-38:5 Isomer C","","","","","",""
"    [#0238] PC P-38:5 or PC O-38:6 ","","","","","",""
"    [#0239] PC P-38:5 or PC O-38:6 Isomer A ","","","","","",""
"    [#0240] PC P-40:4 or PC O-40:5 ","","","","","",""
"    [#0241] PC P-40:5 or PC O-40:6 ","","","","","",""
"    [#0242] PC P-40:6 or PC O-40:7 Isomer A ","","","","","",""
"    [#0243] PC P-40:6 or PC O-40:7 Isomer B ","","","","","",""
"    [#0244] PC P-40:7 or PC O-40:8 ","","","","","",""
"    [#0245] PC P-42:5 or PC O-42:6","","","","","",""
"    [#0248] PE 16:0_16::1 ","","","","","",""
"    [#0249] PE 16:1_18:1 ","","","","","",""
"    [#0250] PE 18:0_22:3 ","","","","","",""
"    [#0251] PE 34:0 ","","","","","",""
"    [#0252] PE 34:1 ","","","","","",""
"    [#0253] PE 36:1 ","","","","","",""
"    [#0254] PE 36:2 ","","","","","",""
"    [#0255] PE 36:3 ","","","","","",""
"    [#0256] PE 36:4 ","","","","","",""
"    [#0257] PE 36:5|PE 16:0_20:5","","","","","",""
"    [#0258] PE 37:5|PE 17:0_20:5","","","","","",""
"    [#0259] PE 38:2 ","","","","","",""
"    [#0260] PE 38:4 ","","","","","",""
"    [#0261] PE 38:4|PE 18:0_20:4","","","","","",""
"    [#0262] PE 38:5 ","","","","","",""
"    [#0263] PE 38:6 ","","","","","",""
"    [#0264] PE 38:6 Isomer B ","","","","","",""
"    [#0265] PE 38:7|PE 18:2_20:5 Isomer A","","","","","",""
"    [#0266] PE 38:7|PE 18:2_20:5 Isomer B","","","","","",""
"    [#0267] PE 40:10|PE 20:5_20:5","","","","","",""
"    [#0268] PE 40:6|PE 18:1_22:5","","","","","",""
"    [#0269] PE 40:7|PE 18:1_22:6","","","","","",""
"    [#0270] PE O-16:1_18:1 ","","","","","",""
"    [#0271] PE O-16:1_18:2 ","","","","","",""
"    [#0272] PE O-16:1_22:6 ","","","","","",""
"    [#0273] PE O-18:1_22:6 ","","","","","",""
"    [#0274] PE O-18:2_18:2 ","","","","","",""
"    [#0275] PE O-18:2_22:6 ","","","","","",""
"    [#0276] PE O-22:6_16:1 ","","","","","",""
"    [#0277] PE O-36:1 ","","","","","",""
"    [#0278] PE O-36:3 ","","","","","",""
"    [#0279] PE O-36:4 Isomer B","","","","","",""
"    [#0280] PE O-38:2 ","","","","","",""
"    [#0281] PE O-38:6 Isomer B ","","","","","",""
"    [#0282] PE O-38:7 ","","","","","",""
"    [#0283] PE O-40:5 Isomer B ","","","","","",""
"    [#0284] PE O-40:6 Isomer B ","","","","","",""
"    [#0285] PE O-40:8 ","","","","","",""
"    [#0286] PE P-34:1 or PE O-34:2 ","","","","","",""
"    [#0287] PE P-36:1 or PE O-36:2","","","","","",""
"    [#0288] PE P-36:4 or PE O-36:5 ","","","","","",""
"    [#0289] PE P-36:5 or PE O-36:6 ","","","","","",""
"    [#0290] PE P-38:4 or PE O-38:5 Isomer A","","","","","",""
"    [#0291] PE P-38:4 or PE O-38:5 Isomer B","","","","","",""
"    [#0292] PE P-38:5 or PE O-38:6 ","","","","","",""
"    [#0293] PE P-40:5 or PE O-40:6 ","","","","","",""
"    [#0302] PG 36:2 ","","","","","",""
"    [#0303] PG 38:7 ","","","","","",""
"    [#0304] PG 44:12 ","","","","","",""
"    [#0305] PI 18:0_20:2 ","","","","","",""
"    [#0306] PI 18:0_20:4 ","","","","","",""
"    [#0307] PI 18:1_22:4 ","","","","","",""
"    [#0308] PI 18:1_22:6 ","","","","","",""
"    [#0309] PI 34:1 Isomer A ","","","","","",""
"    [#0310] PI 34:2 ","","","","","",""
"    [#0311] PI 36:3 Isomer B ","","","","","",""
"    [#0312] PI 36:5 ","","","","","",""
"    [#0313] PI 38:4 ","","","","","",""
"    [#0314] PI 38:5","","","","","",""
"    [#0315] PI 38:5 ","","","","","",""
"    [#0319] PS 16:0_22:4 ","","","","","",""
"    [#0320] PS 18:0_22:6 ","","","","","",""
"    [#0321] PS 34:1 ","","","","","",""
"    [#0322] PS 36:1 ","","","","","",""
"    [#0323] PS 36:2 ","","","","","",""
"    [#0324] PS 38:5|PS 18:0_20:5","","","","","",""
"    [#0325] PS 40:5 ","","","","","",""
"    [#0328] SM 29:2;2O/8:0 ","","","","","",""
"    [#0329] SM 35:1;2O ","","","","","",""
"    [#0330] SM 37:4;3O ","","","","","",""
"    [#0331] SM 41:3;3O ","","","","","",""
"    [#0332] SM d30:1 ","","","","","",""
"    [#0333] SM d31:1 ","","","","","",""
"    [#0334] SM d32:0 ","","","","","",""
"    [#0335] SM d32:0 Isomer B ","","","","","",""
"    [#0336] SM d32:1 Isomer A","","","","","",""
"    [#0337] SM d32:1 Isomer B","","","","","",""
"    [#0338] SM d32:2 ","","","","","",""
"    [#0339] SM d33:1 ","","","","","",""
"    [#0340] SM d34:0 ","","","","","",""
"    [#0341] SM d34:1 Isomer A","","","","","",""
"    [#0342] SM d34:1 Isomer B","","","","","",""
"    [#0343] SM d34:2 ","","","","","",""
"    [#0344] SM d35:1 ","","","","","",""
"    [#0345] SM d35:2 ","","","","","",""
"    [#0346] SM d36:0 ","","","","","",""
"    [#0347] SM d36:1 Isomer A","","","","","",""
"    [#0348] SM d36:1 Isomer B","","","","","",""
"    [#0349] SM d36:2 Isomer A","","","","","",""
"    [#0350] SM d36:4 ","","","","","",""
"    [#0351] SM d37:1 ","","","","","",""
"    [#0352] SM d38:1 ","","","","","",""
"    [#0353] SM d38:2 Isomer A","","","","","",""
"    [#0354] SM d38:2 Isomer B","","","","","",""
"    [#0355] SM d39:2 ","","","","","",""
"    [#0356] SM d40:2 Isomer B ","","","","","",""
"    [#0357] SM d41:2 Isomer A ","","","","","",""
"    [#0358] SM d42:2 Isomer B ","","","","","",""
"    [#0416] PC 18:2_20:5","","","","","",""
"    [#0417] PC O-18:0_16:0","","","","","",""
"    [#0418] PC 38:7","","","","","",""
"    [#0419] PE 38:6 Isomer B","","","","","",""
"    [#0420] DG 38:6","","","","","",""
"    [#0421] PE O-16:1_18:1","","","","","",""
"    [#0422] PC 36:4 Isomer A","","","","","",""
"    [#0423] SM d34:0","","","","","",""
"    [#0424] PC 36:5 Isomer B","","","","","",""
"    [#0425] SM d36:0","","","","","",""
"    [#0426] PC 34:3","","","","","",""
"    [#0427] PC 36:5 Isomer D","","","","","",""
"    [#0428] PC 34:3 Isomer B","","","","","",""
"    [#0429] PC 16:0_18:2","","","","","",""
"    [#0430] SM d32:0 Isomer B","","","","","",""
"    [#0431] PE P-34:1 or PE O-34:2","","","","","",""
"    [#0432] PC 40:7 Isomer B","","","","","",""
"    [#0433] PC 19:1","","","","","",""
"    [#0435] PC P-36:2 or PC O-36:3","","","","","",""
"    [#0436] PC 40:7","","","","","",""
"    [#0437] PC 36:5 Isomer A","","","","","",""
"    [#0438] PC 36:6","","","","","",""
"    [#0439] PC O-36:1","","","","","",""
"    [#0441] DG 36:5","","","","","",""
"    [#0442] PC O-39:8","","","","","",""
"    [#0447] PC 39:6","","","","","",""
"    [#0448] PC 39:6","","","","","",""
"    [#0451] LPE 18:2","","","","","",""
"    [#0453] SM d32:0","","","","","",""
"    [#0454] PC P-36:3 or PC O-36:4","","","","","",""
"    [#0455] SM 37:4;3O","","","","","",""
"    [#0458] PC O-33:0","","","","","",""
"    [#0459] PC 38:6 Isomer A","","","","","",""
"    [#0460] PC 42:7","","","","","",""
"    [#0465] PC 36:3 Isomer A","","","","","",""
"    [#0466] PC P-38:5 or PC O-38:6 Isomer A","","","","","",""
"    [#0467] PC 35:3","","","","","",""
"    [#0468] PC 35:3","","","","","",""
"    [#0470] SM d38:1","","","","","",""
"LION:0080968","very low bilayer thickness","15","4","2.66","0.2667","1.000"
"    [#0107] PC 14:0_16:1 ","","","","","",""
"    [#0111] PC 16:0_22:6 ","","","","","",""
"    [#0112] PC 16:1/18:4 ","","","","","",""
"    [#0115] PC 18:2_20:5 ","","","","","",""
"    [#0120] PC 24:0 ","","","","","",""
"    [#0165] PC 36:6 ","","","","","",""
"    [#0179] PC 38:7 ","","","","","",""
"    [#0180] PC 38:8 ","","","","","",""
"    [#0200] PC 42:9 ","","","","","",""
"    [#0201] PC 44:12","","","","","",""
"    [#0303] PG 38:7 ","","","","","",""
"    [#0304] PG 44:12 ","","","","","",""
"    [#0416] PC 18:2_20:5","","","","","",""
"    [#0418] PC 38:7","","","","","",""
"    [#0438] PC 36:6","","","","","",""
"LION:0080979","high lateral diffusion","15","4","2.66","0.2667","1.000"
"    [#0107] PC 14:0_16:1 ","","","","","",""
"    [#0110] PC 16:0_18:2 ","","","","","",""
"    [#0114] PC 18:0_22:6 ","","","","","",""
"    [#0125] PC 31:1 ","","","","","",""
"    [#0141] PC 34:3 ","","","","","",""
"    [#0149] PC 35:3 ","","","","","",""
"    [#0169] PC 37:4 ","","","","","",""
"    [#0256] PE 36:4 ","","","","","",""
"    [#0262] PE 38:5 ","","","","","",""
"    [#0263] PE 38:6 ","","","","","",""
"    [#0320] PS 18:0_22:6 ","","","","","",""
"    [#0426] PC 34:3","","","","","",""
"    [#0429] PC 16:0_18:2","","","","","",""
"    [#0467] PC 35:3","","","","","",""
"    [#0468] PC 35:3","","","","","",""
"LION:0000607","diacylglycerols [GL0201]","6","2","1.06","0.2889","1.000"
"    [#0045] DG 34:1 ","","","","","",""
"    [#0046] DG 36:5 ","","","","","",""
"    [#0047] DG 38:5 ","","","","","",""
"    [#0048] DG 38:6 ","","","","","",""
"    [#0420] DG 38:6","","","","","",""
"    [#0441] DG 36:5","","","","","",""
"LION:0000622","triacylglycerols [GL0301]","63","13","11.18","0.3113","1.000"
"    [#0359] TG 14:0_16:0_17:1 ","","","","","",""
"    [#0360] TG 16:0_18:1_20:0 ","","","","","",""
"    [#0361] TG 16:2_18:2_18:3 ","","","","","",""
"    [#0362] TG 18:0_18:1_22:0 ","","","","","",""
"    [#0363] TG 19:2_19:2_19:2 ","","","","","",""
"    [#0364] TG 42:0 ","","","","","",""
"    [#0365] TG 44:0 ","","","","","",""
"    [#0366] TG 46:0 ","","","","","",""
"    [#0367] TG 46:1 ","","","","","",""
"    [#0368] TG 46:2 ","","","","","",""
"    [#0369] TG 48:0 ","","","","","",""
"    [#0370] TG 48:1 ","","","","","",""
"    [#0371] TG 48:2 ","","","","","",""
"    [#0372] TG 49:0 ","","","","","",""
"    [#0373] TG 50:0 ","","","","","",""
"    [#0374] TG 50:1 ","","","","","",""
"    [#0375] TG 50:2","","","","","",""
"    [#0376] TG 50:2 ","","","","","",""
"    [#0377] TG 50:3 Isomer A ","","","","","",""
"    [#0378] TG 50:3|TG 16:0_16:1_18:2","","","","","",""
"    [#0379] TG 50:4 ","","","","","",""
"    [#0380] TG 51:1 Isomer B ","","","","","",""
"    [#0381] TG 51:3 ","","","","","",""
"    [#0382] TG 52:0 ","","","","","",""
"    [#0383] TG 52:1","","","","","",""
"    [#0384] TG 52:3 ","","","","","",""
"    [#0385] TG 52:3|TG 16:0_18:1_18:2","","","","","",""
"    [#0386] TG 52:4 ","","","","","",""
"    [#0387] TG 52:5 ","","","","","",""
"    [#0388] TG 52:6 ","","","","","",""
"    [#0389] TG 53:1 ","","","","","",""
"    [#0390] TG 53:4 ","","","","","",""
"    [#0391] TG 53:6 ","","","","","",""
"    [#0392] TG 54:0 ","","","","","",""
"    [#0393] TG 54:1 ","","","","","",""
"    [#0394] TG 54:2 ","","","","","",""
"    [#0395] TG 54:3|TG 18:0_18:1_18:2","","","","","",""
"    [#0396] TG 54:4 ","","","","","",""
"    [#0397] TG 54:5 Isomer A ","","","","","",""
"    [#0398] TG 54:5|TG 18:1_18:2_18:2","","","","","",""
"    [#0399] TG 54:6 Isomer A ","","","","","",""
"    [#0400] TG 54:6 Isomer C ","","","","","",""
"    [#0401] TG 55:7 ","","","","","",""
"    [#0402] TG 56:1 ","","","","","",""
"    [#0403] TG 56:2 Isomer A ","","","","","",""
"    [#0404] TG 56:2 Isomer B ","","","","","",""
"    [#0405] TG 56:3|TG 18:1_18:1_20:1","","","","","",""
"    [#0406] TG 56:5 Isomer A ","","","","","",""
"    [#0407] TG 56:6 ","","","","","",""
"    [#0408] TG 56:7 Isomer B ","","","","","",""
"    [#0409] TG 58:2 ","","","","","",""
"    [#0410] TG 58:3|TG 18:1_20:1_20:1","","","","","",""
"    [#0411] TG 58:4 ","","","","","",""
"    [#0412] TG 64:1 ","","","","","",""
"    [#0413] TG 8:0_10:0_18:1 ","","","","","",""
"    [#0443] TG 52:3","","","","","",""
"    [#0444] TG 54:2","","","","","",""
"    [#0449] TG 54:6 Isomer C","","","","","",""
"    [#0452] TG 54:6 Isomer A","","","","","",""
"    [#0461] TG 50:3 Isomer A","","","","","",""
"    [#0464] TG 56:6","","","","","",""
"    [#0469] TG 54:5 Isomer A","","","","","",""
"    [#0471] TG 56:2 Isomer B","","","","","",""
"LION:0012011","lipid storage","63","13","11.18","0.3113","1.000"
"    [#0359] TG 14:0_16:0_17:1 ","","","","","",""
"    [#0360] TG 16:0_18:1_20:0 ","","","","","",""
"    [#0361] TG 16:2_18:2_18:3 ","","","","","",""
"    [#0362] TG 18:0_18:1_22:0 ","","","","","",""
"    [#0363] TG 19:2_19:2_19:2 ","","","","","",""
"    [#0364] TG 42:0 ","","","","","",""
"    [#0365] TG 44:0 ","","","","","",""
"    [#0366] TG 46:0 ","","","","","",""
"    [#0367] TG 46:1 ","","","","","",""
"    [#0368] TG 46:2 ","","","","","",""
"    [#0369] TG 48:0 ","","","","","",""
"    [#0370] TG 48:1 ","","","","","",""
"    [#0371] TG 48:2 ","","","","","",""
"    [#0372] TG 49:0 ","","","","","",""
"    [#0373] TG 50:0 ","","","","","",""
"    [#0374] TG 50:1 ","","","","","",""
"    [#0375] TG 50:2","","","","","",""
"    [#0376] TG 50:2 ","","","","","",""
"    [#0377] TG 50:3 Isomer A ","","","","","",""
"    [#0378] TG 50:3|TG 16:0_16:1_18:2","","","","","",""
"    [#0379] TG 50:4 ","","","","","",""
"    [#0380] TG 51:1 Isomer B ","","","","","",""
"    [#0381] TG 51:3 ","","","","","",""
"    [#0382] TG 52:0 ","","","","","",""
"    [#0383] TG 52:1","","","","","",""
"    [#0384] TG 52:3 ","","","","","",""
"    [#0385] TG 52:3|TG 16:0_18:1_18:2","","","","","",""
"    [#0386] TG 52:4 ","","","","","",""
"    [#0387] TG 52:5 ","","","","","",""
"    [#0388] TG 52:6 ","","","","","",""
"    [#0389] TG 53:1 ","","","","","",""
"    [#0390] TG 53:4 ","","","","","",""
"    [#0391] TG 53:6 ","","","","","",""
"    [#0392] TG 54:0 ","","","","","",""
"    [#0393] TG 54:1 ","","","","","",""
"    [#0394] TG 54:2 ","","","","","",""
"    [#0395] TG 54:3|TG 18:0_18:1_18:2","","","","","",""
"    [#0396] TG 54:4 ","","","","","",""
"    [#0397] TG 54:5 Isomer A ","","","","","",""
"    [#0398] TG 54:5|TG 18:1_18:2_18:2","","","","","",""
"    [#0399] TG 54:6 Isomer A ","","","","","",""
"    [#0400] TG 54:6 Isomer C ","","","","","",""
"    [#0401] TG 55:7 ","","","","","",""
"    [#0402] TG 56:1 ","","","","","",""
"    [#0403] TG 56:2 Isomer A ","","","","","",""
"    [#0404] TG 56:2 Isomer B ","","","","","",""
"    [#0405] TG 56:3|TG 18:1_18:1_20:1","","","","","",""
"    [#0406] TG 56:5 Isomer A ","","","","","",""
"    [#0407] TG 56:6 ","","","","","",""
"    [#0408] TG 56:7 Isomer B ","","","","","",""
"    [#0409] TG 58:2 ","","","","","",""
"    [#0410] TG 58:3|TG 18:1_20:1_20:1","","","","","",""
"    [#0411] TG 58:4 ","","","","","",""
"    [#0412] TG 64:1 ","","","","","",""
"    [#0413] TG 8:0_10:0_18:1 ","","","","","",""
"    [#0443] TG 52:3","","","","","",""
"    [#0444] TG 54:2","","","","","",""
"    [#0449] TG 54:6 Isomer C","","","","","",""
"    [#0452] TG 54:6 Isomer A","","","","","",""
"    [#0461] TG 50:3 Isomer A","","","","","",""
"    [#0464] TG 56:6","","","","","",""
"    [#0469] TG 54:5 Isomer A","","","","","",""
"    [#0471] TG 56:2 Isomer B","","","","","",""
"LION:0012084","lipid droplet","63","13","11.18","0.3113","1.000"
"    [#0359] TG 14:0_16:0_17:1 ","","","","","",""
"    [#0360] TG 16:0_18:1_20:0 ","","","","","",""
"    [#0361] TG 16:2_18:2_18:3 ","","","","","",""
"    [#0362] TG 18:0_18:1_22:0 ","","","","","",""
"    [#0363] TG 19:2_19:2_19:2 ","","","","","",""
"    [#0364] TG 42:0 ","","","","","",""
"    [#0365] TG 44:0 ","","","","","",""
"    [#0366] TG 46:0 ","","","","","",""
"    [#0367] TG 46:1 ","","","","","",""
"    [#0368] TG 46:2 ","","","","","",""
"    [#0369] TG 48:0 ","","","","","",""
"    [#0370] TG 48:1 ","","","","","",""
"    [#0371] TG 48:2 ","","","","","",""
"    [#0372] TG 49:0 ","","","","","",""
"    [#0373] TG 50:0 ","","","","","",""
"    [#0374] TG 50:1 ","","","","","",""
"    [#0375] TG 50:2","","","","","",""
"    [#0376] TG 50:2 ","","","","","",""
"    [#0377] TG 50:3 Isomer A ","","","","","",""
"    [#0378] TG 50:3|TG 16:0_16:1_18:2","","","","","",""
"    [#0379] TG 50:4 ","","","","","",""
"    [#0380] TG 51:1 Isomer B ","","","","","",""
"    [#0381] TG 51:3 ","","","","","",""
"    [#0382] TG 52:0 ","","","","","",""
"    [#0383] TG 52:1","","","","","",""
"    [#0384] TG 52:3 ","","","","","",""
"    [#0385] TG 52:3|TG 16:0_18:1_18:2","","","","","",""
"    [#0386] TG 52:4 ","","","","","",""
"    [#0387] TG 52:5 ","","","","","",""
"    [#0388] TG 52:6 ","","","","","",""
"    [#0389] TG 53:1 ","","","","","",""
"    [#0390] TG 53:4 ","","","","","",""
"    [#0391] TG 53:6 ","","","","","",""
"    [#0392] TG 54:0 ","","","","","",""
"    [#0393] TG 54:1 ","","","","","",""
"    [#0394] TG 54:2 ","","","","","",""
"    [#0395] TG 54:3|TG 18:0_18:1_18:2","","","","","",""
"    [#0396] TG 54:4 ","","","","","",""
"    [#0397] TG 54:5 Isomer A ","","","","","",""
"    [#0398] TG 54:5|TG 18:1_18:2_18:2","","","","","",""
"    [#0399] TG 54:6 Isomer A ","","","","","",""
"    [#0400] TG 54:6 Isomer C ","","","","","",""
"    [#0401] TG 55:7 ","","","","","",""
"    [#0402] TG 56:1 ","","","","","",""
"    [#0403] TG 56:2 Isomer A ","","","","","",""
"    [#0404] TG 56:2 Isomer B ","","","","","",""
"    [#0405] TG 56:3|TG 18:1_18:1_20:1","","","","","",""
"    [#0406] TG 56:5 Isomer A ","","","","","",""
"    [#0407] TG 56:6 ","","","","","",""
"    [#0408] TG 56:7 Isomer B ","","","","","",""
"    [#0409] TG 58:2 ","","","","","",""
"    [#0410] TG 58:3|TG 18:1_20:1_20:1","","","","","",""
"    [#0411] TG 58:4 ","","","","","",""
"    [#0412] TG 64:1 ","","","","","",""
"    [#0413] TG 8:0_10:0_18:1 ","","","","","",""
"    [#0443] TG 52:3","","","","","",""
"    [#0444] TG 54:2","","","","","",""
"    [#0449] TG 54:6 Isomer C","","","","","",""
"    [#0452] TG 54:6 Isomer A","","","","","",""
"    [#0461] TG 50:3 Isomer A","","","","","",""
"    [#0464] TG 56:6","","","","","",""
"    [#0469] TG 54:5 Isomer A","","","","","",""
"    [#0471] TG 56:2 Isomer B","","","","","",""
"LION:0000094","headgroup with neutral charge","74","15","13.13","0.3171","1.000"
"    [#0045] DG 34:1 ","","","","","",""
"    [#0046] DG 36:5 ","","","","","",""
"    [#0047] DG 38:5 ","","","","","",""
"    [#0048] DG 38:6 ","","","","","",""
"    [#0072] GlcCer d38:1 ","","","","","",""
"    [#0073] GlcCer d40:1 ","","","","","",""
"    [#0074] GlcCer d42:1 ","","","","","",""
"    [#0075] GlcCer d42:2 ","","","","","",""
"    [#0076] HexCer 32:0;O2","","","","","",""
"    [#0359] TG 14:0_16:0_17:1 ","","","","","",""
"    [#0360] TG 16:0_18:1_20:0 ","","","","","",""
"    [#0361] TG 16:2_18:2_18:3 ","","","","","",""
"    [#0362] TG 18:0_18:1_22:0 ","","","","","",""
"    [#0363] TG 19:2_19:2_19:2 ","","","","","",""
"    [#0364] TG 42:0 ","","","","","",""
"    [#0365] TG 44:0 ","","","","","",""
"    [#0366] TG 46:0 ","","","","","",""
"    [#0367] TG 46:1 ","","","","","",""
"    [#0368] TG 46:2 ","","","","","",""
"    [#0369] TG 48:0 ","","","","","",""
"    [#0370] TG 48:1 ","","","","","",""
"    [#0371] TG 48:2 ","","","","","",""
"    [#0372] TG 49:0 ","","","","","",""
"    [#0373] TG 50:0 ","","","","","",""
"    [#0374] TG 50:1 ","","","","","",""
"    [#0375] TG 50:2","","","","","",""
"    [#0376] TG 50:2 ","","","","","",""
"    [#0377] TG 50:3 Isomer A ","","","","","",""
"    [#0378] TG 50:3|TG 16:0_16:1_18:2","","","","","",""
"    [#0379] TG 50:4 ","","","","","",""
"    [#0380] TG 51:1 Isomer B ","","","","","",""
"    [#0381] TG 51:3 ","","","","","",""
"    [#0382] TG 52:0 ","","","","","",""
"    [#0383] TG 52:1","","","","","",""
"    [#0384] TG 52:3 ","","","","","",""
"    [#0385] TG 52:3|TG 16:0_18:1_18:2","","","","","",""
"    [#0386] TG 52:4 ","","","","","",""
"    [#0387] TG 52:5 ","","","","","",""
"    [#0388] TG 52:6 ","","","","","",""
"    [#0389] TG 53:1 ","","","","","",""
"    [#0390] TG 53:4 ","","","","","",""
"    [#0391] TG 53:6 ","","","","","",""
"    [#0392] TG 54:0 ","","","","","",""
"    [#0393] TG 54:1 ","","","","","",""
"    [#0394] TG 54:2 ","","","","","",""
"    [#0395] TG 54:3|TG 18:0_18:1_18:2","","","","","",""
"    [#0396] TG 54:4 ","","","","","",""
"    [#0397] TG 54:5 Isomer A ","","","","","",""
"    [#0398] TG 54:5|TG 18:1_18:2_18:2","","","","","",""
"    [#0399] TG 54:6 Isomer A ","","","","","",""
"    [#0400] TG 54:6 Isomer C ","","","","","",""
"    [#0401] TG 55:7 ","","","","","",""
"    [#0402] TG 56:1 ","","","","","",""
"    [#0403] TG 56:2 Isomer A ","","","","","",""
"    [#0404] TG 56:2 Isomer B ","","","","","",""
"    [#0405] TG 56:3|TG 18:1_18:1_20:1","","","","","",""
"    [#0406] TG 56:5 Isomer A ","","","","","",""
"    [#0407] TG 56:6 ","","","","","",""
"    [#0408] TG 56:7 Isomer B ","","","","","",""
"    [#0409] TG 58:2 ","","","","","",""
"    [#0410] TG 58:3|TG 18:1_20:1_20:1","","","","","",""
"    [#0411] TG 58:4 ","","","","","",""
"    [#0412] TG 64:1 ","","","","","",""
"    [#0413] TG 8:0_10:0_18:1 ","","","","","",""
"    [#0420] DG 38:6","","","","","",""
"    [#0441] DG 36:5","","","","","",""
"    [#0443] TG 52:3","","","","","",""
"    [#0444] TG 54:2","","","","","",""
"    [#0449] TG 54:6 Isomer C","","","","","",""
"    [#0452] TG 54:6 Isomer A","","","","","",""
"    [#0461] TG 50:3 Isomer A","","","","","",""
"    [#0464] TG 56:6","","","","","",""
"    [#0469] TG 54:5 Isomer A","","","","","",""
"    [#0471] TG 56:2 Isomer B","","","","","",""
"LION:0012441","N-acylsphingosines (ceramides) [SP0201]","32","7","5.68","0.3327","1.000"
"    [#0017] Cer 18:0;2O_20:0 ","","","","","",""
"    [#0018] Cer 22:0;2O/26:0 ","","","","","",""
"    [#0019] Cer 32:1;2O|Cer 14:1;O2/18:0","","","","","",""
"    [#0020] Cer 34:1;O2|Cer 14:1;O2/20:0","","","","","",""
"    [#0021] Cer 58:11;2O ","","","","","",""
"    [#0022] Cer d32:1 ","","","","","",""
"    [#0023] Cer d33:1 ","","","","","",""
"    [#0024] Cer d34:0 ","","","","","",""
"    [#0025] Cer d34:1 Isomer B","","","","","",""
"    [#0026] Cer d34:2 ","","","","","",""
"    [#0027] Cer d35:1 ","","","","","",""
"    [#0028] Cer d36:1 Isomer B","","","","","",""
"    [#0029] Cer d36:2 ","","","","","",""
"    [#0030] Cer d37:1 ","","","","","",""
"    [#0031] Cer d38:1 ","","","","","",""
"    [#0032] Cer d38:2 ","","","","","",""
"    [#0033] Cer d39:1 ","","","","","",""
"    [#0034] Cer d39:2 ","","","","","",""
"    [#0035] Cer d40:1 ","","","","","",""
"    [#0036] Cer d40:2 ","","","","","",""
"    [#0037] Cer d41:1 ","","","","","",""
"    [#0038] Cer d41:2 ","","","","","",""
"    [#0039] Cer d42:2 ","","","","","",""
"    [#0040] Cer d42:3 ","","","","","",""
"    [#0041] Cer d46:1 ","","","","","",""
"    [#0434] Cer d34:0","","","","","",""
"    [#0440] Cer d42:2","","","","","",""
"    [#0445] Cer d40:1","","","","","",""
"    [#0446] Cer d41:1","","","","","",""
"    [#0450] Cer d40:2","","","","","",""
"    [#0463] Cer d39:1","","","","","",""
"    [#0472] Cer d36:2","","","","","",""
"LION:0002923","C18:2","17","4","3.02","0.3551","1.000"
"    [#0015] CAR 18:2 Isomer A ","","","","","",""
"    [#0052] FA 18:2 (linoleic acid) ","","","","","",""
"    [#0053] FA 18:2+2O ","","","","","",""
"    [#0081] LPC 18:2 ","","","","","",""
"    [#0094] LPE 18:2 ","","","","","",""
"    [#0110] PC 16:0_18:2 ","","","","","",""
"    [#0115] PC 18:2_20:5 ","","","","","",""
"    [#0271] PE O-16:1_18:2 ","","","","","",""
"    [#0274] PE O-18:2_18:2 ","","","","","",""
"    [#0275] PE O-18:2_22:6 ","","","","","",""
"    [#0317] PMeOH 16:0_18:2 ","","","","","",""
"    [#0327] Phosphatidylethanolamine alkenyl 18:0-18:2 ","","","","","",""
"    [#0361] TG 16:2_18:2_18:3 ","","","","","",""
"    [#0416] PC 18:2_20:5","","","","","",""
"    [#0429] PC 16:0_18:2","","","","","",""
"    [#0451] LPE 18:2","","","","","",""
"    [#0462] PMeOH 16:0_18:2","","","","","",""
"LION:0001735","very low transition temperature","13","3","2.31","0.4137","1.000"
"    [#0111] PC 16:0_22:6 ","","","","","",""
"    [#0112] PC 16:1/18:4 ","","","","","",""
"    [#0115] PC 18:2_20:5 ","","","","","",""
"    [#0165] PC 36:6 ","","","","","",""
"    [#0179] PC 38:7 ","","","","","",""
"    [#0180] PC 38:8 ","","","","","",""
"    [#0263] PE 38:6 ","","","","","",""
"    [#0303] PG 38:7 ","","","","","",""
"    [#0319] PS 16:0_22:4 ","","","","","",""
"    [#0320] PS 18:0_22:6 ","","","","","",""
"    [#0416] PC 18:2_20:5","","","","","",""
"    [#0418] PC 38:7","","","","","",""
"    [#0438] PC 36:6","","","","","",""
"LION:0022242","C19:1","3","1","0.53","0.4441","1.000"
"    [#0055] FA 19:1 ","","","","","",""
"    [#0116] PC 19:1 ","","","","","",""
"    [#0433] PC 19:1","","","","","",""
"LION:0000011","glycerophosphoethanolamines [GP02]","59","11","10.47","0.4833","1.000"
"    [#0091] LPE 16:0 ","","","","","",""
"    [#0092] LPE 18:0 ","","","","","",""
"    [#0093] LPE 18:1 ","","","","","",""
"    [#0094] LPE 18:2 ","","","","","",""
"    [#0095] LPE 20:4 ","","","","","",""
"    [#0096] LPE 20:5","","","","","",""
"    [#0097] LPE 22:6 ","","","","","",""
"    [#0098] LPE O-18:1 ","","","","","",""
"    [#0099] LPE O-20:0 ","","","","","",""
"    [#0248] PE 16:0_16::1 ","","","","","",""
"    [#0249] PE 16:1_18:1 ","","","","","",""
"    [#0250] PE 18:0_22:3 ","","","","","",""
"    [#0251] PE 34:0 ","","","","","",""
"    [#0252] PE 34:1 ","","","","","",""
"    [#0253] PE 36:1 ","","","","","",""
"    [#0254] PE 36:2 ","","","","","",""
"    [#0255] PE 36:3 ","","","","","",""
"    [#0256] PE 36:4 ","","","","","",""
"    [#0257] PE 36:5|PE 16:0_20:5","","","","","",""
"    [#0258] PE 37:5|PE 17:0_20:5","","","","","",""
"    [#0259] PE 38:2 ","","","","","",""
"    [#0260] PE 38:4 ","","","","","",""
"    [#0261] PE 38:4|PE 18:0_20:4","","","","","",""
"    [#0262] PE 38:5 ","","","","","",""
"    [#0263] PE 38:6 ","","","","","",""
"    [#0264] PE 38:6 Isomer B ","","","","","",""
"    [#0265] PE 38:7|PE 18:2_20:5 Isomer A","","","","","",""
"    [#0266] PE 38:7|PE 18:2_20:5 Isomer B","","","","","",""
"    [#0267] PE 40:10|PE 20:5_20:5","","","","","",""
"    [#0268] PE 40:6|PE 18:1_22:5","","","","","",""
"    [#0269] PE 40:7|PE 18:1_22:6","","","","","",""
"    [#0270] PE O-16:1_18:1 ","","","","","",""
"    [#0271] PE O-16:1_18:2 ","","","","","",""
"    [#0272] PE O-16:1_22:6 ","","","","","",""
"    [#0273] PE O-18:1_22:6 ","","","","","",""
"    [#0274] PE O-18:2_18:2 ","","","","","",""
"    [#0275] PE O-18:2_22:6 ","","","","","",""
"    [#0276] PE O-22:6_16:1 ","","","","","",""
"    [#0277] PE O-36:1 ","","","","","",""
"    [#0278] PE O-36:3 ","","","","","",""
"    [#0279] PE O-36:4 Isomer B","","","","","",""
"    [#0280] PE O-38:2 ","","","","","",""
"    [#0281] PE O-38:6 Isomer B ","","","","","",""
"    [#0282] PE O-38:7 ","","","","","",""
"    [#0283] PE O-40:5 Isomer B ","","","","","",""
"    [#0284] PE O-40:6 Isomer B ","","","","","",""
"    [#0285] PE O-40:8 ","","","","","",""
"    [#0286] PE P-34:1 or PE O-34:2 ","","","","","",""
"    [#0287] PE P-36:1 or PE O-36:2","","","","","",""
"    [#0288] PE P-36:4 or PE O-36:5 ","","","","","",""
"    [#0289] PE P-36:5 or PE O-36:6 ","","","","","",""
"    [#0290] PE P-38:4 or PE O-38:5 Isomer A","","","","","",""
"    [#0291] PE P-38:4 or PE O-38:5 Isomer B","","","","","",""
"    [#0292] PE P-38:5 or PE O-38:6 ","","","","","",""
"    [#0293] PE P-40:5 or PE O-40:6 ","","","","","",""
"    [#0419] PE 38:6 Isomer B","","","","","",""
"    [#0421] PE O-16:1_18:1","","","","","",""
"    [#0431] PE P-34:1 or PE O-34:2","","","","","",""
"    [#0451] LPE 18:2","","","","","",""
"LION:0000040","1-(1z-alkenyl),2-acylglycerophosphoethanolamines [GP0203]","9","2","1.6","0.4943","1.000"
"    [#0286] PE P-34:1 or PE O-34:2 ","","","","","",""
"    [#0287] PE P-36:1 or PE O-36:2","","","","","",""
"    [#0288] PE P-36:4 or PE O-36:5 ","","","","","",""
"    [#0289] PE P-36:5 or PE O-36:6 ","","","","","",""
"    [#0290] PE P-38:4 or PE O-38:5 Isomer A","","","","","",""
"    [#0291] PE P-38:4 or PE O-38:5 Isomer B","","","","","",""
"    [#0292] PE P-38:5 or PE O-38:6 ","","","","","",""
"    [#0293] PE P-40:5 or PE O-40:6 ","","","","","",""
"    [#0431] PE P-34:1 or PE O-34:2","","","","","",""
"LION:0000031","1-alkyl,2-acylglycerophosphocholines [GP0102]","27","5","4.79","0.5398","1.000"
"    [#0202] PC O-16:0_20:4 ","","","","","",""
"    [#0203] PC O-18:0_16:0 ","","","","","",""
"    [#0204] PC O-18:1_20:4 ","","","","","",""
"    [#0205] PC O-29:0","","","","","",""
"    [#0206] PC O-30:0|PC O-14:0_16:0","","","","","",""
"    [#0207] PC O-31:0","","","","","",""
"    [#0208] PC O-31:0|PC O-15:0_16:0","","","","","",""
"    [#0209] PC O-32:0 ","","","","","",""
"    [#0210] PC O-32:2 ","","","","","",""
"    [#0211] PC O-33:0 ","","","","","",""
"    [#0212] PC O-33:6 ","","","","","",""
"    [#0213] PC O-34:0 Isomer A","","","","","",""
"    [#0214] PC O-34:0 Isomer B","","","","","",""
"    [#0215] PC O-34:1|PC O-16:0_18:1","","","","","",""
"    [#0216] PC O-34:2 ","","","","","",""
"    [#0217] PC O-36:1 ","","","","","",""
"    [#0218] PC O-37:5 ","","","","","",""
"    [#0219] PC O-37:6 ","","","","","",""
"    [#0220] PC O-38:7 ","","","","","",""
"    [#0221] PC O-39:8 ","","","","","",""
"    [#0222] PC O-40:5 ","","","","","",""
"    [#0223] PC O-40:7 ","","","","","",""
"    [#0224] PC O-42:7 or PC 42:7e ","","","","","",""
"    [#0417] PC O-18:0_16:0","","","","","",""
"    [#0439] PC O-36:1","","","","","",""
"    [#0442] PC O-39:8","","","","","",""
"    [#0458] PC O-33:0","","","","","",""
"LION:0002958","fatty acids with 19 carbons","4","1","0.71","0.5434","1.000"
"    [#0055] FA 19:1 ","","","","","",""
"    [#0116] PC 19:1 ","","","","","",""
"    [#0363] TG 19:2_19:2_19:2 ","","","","","",""
"    [#0433] PC 19:1","","","","","",""
"LION:0001734","contains vinyl ether bond (plasmalogen)","33","6","5.85","0.5490","1.000"
"    [#0225] PC P-32:1 or PC O-32:2 ","","","","","",""
"    [#0226] PC P-34:0 or PC O-34:1 ","","","","","",""
"    [#0227] PC P-34:1 or PC O-34:2","","","","","",""
"    [#0228] PC P-34:1 or PC O-34:2 ","","","","","",""
"    [#0229] PC P-36:1 or PC O-36:2","","","","","",""
"    [#0230] PC P-36:1 or PC O-36:2 ","","","","","",""
"    [#0231] PC P-36:2 or PC O-36:3 ","","","","","",""
"    [#0232] PC P-36:3 or PC O-36:4 ","","","","","",""
"    [#0233] PC P-38:3 or PC O-38:4","","","","","",""
"    [#0234] PC P-38:3 or PC O-38:4 ","","","","","",""
"    [#0235] PC P-38:4 or PC O-38:5 Isomer A ","","","","","",""
"    [#0236] PC P-38:4 or PC O-38:5 Isomer B ","","","","","",""
"    [#0237] PC P-38:4 or PC O-38:5 Isomer C","","","","","",""
"    [#0238] PC P-38:5 or PC O-38:6 ","","","","","",""
"    [#0239] PC P-38:5 or PC O-38:6 Isomer A ","","","","","",""
"    [#0240] PC P-40:4 or PC O-40:5 ","","","","","",""
"    [#0241] PC P-40:5 or PC O-40:6 ","","","","","",""
"    [#0242] PC P-40:6 or PC O-40:7 Isomer A ","","","","","",""
"    [#0243] PC P-40:6 or PC O-40:7 Isomer B ","","","","","",""
"    [#0244] PC P-40:7 or PC O-40:8 ","","","","","",""
"    [#0245] PC P-42:5 or PC O-42:6","","","","","",""
"    [#0286] PE P-34:1 or PE O-34:2 ","","","","","",""
"    [#0287] PE P-36:1 or PE O-36:2","","","","","",""
"    [#0288] PE P-36:4 or PE O-36:5 ","","","","","",""
"    [#0289] PE P-36:5 or PE O-36:6 ","","","","","",""
"    [#0290] PE P-38:4 or PE O-38:5 Isomer A","","","","","",""
"    [#0291] PE P-38:4 or PE O-38:5 Isomer B","","","","","",""
"    [#0292] PE P-38:5 or PE O-38:6 ","","","","","",""
"    [#0293] PE P-40:5 or PE O-40:6 ","","","","","",""
"    [#0431] PE P-34:1 or PE O-34:2","","","","","",""
"    [#0435] PC P-36:2 or PC O-36:3","","","","","",""
"    [#0454] PC P-36:3 or PC O-36:4","","","","","",""
"    [#0466] PC P-38:5 or PC O-38:6 Isomer A","","","","","",""
"LION:0012081","mitochondrion","62","11","11","0.5598","1.000"
"    [#0091] LPE 16:0 ","","","","","",""
"    [#0092] LPE 18:0 ","","","","","",""
"    [#0093] LPE 18:1 ","","","","","",""
"    [#0094] LPE 18:2 ","","","","","",""
"    [#0095] LPE 20:4 ","","","","","",""
"    [#0096] LPE 20:5","","","","","",""
"    [#0097] LPE 22:6 ","","","","","",""
"    [#0098] LPE O-18:1 ","","","","","",""
"    [#0099] LPE O-20:0 ","","","","","",""
"    [#0248] PE 16:0_16::1 ","","","","","",""
"    [#0249] PE 16:1_18:1 ","","","","","",""
"    [#0250] PE 18:0_22:3 ","","","","","",""
"    [#0251] PE 34:0 ","","","","","",""
"    [#0252] PE 34:1 ","","","","","",""
"    [#0253] PE 36:1 ","","","","","",""
"    [#0254] PE 36:2 ","","","","","",""
"    [#0255] PE 36:3 ","","","","","",""
"    [#0256] PE 36:4 ","","","","","",""
"    [#0257] PE 36:5|PE 16:0_20:5","","","","","",""
"    [#0258] PE 37:5|PE 17:0_20:5","","","","","",""
"    [#0259] PE 38:2 ","","","","","",""
"    [#0260] PE 38:4 ","","","","","",""
"    [#0261] PE 38:4|PE 18:0_20:4","","","","","",""
"    [#0262] PE 38:5 ","","","","","",""
"    [#0263] PE 38:6 ","","","","","",""
"    [#0264] PE 38:6 Isomer B ","","","","","",""
"    [#0265] PE 38:7|PE 18:2_20:5 Isomer A","","","","","",""
"    [#0266] PE 38:7|PE 18:2_20:5 Isomer B","","","","","",""
"    [#0267] PE 40:10|PE 20:5_20:5","","","","","",""
"    [#0268] PE 40:6|PE 18:1_22:5","","","","","",""
"    [#0269] PE 40:7|PE 18:1_22:6","","","","","",""
"    [#0270] PE O-16:1_18:1 ","","","","","",""
"    [#0271] PE O-16:1_18:2 ","","","","","",""
"    [#0272] PE O-16:1_22:6 ","","","","","",""
"    [#0273] PE O-18:1_22:6 ","","","","","",""
"    [#0274] PE O-18:2_18:2 ","","","","","",""
"    [#0275] PE O-18:2_22:6 ","","","","","",""
"    [#0276] PE O-22:6_16:1 ","","","","","",""
"    [#0277] PE O-36:1 ","","","","","",""
"    [#0278] PE O-36:3 ","","","","","",""
"    [#0279] PE O-36:4 Isomer B","","","","","",""
"    [#0280] PE O-38:2 ","","","","","",""
"    [#0281] PE O-38:6 Isomer B ","","","","","",""
"    [#0282] PE O-38:7 ","","","","","",""
"    [#0283] PE O-40:5 Isomer B ","","","","","",""
"    [#0284] PE O-40:6 Isomer B ","","","","","",""
"    [#0285] PE O-40:8 ","","","","","",""
"    [#0286] PE P-34:1 or PE O-34:2 ","","","","","",""
"    [#0287] PE P-36:1 or PE O-36:2","","","","","",""
"    [#0288] PE P-36:4 or PE O-36:5 ","","","","","",""
"    [#0289] PE P-36:5 or PE O-36:6 ","","","","","",""
"    [#0290] PE P-38:4 or PE O-38:5 Isomer A","","","","","",""
"    [#0291] PE P-38:4 or PE O-38:5 Isomer B","","","","","",""
"    [#0292] PE P-38:5 or PE O-38:6 ","","","","","",""
"    [#0293] PE P-40:5 or PE O-40:6 ","","","","","",""
"    [#0302] PG 36:2 ","","","","","",""
"    [#0303] PG 38:7 ","","","","","",""
"    [#0304] PG 44:12 ","","","","","",""
"    [#0419] PE 38:6 Isomer B","","","","","",""
"    [#0421] PE O-16:1_18:1","","","","","",""
"    [#0431] PE P-34:1 or PE O-34:2","","","","","",""
"    [#0451] LPE 18:2","","","","","",""
"LION:0002970","fatty acid with 2 double bonds","22","4","3.9","0.5690","1.000"
"    [#0015] CAR 18:2 Isomer A ","","","","","",""
"    [#0052] FA 18:2 (linoleic acid) ","","","","","",""
"    [#0053] FA 18:2+2O ","","","","","",""
"    [#0057] FA 20:2 (eicosadienoic acid) ","","","","","",""
"    [#0062] FA 22:2 (docosadienoic acid) ","","","","","",""
"    [#0081] LPC 18:2 ","","","","","",""
"    [#0084] LPC 20:2 ","","","","","",""
"    [#0094] LPE 18:2 ","","","","","",""
"    [#0110] PC 16:0_18:2 ","","","","","",""
"    [#0115] PC 18:2_20:5 ","","","","","",""
"    [#0271] PE O-16:1_18:2 ","","","","","",""
"    [#0274] PE O-18:2_18:2 ","","","","","",""
"    [#0275] PE O-18:2_22:6 ","","","","","",""
"    [#0305] PI 18:0_20:2 ","","","","","",""
"    [#0317] PMeOH 16:0_18:2 ","","","","","",""
"    [#0327] Phosphatidylethanolamine alkenyl 18:0-18:2 ","","","","","",""
"    [#0361] TG 16:2_18:2_18:3 ","","","","","",""
"    [#0363] TG 19:2_19:2_19:2 ","","","","","",""
"    [#0416] PC 18:2_20:5","","","","","",""
"    [#0429] PC 16:0_18:2","","","","","",""
"    [#0451] LPE 18:2","","","","","",""
"    [#0462] PMeOH 16:0_18:2","","","","","",""
"LION:0000004","sphingolipids [SP]","74","13","13.13","0.5733","1.000"
"    [#0017] Cer 18:0;2O_20:0 ","","","","","",""
"    [#0018] Cer 22:0;2O/26:0 ","","","","","",""
"    [#0019] Cer 32:1;2O|Cer 14:1;O2/18:0","","","","","",""
"    [#0020] Cer 34:1;O2|Cer 14:1;O2/20:0","","","","","",""
"    [#0021] Cer 58:11;2O ","","","","","",""
"    [#0022] Cer d32:1 ","","","","","",""
"    [#0023] Cer d33:1 ","","","","","",""
"    [#0024] Cer d34:0 ","","","","","",""
"    [#0025] Cer d34:1 Isomer B","","","","","",""
"    [#0026] Cer d34:2 ","","","","","",""
"    [#0027] Cer d35:1 ","","","","","",""
"    [#0028] Cer d36:1 Isomer B","","","","","",""
"    [#0029] Cer d36:2 ","","","","","",""
"    [#0030] Cer d37:1 ","","","","","",""
"    [#0031] Cer d38:1 ","","","","","",""
"    [#0032] Cer d38:2 ","","","","","",""
"    [#0033] Cer d39:1 ","","","","","",""
"    [#0034] Cer d39:2 ","","","","","",""
"    [#0035] Cer d40:1 ","","","","","",""
"    [#0036] Cer d40:2 ","","","","","",""
"    [#0037] Cer d41:1 ","","","","","",""
"    [#0038] Cer d41:2 ","","","","","",""
"    [#0039] Cer d42:2 ","","","","","",""
"    [#0040] Cer d42:3 ","","","","","",""
"    [#0041] Cer d46:1 ","","","","","",""
"    [#0072] GlcCer d38:1 ","","","","","",""
"    [#0073] GlcCer d40:1 ","","","","","",""
"    [#0074] GlcCer d42:1 ","","","","","",""
"    [#0075] GlcCer d42:2 ","","","","","",""
"    [#0076] HexCer 32:0;O2","","","","","",""
"    [#0328] SM 29:2;2O/8:0 ","","","","","",""
"    [#0329] SM 35:1;2O ","","","","","",""
"    [#0330] SM 37:4;3O ","","","","","",""
"    [#0331] SM 41:3;3O ","","","","","",""
"    [#0332] SM d30:1 ","","","","","",""
"    [#0333] SM d31:1 ","","","","","",""
"    [#0334] SM d32:0 ","","","","","",""
"    [#0335] SM d32:0 Isomer B ","","","","","",""
"    [#0336] SM d32:1 Isomer A","","","","","",""
"    [#0337] SM d32:1 Isomer B","","","","","",""
"    [#0338] SM d32:2 ","","","","","",""
"    [#0339] SM d33:1 ","","","","","",""
"    [#0340] SM d34:0 ","","","","","",""
"    [#0341] SM d34:1 Isomer A","","","","","",""
"    [#0342] SM d34:1 Isomer B","","","","","",""
"    [#0343] SM d34:2 ","","","","","",""
"    [#0344] SM d35:1 ","","","","","",""
"    [#0345] SM d35:2 ","","","","","",""
"    [#0346] SM d36:0 ","","","","","",""
"    [#0347] SM d36:1 Isomer A","","","","","",""
"    [#0348] SM d36:1 Isomer B","","","","","",""
"    [#0349] SM d36:2 Isomer A","","","","","",""
"    [#0350] SM d36:4 ","","","","","",""
"    [#0351] SM d37:1 ","","","","","",""
"    [#0352] SM d38:1 ","","","","","",""
"    [#0353] SM d38:2 Isomer A","","","","","",""
"    [#0354] SM d38:2 Isomer B","","","","","",""
"    [#0355] SM d39:2 ","","","","","",""
"    [#0356] SM d40:2 Isomer B ","","","","","",""
"    [#0357] SM d41:2 Isomer A ","","","","","",""
"    [#0358] SM d42:2 Isomer B ","","","","","",""
"    [#0423] SM d34:0","","","","","",""
"    [#0425] SM d36:0","","","","","",""
"    [#0430] SM d32:0 Isomer B","","","","","",""
"    [#0434] Cer d34:0","","","","","",""
"    [#0440] Cer d42:2","","","","","",""
"    [#0445] Cer d40:1","","","","","",""
"    [#0446] Cer d41:1","","","","","",""
"    [#0450] Cer d40:2","","","","","",""
"    [#0453] SM d32:0","","","","","",""
"    [#0455] SM 37:4;3O","","","","","",""
"    [#0463] Cer d39:1","","","","","",""
"    [#0470] SM d38:1","","","","","",""
"    [#0472] Cer d36:2","","","","","",""
"LION:0012009","lipid-mediated signalling","58","10","10.29","0.6034","1.000"
"    [#0017] Cer 18:0;2O_20:0 ","","","","","",""
"    [#0018] Cer 22:0;2O/26:0 ","","","","","",""
"    [#0019] Cer 32:1;2O|Cer 14:1;O2/18:0","","","","","",""
"    [#0020] Cer 34:1;O2|Cer 14:1;O2/20:0","","","","","",""
"    [#0021] Cer 58:11;2O ","","","","","",""
"    [#0022] Cer d32:1 ","","","","","",""
"    [#0023] Cer d33:1 ","","","","","",""
"    [#0024] Cer d34:0 ","","","","","",""
"    [#0025] Cer d34:1 Isomer B","","","","","",""
"    [#0026] Cer d34:2 ","","","","","",""
"    [#0027] Cer d35:1 ","","","","","",""
"    [#0028] Cer d36:1 Isomer B","","","","","",""
"    [#0029] Cer d36:2 ","","","","","",""
"    [#0030] Cer d37:1 ","","","","","",""
"    [#0031] Cer d38:1 ","","","","","",""
"    [#0032] Cer d38:2 ","","","","","",""
"    [#0033] Cer d39:1 ","","","","","",""
"    [#0034] Cer d39:2 ","","","","","",""
"    [#0035] Cer d40:1 ","","","","","",""
"    [#0036] Cer d40:2 ","","","","","",""
"    [#0037] Cer d41:1 ","","","","","",""
"    [#0038] Cer d41:2 ","","","","","",""
"    [#0039] Cer d42:2 ","","","","","",""
"    [#0040] Cer d42:3 ","","","","","",""
"    [#0041] Cer d46:1 ","","","","","",""
"    [#0045] DG 34:1 ","","","","","",""
"    [#0046] DG 36:5 ","","","","","",""
"    [#0047] DG 38:5 ","","","","","",""
"    [#0048] DG 38:6 ","","","","","",""
"    [#0078] LPC 16:0 ","","","","","",""
"    [#0079] LPC 18:0 Isomer B ","","","","","",""
"    [#0080] LPC 18:1 ","","","","","",""
"    [#0081] LPC 18:2 ","","","","","",""
"    [#0082] LPC 20:0 ","","","","","",""
"    [#0083] LPC 20:1 ","","","","","",""
"    [#0084] LPC 20:2 ","","","","","",""
"    [#0085] LPC 20:5 ","","","","","",""
"    [#0086] LPC 22:6 ","","","","","",""
"    [#0087] LPC 32:1 ","","","","","",""
"    [#0088] LPC 40:7 ","","","","","",""
"    [#0091] LPE 16:0 ","","","","","",""
"    [#0092] LPE 18:0 ","","","","","",""
"    [#0093] LPE 18:1 ","","","","","",""
"    [#0094] LPE 18:2 ","","","","","",""
"    [#0095] LPE 20:4 ","","","","","",""
"    [#0096] LPE 20:5","","","","","",""
"    [#0097] LPE 22:6 ","","","","","",""
"    [#0100] LPS 18:0 ","","","","","",""
"    [#0420] DG 38:6","","","","","",""
"    [#0434] Cer d34:0","","","","","",""
"    [#0440] Cer d42:2","","","","","",""
"    [#0441] DG 36:5","","","","","",""
"    [#0445] Cer d40:1","","","","","",""
"    [#0446] Cer d41:1","","","","","",""
"    [#0450] Cer d40:2","","","","","",""
"    [#0451] LPE 18:2","","","","","",""
"    [#0463] Cer d39:1","","","","","",""
"    [#0472] Cer d36:2","","","","","",""
"LION:0001740","above average transition temperature","23","4","4.08","0.6073","1.000"
"    [#0109] PC 16:0_14:0 ","","","","","",""
"    [#0124] PC 31:0","","","","","",""
"    [#0126] PC 32:0 ","","","","","",""
"    [#0131] PC 33:0 ","","","","","",""
"    [#0136] PC 34:0","","","","","",""
"    [#0250] PE 18:0_22:3 ","","","","","",""
"    [#0251] PE 34:0 ","","","","","",""
"    [#0252] PE 34:1 ","","","","","",""
"    [#0253] PE 36:1 ","","","","","",""
"    [#0259] PE 38:2 ","","","","","",""
"    [#0304] PG 44:12 ","","","","","",""
"    [#0322] PS 36:1 ","","","","","",""
"    [#0334] SM d32:0 ","","","","","",""
"    [#0340] SM d34:0 ","","","","","",""
"    [#0344] SM d35:1 ","","","","","",""
"    [#0346] SM d36:0 ","","","","","",""
"    [#0351] SM d37:1 ","","","","","",""
"    [#0352] SM d38:1 ","","","","","",""
"    [#0355] SM d39:2 ","","","","","",""
"    [#0423] SM d34:0","","","","","",""
"    [#0425] SM d36:0","","","","","",""
"    [#0453] SM d32:0","","","","","",""
"    [#0470] SM d38:1","","","","","",""
"LION:0000032","1-(1z-alkenyl),2-acylglycerophosphocholines [GP0103]","24","4","4.26","0.6435","1.000"
"    [#0225] PC P-32:1 or PC O-32:2 ","","","","","",""
"    [#0226] PC P-34:0 or PC O-34:1 ","","","","","",""
"    [#0227] PC P-34:1 or PC O-34:2","","","","","",""
"    [#0228] PC P-34:1 or PC O-34:2 ","","","","","",""
"    [#0229] PC P-36:1 or PC O-36:2","","","","","",""
"    [#0230] PC P-36:1 or PC O-36:2 ","","","","","",""
"    [#0231] PC P-36:2 or PC O-36:3 ","","","","","",""
"    [#0232] PC P-36:3 or PC O-36:4 ","","","","","",""
"    [#0233] PC P-38:3 or PC O-38:4","","","","","",""
"    [#0234] PC P-38:3 or PC O-38:4 ","","","","","",""
"    [#0235] PC P-38:4 or PC O-38:5 Isomer A ","","","","","",""
"    [#0236] PC P-38:4 or PC O-38:5 Isomer B ","","","","","",""
"    [#0237] PC P-38:4 or PC O-38:5 Isomer C","","","","","",""
"    [#0238] PC P-38:5 or PC O-38:6 ","","","","","",""
"    [#0239] PC P-38:5 or PC O-38:6 Isomer A ","","","","","",""
"    [#0240] PC P-40:4 or PC O-40:5 ","","","","","",""
"    [#0241] PC P-40:5 or PC O-40:6 ","","","","","",""
"    [#0242] PC P-40:6 or PC O-40:7 Isomer A ","","","","","",""
"    [#0243] PC P-40:6 or PC O-40:7 Isomer B ","","","","","",""
"    [#0244] PC P-40:7 or PC O-40:8 ","","","","","",""
"    [#0245] PC P-42:5 or PC O-42:6","","","","","",""
"    [#0435] PC P-36:2 or PC O-36:3","","","","","",""
"    [#0454] PC P-36:3 or PC O-36:4","","","","","",""
"    [#0466] PC P-38:5 or PC O-38:6 Isomer A","","","","","",""
"LION:0012082","plasma membrane","78","13","13.84","0.6613","1.000"
"    [#0017] Cer 18:0;2O_20:0 ","","","","","",""
"    [#0018] Cer 22:0;2O/26:0 ","","","","","",""
"    [#0019] Cer 32:1;2O|Cer 14:1;O2/18:0","","","","","",""
"    [#0020] Cer 34:1;O2|Cer 14:1;O2/20:0","","","","","",""
"    [#0021] Cer 58:11;2O ","","","","","",""
"    [#0022] Cer d32:1 ","","","","","",""
"    [#0023] Cer d33:1 ","","","","","",""
"    [#0024] Cer d34:0 ","","","","","",""
"    [#0025] Cer d34:1 Isomer B","","","","","",""
"    [#0026] Cer d34:2 ","","","","","",""
"    [#0027] Cer d35:1 ","","","","","",""
"    [#0028] Cer d36:1 Isomer B","","","","","",""
"    [#0029] Cer d36:2 ","","","","","",""
"    [#0030] Cer d37:1 ","","","","","",""
"    [#0031] Cer d38:1 ","","","","","",""
"    [#0032] Cer d38:2 ","","","","","",""
"    [#0033] Cer d39:1 ","","","","","",""
"    [#0034] Cer d39:2 ","","","","","",""
"    [#0035] Cer d40:1 ","","","","","",""
"    [#0036] Cer d40:2 ","","","","","",""
"    [#0037] Cer d41:1 ","","","","","",""
"    [#0038] Cer d41:2 ","","","","","",""
"    [#0039] Cer d42:2 ","","","","","",""
"    [#0040] Cer d42:3 ","","","","","",""
"    [#0041] Cer d46:1 ","","","","","",""
"    [#0043] Cholesterol ","","","","","",""
"    [#0100] LPS 18:0 ","","","","","",""
"    [#0319] PS 16:0_22:4 ","","","","","",""
"    [#0320] PS 18:0_22:6 ","","","","","",""
"    [#0321] PS 34:1 ","","","","","",""
"    [#0322] PS 36:1 ","","","","","",""
"    [#0323] PS 36:2 ","","","","","",""
"    [#0324] PS 38:5|PS 18:0_20:5","","","","","",""
"    [#0325] PS 40:5 ","","","","","",""
"    [#0328] SM 29:2;2O/8:0 ","","","","","",""
"    [#0329] SM 35:1;2O ","","","","","",""
"    [#0330] SM 37:4;3O ","","","","","",""
"    [#0331] SM 41:3;3O ","","","","","",""
"    [#0332] SM d30:1 ","","","","","",""
"    [#0333] SM d31:1 ","","","","","",""
"    [#0334] SM d32:0 ","","","","","",""
"    [#0335] SM d32:0 Isomer B ","","","","","",""
"    [#0336] SM d32:1 Isomer A","","","","","",""
"    [#0337] SM d32:1 Isomer B","","","","","",""
"    [#0338] SM d32:2 ","","","","","",""
"    [#0339] SM d33:1 ","","","","","",""
"    [#0340] SM d34:0 ","","","","","",""
"    [#0341] SM d34:1 Isomer A","","","","","",""
"    [#0342] SM d34:1 Isomer B","","","","","",""
"    [#0343] SM d34:2 ","","","","","",""
"    [#0344] SM d35:1 ","","","","","",""
"    [#0345] SM d35:2 ","","","","","",""
"    [#0346] SM d36:0 ","","","","","",""
"    [#0347] SM d36:1 Isomer A","","","","","",""
"    [#0348] SM d36:1 Isomer B","","","","","",""
"    [#0349] SM d36:2 Isomer A","","","","","",""
"    [#0350] SM d36:4 ","","","","","",""
"    [#0351] SM d37:1 ","","","","","",""
"    [#0352] SM d38:1 ","","","","","",""
"    [#0353] SM d38:2 Isomer A","","","","","",""
"    [#0354] SM d38:2 Isomer B","","","","","",""
"    [#0355] SM d39:2 ","","","","","",""
"    [#0356] SM d40:2 Isomer B ","","","","","",""
"    [#0357] SM d41:2 Isomer A ","","","","","",""
"    [#0358] SM d42:2 Isomer B ","","","","","",""
"    [#0423] SM d34:0","","","","","",""
"    [#0425] SM d36:0","","","","","",""
"    [#0430] SM d32:0 Isomer B","","","","","",""
"    [#0434] Cer d34:0","","","","","",""
"    [#0440] Cer d42:2","","","","","",""
"    [#0445] Cer d40:1","","","","","",""
"    [#0446] Cer d41:1","","","","","",""
"    [#0450] Cer d40:2","","","","","",""
"    [#0453] SM d32:0","","","","","",""
"    [#0455] SM 37:4;3O","","","","","",""
"    [#0463] Cer d39:1","","","","","",""
"    [#0470] SM d38:1","","","","","",""
"    [#0472] Cer d36:2","","","","","",""
"LION:0000084","ceramide phosphocholines (sphingomyelins) [SP0301]","37","6","6.56","0.6715","1.000"
"    [#0328] SM 29:2;2O/8:0 ","","","","","",""
"    [#0329] SM 35:1;2O ","","","","","",""
"    [#0330] SM 37:4;3O ","","","","","",""
"    [#0331] SM 41:3;3O ","","","","","",""
"    [#0332] SM d30:1 ","","","","","",""
"    [#0333] SM d31:1 ","","","","","",""
"    [#0334] SM d32:0 ","","","","","",""
"    [#0335] SM d32:0 Isomer B ","","","","","",""
"    [#0336] SM d32:1 Isomer A","","","","","",""
"    [#0337] SM d32:1 Isomer B","","","","","",""
"    [#0338] SM d32:2 ","","","","","",""
"    [#0339] SM d33:1 ","","","","","",""
"    [#0340] SM d34:0 ","","","","","",""
"    [#0341] SM d34:1 Isomer A","","","","","",""
"    [#0342] SM d34:1 Isomer B","","","","","",""
"    [#0343] SM d34:2 ","","","","","",""
"    [#0344] SM d35:1 ","","","","","",""
"    [#0345] SM d35:2 ","","","","","",""
"    [#0346] SM d36:0 ","","","","","",""
"    [#0347] SM d36:1 Isomer A","","","","","",""
"    [#0348] SM d36:1 Isomer B","","","","","",""
"    [#0349] SM d36:2 Isomer A","","","","","",""
"    [#0350] SM d36:4 ","","","","","",""
"    [#0351] SM d37:1 ","","","","","",""
"    [#0352] SM d38:1 ","","","","","",""
"    [#0353] SM d38:2 Isomer A","","","","","",""
"    [#0354] SM d38:2 Isomer B","","","","","",""
"    [#0355] SM d39:2 ","","","","","",""
"    [#0356] SM d40:2 Isomer B ","","","","","",""
"    [#0357] SM d41:2 Isomer A ","","","","","",""
"    [#0358] SM d42:2 Isomer B ","","","","","",""
"    [#0423] SM d34:0","","","","","",""
"    [#0425] SM d36:0","","","","","",""
"    [#0430] SM d32:0 Isomer B","","","","","",""
"    [#0453] SM d32:0","","","","","",""
"    [#0455] SM 37:4;3O","","","","","",""
"    [#0470] SM d38:1","","","","","",""
"LION:0002930","C20:5","6","1","1.06","0.6924","1.000"
"    [#0060] FA 20:5 (eicosapentaenoic acid) ","","","","","",""
"    [#0085] LPC 20:5 ","","","","","",""
"    [#0096] LPE 20:5","","","","","",""
"    [#0101] MGDG 16:0_20:5 ","","","","","",""
"    [#0115] PC 18:2_20:5 ","","","","","",""
"    [#0416] PC 18:2_20:5","","","","","",""
"LION:0012086","endosome/lysosome","38","6","6.74","0.6987","1.000"
"    [#0043] Cholesterol ","","","","","",""
"    [#0328] SM 29:2;2O/8:0 ","","","","","",""
"    [#0329] SM 35:1;2O ","","","","","",""
"    [#0330] SM 37:4;3O ","","","","","",""
"    [#0331] SM 41:3;3O ","","","","","",""
"    [#0332] SM d30:1 ","","","","","",""
"    [#0333] SM d31:1 ","","","","","",""
"    [#0334] SM d32:0 ","","","","","",""
"    [#0335] SM d32:0 Isomer B ","","","","","",""
"    [#0336] SM d32:1 Isomer A","","","","","",""
"    [#0337] SM d32:1 Isomer B","","","","","",""
"    [#0338] SM d32:2 ","","","","","",""
"    [#0339] SM d33:1 ","","","","","",""
"    [#0340] SM d34:0 ","","","","","",""
"    [#0341] SM d34:1 Isomer A","","","","","",""
"    [#0342] SM d34:1 Isomer B","","","","","",""
"    [#0343] SM d34:2 ","","","","","",""
"    [#0344] SM d35:1 ","","","","","",""
"    [#0345] SM d35:2 ","","","","","",""
"    [#0346] SM d36:0 ","","","","","",""
"    [#0347] SM d36:1 Isomer A","","","","","",""
"    [#0348] SM d36:1 Isomer B","","","","","",""
"    [#0349] SM d36:2 Isomer A","","","","","",""
"    [#0350] SM d36:4 ","","","","","",""
"    [#0351] SM d37:1 ","","","","","",""
"    [#0352] SM d38:1 ","","","","","",""
"    [#0353] SM d38:2 Isomer A","","","","","",""
"    [#0354] SM d38:2 Isomer B","","","","","",""
"    [#0355] SM d39:2 ","","","","","",""
"    [#0356] SM d40:2 Isomer B ","","","","","",""
"    [#0357] SM d41:2 Isomer A ","","","","","",""
"    [#0358] SM d42:2 Isomer B ","","","","","",""
"    [#0423] SM d34:0","","","","","",""
"    [#0425] SM d36:0","","","","","",""
"    [#0430] SM d32:0 Isomer B","","","","","",""
"    [#0453] SM d32:0","","","","","",""
"    [#0455] SM 37:4;3O","","","","","",""
"    [#0470] SM d38:1","","","","","",""
"LION:0000042","monoacylglycerophosphoethanolamines [GP0205]","8","1","1.42","0.7931","1.000"
"    [#0091] LPE 16:0 ","","","","","",""
"    [#0092] LPE 18:0 ","","","","","",""
"    [#0093] LPE 18:1 ","","","","","",""
"    [#0094] LPE 18:2 ","","","","","",""
"    [#0095] LPE 20:4 ","","","","","",""
"    [#0096] LPE 20:5","","","","","",""
"    [#0097] LPE 22:6 ","","","","","",""
"    [#0451] LPE 18:2","","","","","",""
"LION:0000467","contains ether-bond","44","6","7.8","0.8303","1.000"
"    [#0202] PC O-16:0_20:4 ","","","","","",""
"    [#0203] PC O-18:0_16:0 ","","","","","",""
"    [#0204] PC O-18:1_20:4 ","","","","","",""
"    [#0205] PC O-29:0","","","","","",""
"    [#0206] PC O-30:0|PC O-14:0_16:0","","","","","",""
"    [#0207] PC O-31:0","","","","","",""
"    [#0208] PC O-31:0|PC O-15:0_16:0","","","","","",""
"    [#0209] PC O-32:0 ","","","","","",""
"    [#0210] PC O-32:2 ","","","","","",""
"    [#0211] PC O-33:0 ","","","","","",""
"    [#0212] PC O-33:6 ","","","","","",""
"    [#0213] PC O-34:0 Isomer A","","","","","",""
"    [#0214] PC O-34:0 Isomer B","","","","","",""
"    [#0215] PC O-34:1|PC O-16:0_18:1","","","","","",""
"    [#0216] PC O-34:2 ","","","","","",""
"    [#0217] PC O-36:1 ","","","","","",""
"    [#0218] PC O-37:5 ","","","","","",""
"    [#0219] PC O-37:6 ","","","","","",""
"    [#0220] PC O-38:7 ","","","","","",""
"    [#0221] PC O-39:8 ","","","","","",""
"    [#0222] PC O-40:5 ","","","","","",""
"    [#0223] PC O-40:7 ","","","","","",""
"    [#0224] PC O-42:7 or PC 42:7e ","","","","","",""
"    [#0270] PE O-16:1_18:1 ","","","","","",""
"    [#0271] PE O-16:1_18:2 ","","","","","",""
"    [#0272] PE O-16:1_22:6 ","","","","","",""
"    [#0273] PE O-18:1_22:6 ","","","","","",""
"    [#0274] PE O-18:2_18:2 ","","","","","",""
"    [#0275] PE O-18:2_22:6 ","","","","","",""
"    [#0276] PE O-22:6_16:1 ","","","","","",""
"    [#0277] PE O-36:1 ","","","","","",""
"    [#0278] PE O-36:3 ","","","","","",""
"    [#0279] PE O-36:4 Isomer B","","","","","",""
"    [#0280] PE O-38:2 ","","","","","",""
"    [#0281] PE O-38:6 Isomer B ","","","","","",""
"    [#0282] PE O-38:7 ","","","","","",""
"    [#0283] PE O-40:5 Isomer B ","","","","","",""
"    [#0284] PE O-40:6 Isomer B ","","","","","",""
"    [#0285] PE O-40:8 ","","","","","",""
"    [#0417] PC O-18:0_16:0","","","","","",""
"    [#0421] PE O-16:1_18:1","","","","","",""
"    [#0439] PC O-36:1","","","","","",""
"    [#0442] PC O-39:8","","","","","",""
"    [#0458] PC O-33:0","","","","","",""
"LION:0002882","C16:0","25","3","4.43","0.8533","1.000"
"    [#0010] CAR 16:0 ","","","","","",""
"    [#0078] LPC 16:0 ","","","","","",""
"    [#0089] LPC O-16:0 ","","","","","",""
"    [#0091] LPE 16:0 ","","","","","",""
"    [#0101] MGDG 16:0_20:5 ","","","","","",""
"    [#0108] PC 16:0/9:0 CHO ","","","","","",""
"    [#0109] PC 16:0_14:0 ","","","","","",""
"    [#0110] PC 16:0_18:2 ","","","","","",""
"    [#0111] PC 16:0_22:6 ","","","","","",""
"    [#0202] PC O-16:0_20:4 ","","","","","",""
"    [#0203] PC O-18:0_16:0 ","","","","","",""
"    [#0246] PC-O 16:0_18:1 ","","","","","",""
"    [#0248] PE 16:0_16::1 ","","","","","",""
"    [#0295] PEtOH 16:0_16:1 ","","","","","",""
"    [#0296] PEtOH 16:0_18:1 ","","","","","",""
"    [#0297] PEtOH 16:0_20:4 ","","","","","",""
"    [#0316] PMeOH 16:0_18:1 ","","","","","",""
"    [#0317] PMeOH 16:0_18:2 ","","","","","",""
"    [#0319] PS 16:0_22:4 ","","","","","",""
"    [#0326] Phosphatidylethanolamine alkenyl 16:0-20:4 ","","","","","",""
"    [#0359] TG 14:0_16:0_17:1 ","","","","","",""
"    [#0360] TG 16:0_18:1_20:0 ","","","","","",""
"    [#0417] PC O-18:0_16:0","","","","","",""
"    [#0429] PC 16:0_18:2","","","","","",""
"    [#0462] PMeOH 16:0_18:2","","","","","",""
"LION:0002929","C20:4","10","1","1.77","0.8612","1.000"
"    [#0059] FA 20:4 (arachidonic acid) ","","","","","",""
"    [#0077] LNAPE 20:4_N-19:1 ","","","","","",""
"    [#0095] LPE 20:4 ","","","","","",""
"    [#0202] PC O-16:0_20:4 ","","","","","",""
"    [#0204] PC O-18:1_20:4 ","","","","","",""
"    [#0297] PEtOH 16:0_20:4 ","","","","","",""
"    [#0301] PEtOH 18:1_20:4 ","","","","","",""
"    [#0306] PI 18:0_20:4 ","","","","","",""
"    [#0326] Phosphatidylethanolamine alkenyl 16:0-20:4 ","","","","","",""
"    [#0457] LNAPE 20:4_N-19:1","","","","","",""
"LION:0002900","C16:1","12","1","2.13","0.9070","1.000"
"    [#0011] CAR 16:1","","","","","",""
"    [#0107] PC 14:0_16:1 ","","","","","",""
"    [#0112] PC 16:1/18:4 ","","","","","",""
"    [#0249] PE 16:1_18:1 ","","","","","",""
"    [#0270] PE O-16:1_18:1 ","","","","","",""
"    [#0271] PE O-16:1_18:2 ","","","","","",""
"    [#0272] PE O-16:1_22:6 ","","","","","",""
"    [#0276] PE O-22:6_16:1 ","","","","","",""
"    [#0295] PEtOH 16:0_16:1 ","","","","","",""
"    [#0298] PEtOH 16:1_16:1 ","","","","","",""
"    [#0299] PEtOH 16:1_18:1 ","","","","","",""
"    [#0421] PE O-16:1_18:1","","","","","",""
"LION:0002955","fatty acid with 16 carbons","36","4","6.39","0.9121","1.000"
"    [#0010] CAR 16:0 ","","","","","",""
"    [#0011] CAR 16:1","","","","","",""
"    [#0078] LPC 16:0 ","","","","","",""
"    [#0089] LPC O-16:0 ","","","","","",""
"    [#0091] LPE 16:0 ","","","","","",""
"    [#0101] MGDG 16:0_20:5 ","","","","","",""
"    [#0107] PC 14:0_16:1 ","","","","","",""
"    [#0108] PC 16:0/9:0 CHO ","","","","","",""
"    [#0109] PC 16:0_14:0 ","","","","","",""
"    [#0110] PC 16:0_18:2 ","","","","","",""
"    [#0111] PC 16:0_22:6 ","","","","","",""
"    [#0112] PC 16:1/18:4 ","","","","","",""
"    [#0202] PC O-16:0_20:4 ","","","","","",""
"    [#0203] PC O-18:0_16:0 ","","","","","",""
"    [#0246] PC-O 16:0_18:1 ","","","","","",""
"    [#0248] PE 16:0_16::1 ","","","","","",""
"    [#0249] PE 16:1_18:1 ","","","","","",""
"    [#0270] PE O-16:1_18:1 ","","","","","",""
"    [#0271] PE O-16:1_18:2 ","","","","","",""
"    [#0272] PE O-16:1_22:6 ","","","","","",""
"    [#0276] PE O-22:6_16:1 ","","","","","",""
"    [#0295] PEtOH 16:0_16:1 ","","","","","",""
"    [#0296] PEtOH 16:0_18:1 ","","","","","",""
"    [#0297] PEtOH 16:0_20:4 ","","","","","",""
"    [#0298] PEtOH 16:1_16:1 ","","","","","",""
"    [#0299] PEtOH 16:1_18:1 ","","","","","",""
"    [#0316] PMeOH 16:0_18:1 ","","","","","",""
"    [#0317] PMeOH 16:0_18:2 ","","","","","",""
"    [#0319] PS 16:0_22:4 ","","","","","",""
"    [#0326] Phosphatidylethanolamine alkenyl 16:0-20:4 ","","","","","",""
"    [#0359] TG 14:0_16:0_17:1 ","","","","","",""
"    [#0360] TG 16:0_18:1_20:0 ","","","","","",""
"    [#0417] PC O-18:0_16:0","","","","","",""
"    [#0421] PE O-16:1_18:1","","","","","",""
"    [#0429] PC 16:0_18:2","","","","","",""
"    [#0462] PMeOH 16:0_18:2","","","","","",""
"LION:0002949","fatty acid with 19-21 carbons","32","3","5.68","0.9465","1.000"
"    [#0016] CAR 20:1 ","","","","","",""
"    [#0055] FA 19:1 ","","","","","",""
"    [#0056] FA 20:1","","","","","",""
"    [#0057] FA 20:2 (eicosadienoic acid) ","","","","","",""
"    [#0058] FA 20:3 (eicosatrienoic acid) ","","","","","",""
"    [#0059] FA 20:4 (arachidonic acid) ","","","","","",""
"    [#0060] FA 20:5 (eicosapentaenoic acid) ","","","","","",""
"    [#0077] LNAPE 20:4_N-19:1 ","","","","","",""
"    [#0082] LPC 20:0 ","","","","","",""
"    [#0083] LPC 20:1 ","","","","","",""
"    [#0084] LPC 20:2 ","","","","","",""
"    [#0085] LPC 20:5 ","","","","","",""
"    [#0095] LPE 20:4 ","","","","","",""
"    [#0096] LPE 20:5","","","","","",""
"    [#0099] LPE O-20:0 ","","","","","",""
"    [#0101] MGDG 16:0_20:5 ","","","","","",""
"    [#0115] PC 18:2_20:5 ","","","","","",""
"    [#0116] PC 19:1 ","","","","","",""
"    [#0117] PC 20:1_20:1 ","","","","","",""
"    [#0118] PC 21:4 ","","","","","",""
"    [#0202] PC O-16:0_20:4 ","","","","","",""
"    [#0204] PC O-18:1_20:4 ","","","","","",""
"    [#0297] PEtOH 16:0_20:4 ","","","","","",""
"    [#0301] PEtOH 18:1_20:4 ","","","","","",""
"    [#0305] PI 18:0_20:2 ","","","","","",""
"    [#0306] PI 18:0_20:4 ","","","","","",""
"    [#0326] Phosphatidylethanolamine alkenyl 16:0-20:4 ","","","","","",""
"    [#0360] TG 16:0_18:1_20:0 ","","","","","",""
"    [#0363] TG 19:2_19:2_19:2 ","","","","","",""
"    [#0416] PC 18:2_20:5","","","","","",""
"    [#0433] PC 19:1","","","","","",""
"    [#0457] LNAPE 20:4_N-19:1","","","","","",""
"LION:0001738","high transition temperature","15","1","2.66","0.9492","1.000"
"    [#0109] PC 16:0_14:0 ","","","","","",""
"    [#0124] PC 31:0","","","","","",""
"    [#0126] PC 32:0 ","","","","","",""
"    [#0131] PC 33:0 ","","","","","",""
"    [#0136] PC 34:0","","","","","",""
"    [#0250] PE 18:0_22:3 ","","","","","",""
"    [#0252] PE 34:1 ","","","","","",""
"    [#0253] PE 36:1 ","","","","","",""
"    [#0259] PE 38:2 ","","","","","",""
"    [#0322] PS 36:1 ","","","","","",""
"    [#0344] SM d35:1 ","","","","","",""
"    [#0351] SM d37:1 ","","","","","",""
"    [#0352] SM d38:1 ","","","","","",""
"    [#0355] SM d39:2 ","","","","","",""
"    [#0470] SM d38:1","","","","","",""
"LION:0002972","fatty acid with 4 double bonds","15","1","2.66","0.9492","1.000"
"    [#0059] FA 20:4 (arachidonic acid) ","","","","","",""
"    [#0063] FA 22:4 ","","","","","",""
"    [#0077] LNAPE 20:4_N-19:1 ","","","","","",""
"    [#0095] LPE 20:4 ","","","","","",""
"    [#0118] PC 21:4 ","","","","","",""
"    [#0119] PC 22:4 ","","","","","",""
"    [#0202] PC O-16:0_20:4 ","","","","","",""
"    [#0204] PC O-18:1_20:4 ","","","","","",""
"    [#0297] PEtOH 16:0_20:4 ","","","","","",""
"    [#0301] PEtOH 18:1_20:4 ","","","","","",""
"    [#0306] PI 18:0_20:4 ","","","","","",""
"    [#0307] PI 18:1_22:4 ","","","","","",""
"    [#0319] PS 16:0_22:4 ","","","","","",""
"    [#0326] Phosphatidylethanolamine alkenyl 16:0-20:4 ","","","","","",""
"    [#0457] LNAPE 20:4_N-19:1","","","","","",""
"LION:0080978","average lateral diffusion","15","1","2.66","0.9492","1.000"
"    [#0109] PC 16:0_14:0 ","","","","","",""
"    [#0110] PC 16:0_18:2 ","","","","","",""
"    [#0123] PC 29:0 ","","","","","",""
"    [#0124] PC 31:0","","","","","",""
"    [#0126] PC 32:0 ","","","","","",""
"    [#0147] PC 35:2 ","","","","","",""
"    [#0168] PC 37:3 ","","","","","",""
"    [#0183] PC 40:3 ","","","","","",""
"    [#0196] PC 42:5 ","","","","","",""
"    [#0249] PE 16:1_18:1 ","","","","","",""
"    [#0255] PE 36:3 ","","","","","",""
"    [#0260] PE 38:4 ","","","","","",""
"    [#0319] PS 16:0_22:4 ","","","","","",""
"    [#0325] PS 40:5 ","","","","","",""
"    [#0429] PC 16:0_18:2","","","","","",""
"LION:0002977","fatty acid with 3-5 double bonds","25","2","4.43","0.9558","1.000"
"    [#0054] FA 18:3 (linolenic acid) ","","","","","",""
"    [#0058] FA 20:3 (eicosatrienoic acid) ","","","","","",""
"    [#0059] FA 20:4 (arachidonic acid) ","","","","","",""
"    [#0060] FA 20:5 (eicosapentaenoic acid) ","","","","","",""
"    [#0063] FA 22:4 ","","","","","",""
"    [#0077] LNAPE 20:4_N-19:1 ","","","","","",""
"    [#0085] LPC 20:5 ","","","","","",""
"    [#0095] LPE 20:4 ","","","","","",""
"    [#0096] LPE 20:5","","","","","",""
"    [#0101] MGDG 16:0_20:5 ","","","","","",""
"    [#0115] PC 18:2_20:5 ","","","","","",""
"    [#0118] PC 21:4 ","","","","","",""
"    [#0119] PC 22:4 ","","","","","",""
"    [#0202] PC O-16:0_20:4 ","","","","","",""
"    [#0204] PC O-18:1_20:4 ","","","","","",""
"    [#0250] PE 18:0_22:3 ","","","","","",""
"    [#0297] PEtOH 16:0_20:4 ","","","","","",""
"    [#0301] PEtOH 18:1_20:4 ","","","","","",""
"    [#0306] PI 18:0_20:4 ","","","","","",""
"    [#0307] PI 18:1_22:4 ","","","","","",""
"    [#0319] PS 16:0_22:4 ","","","","","",""
"    [#0326] Phosphatidylethanolamine alkenyl 16:0-20:4 ","","","","","",""
"    [#0361] TG 16:2_18:2_18:3 ","","","","","",""
"    [#0416] PC 18:2_20:5","","","","","",""
"    [#0457] LNAPE 20:4_N-19:1","","","","","",""
"LION:0002957","fatty acid with 18 carbons","56","6","9.93","0.9580","1.000"
"    [#0013] CAR 18:0 Isomer A ","","","","","",""
"    [#0014] CAR 18:1 ","","","","","",""
"    [#0015] CAR 18:2 Isomer A ","","","","","",""
"    [#0017] Cer 18:0;2O_20:0 ","","","","","",""
"    [#0050] FA 18:1 (oleic acid) ","","","","","",""
"    [#0051] FA 18:1+2O ","","","","","",""
"    [#0052] FA 18:2 (linoleic acid) ","","","","","",""
"    [#0053] FA 18:2+2O ","","","","","",""
"    [#0054] FA 18:3 (linolenic acid) ","","","","","",""
"    [#0079] LPC 18:0 Isomer B ","","","","","",""
"    [#0080] LPC 18:1 ","","","","","",""
"    [#0081] LPC 18:2 ","","","","","",""
"    [#0090] LPC O-18:0 ","","","","","",""
"    [#0092] LPE 18:0 ","","","","","",""
"    [#0093] LPE 18:1 ","","","","","",""
"    [#0094] LPE 18:2 ","","","","","",""
"    [#0098] LPE O-18:1 ","","","","","",""
"    [#0100] LPS 18:0 ","","","","","",""
"    [#0110] PC 16:0_18:2 ","","","","","",""
"    [#0113] PC 18:0_18:1 ","","","","","",""
"    [#0114] PC 18:0_22:6 ","","","","","",""
"    [#0115] PC 18:2_20:5 ","","","","","",""
"    [#0203] PC O-18:0_16:0 ","","","","","",""
"    [#0204] PC O-18:1_20:4 ","","","","","",""
"    [#0246] PC-O 16:0_18:1 ","","","","","",""
"    [#0247] PC-p 18:0_22:6 ","","","","","",""
"    [#0249] PE 16:1_18:1 ","","","","","",""
"    [#0250] PE 18:0_22:3 ","","","","","",""
"    [#0270] PE O-16:1_18:1 ","","","","","",""
"    [#0271] PE O-16:1_18:2 ","","","","","",""
"    [#0273] PE O-18:1_22:6 ","","","","","",""
"    [#0274] PE O-18:2_18:2 ","","","","","",""
"    [#0275] PE O-18:2_22:6 ","","","","","",""
"    [#0294] PE-O 18:1_22:6 ","","","","","",""
"    [#0296] PEtOH 16:0_18:1 ","","","","","",""
"    [#0299] PEtOH 16:1_18:1 ","","","","","",""
"    [#0300] PEtOH 18:1_18:1 ","","","","","",""
"    [#0301] PEtOH 18:1_20:4 ","","","","","",""
"    [#0305] PI 18:0_20:2 ","","","","","",""
"    [#0306] PI 18:0_20:4 ","","","","","",""
"    [#0307] PI 18:1_22:4 ","","","","","",""
"    [#0308] PI 18:1_22:6 ","","","","","",""
"    [#0316] PMeOH 16:0_18:1 ","","","","","",""
"    [#0317] PMeOH 16:0_18:2 ","","","","","",""
"    [#0320] PS 18:0_22:6 ","","","","","",""
"    [#0327] Phosphatidylethanolamine alkenyl 18:0-18:2 ","","","","","",""
"    [#0360] TG 16:0_18:1_20:0 ","","","","","",""
"    [#0361] TG 16:2_18:2_18:3 ","","","","","",""
"    [#0362] TG 18:0_18:1_22:0 ","","","","","",""
"    [#0413] TG 8:0_10:0_18:1 ","","","","","",""
"    [#0416] PC 18:2_20:5","","","","","",""
"    [#0417] PC O-18:0_16:0","","","","","",""
"    [#0421] PE O-16:1_18:1","","","","","",""
"    [#0429] PC 16:0_18:2","","","","","",""
"    [#0451] LPE 18:2","","","","","",""
"    [#0462] PMeOH 16:0_18:2","","","","","",""
"LION:0000039","1-alkyl,2-acylglycerophosphoethanolamines [GP0202]","17","1","3.02","0.9662","1.000"
"    [#0270] PE O-16:1_18:1 ","","","","","",""
"    [#0271] PE O-16:1_18:2 ","","","","","",""
"    [#0272] PE O-16:1_22:6 ","","","","","",""
"    [#0273] PE O-18:1_22:6 ","","","","","",""
"    [#0274] PE O-18:2_18:2 ","","","","","",""
"    [#0275] PE O-18:2_22:6 ","","","","","",""
"    [#0276] PE O-22:6_16:1 ","","","","","",""
"    [#0277] PE O-36:1 ","","","","","",""
"    [#0278] PE O-36:3 ","","","","","",""
"    [#0279] PE O-36:4 Isomer B","","","","","",""
"    [#0280] PE O-38:2 ","","","","","",""
"    [#0281] PE O-38:6 Isomer B ","","","","","",""
"    [#0282] PE O-38:7 ","","","","","",""
"    [#0283] PE O-40:5 Isomer B ","","","","","",""
"    [#0284] PE O-40:6 Isomer B ","","","","","",""
"    [#0285] PE O-40:8 ","","","","","",""
"    [#0421] PE O-16:1_18:1","","","","","",""
"LION:0002921","C18:0","17","1","3.02","0.9662","1.000"
"    [#0013] CAR 18:0 Isomer A ","","","","","",""
"    [#0017] Cer 18:0;2O_20:0 ","","","","","",""
"    [#0079] LPC 18:0 Isomer B ","","","","","",""
"    [#0090] LPC O-18:0 ","","","","","",""
"    [#0092] LPE 18:0 ","","","","","",""
"    [#0100] LPS 18:0 ","","","","","",""
"    [#0113] PC 18:0_18:1 ","","","","","",""
"    [#0114] PC 18:0_22:6 ","","","","","",""
"    [#0203] PC O-18:0_16:0 ","","","","","",""
"    [#0247] PC-p 18:0_22:6 ","","","","","",""
"    [#0250] PE 18:0_22:3 ","","","","","",""
"    [#0305] PI 18:0_20:2 ","","","","","",""
"    [#0306] PI 18:0_20:4 ","","","","","",""
"    [#0320] PS 18:0_22:6 ","","","","","",""
"    [#0327] Phosphatidylethanolamine alkenyl 18:0-18:2 ","","","","","",""
"    [#0362] TG 18:0_18:1_22:0 ","","","","","",""
"    [#0417] PC O-18:0_16:0","","","","","",""
"LION:0002959","fatty acid with 20 carbons","27","2","4.79","0.9687","1.000"
"    [#0016] CAR 20:1 ","","","","","",""
"    [#0056] FA 20:1","","","","","",""
"    [#0057] FA 20:2 (eicosadienoic acid) ","","","","","",""
"    [#0058] FA 20:3 (eicosatrienoic acid) ","","","","","",""
"    [#0059] FA 20:4 (arachidonic acid) ","","","","","",""
"    [#0060] FA 20:5 (eicosapentaenoic acid) ","","","","","",""
"    [#0077] LNAPE 20:4_N-19:1 ","","","","","",""
"    [#0082] LPC 20:0 ","","","","","",""
"    [#0083] LPC 20:1 ","","","","","",""
"    [#0084] LPC 20:2 ","","","","","",""
"    [#0085] LPC 20:5 ","","","","","",""
"    [#0095] LPE 20:4 ","","","","","",""
"    [#0096] LPE 20:5","","","","","",""
"    [#0099] LPE O-20:0 ","","","","","",""
"    [#0101] MGDG 16:0_20:5 ","","","","","",""
"    [#0115] PC 18:2_20:5 ","","","","","",""
"    [#0117] PC 20:1_20:1 ","","","","","",""
"    [#0202] PC O-16:0_20:4 ","","","","","",""
"    [#0204] PC O-18:1_20:4 ","","","","","",""
"    [#0297] PEtOH 16:0_20:4 ","","","","","",""
"    [#0301] PEtOH 18:1_20:4 ","","","","","",""
"    [#0305] PI 18:0_20:2 ","","","","","",""
"    [#0306] PI 18:0_20:4 ","","","","","",""
"    [#0326] Phosphatidylethanolamine alkenyl 16:0-20:4 ","","","","","",""
"    [#0360] TG 16:0_18:1_20:0 ","","","","","",""
"    [#0416] PC 18:2_20:5","","","","","",""
"    [#0457] LNAPE 20:4_N-19:1","","","","","",""
"LION:0001737","average transition temperature","19","1","3.37","0.9775","1.000"
"    [#0107] PC 14:0_16:1 ","","","","","",""
"    [#0110] PC 16:0_18:2 ","","","","","",""
"    [#0113] PC 18:0_18:1 ","","","","","",""
"    [#0117] PC 20:1_20:1 ","","","","","",""
"    [#0120] PC 24:0 ","","","","","",""
"    [#0123] PC 29:0 ","","","","","",""
"    [#0125] PC 31:1 ","","","","","",""
"    [#0147] PC 35:2 ","","","","","",""
"    [#0183] PC 40:3 ","","","","","",""
"    [#0196] PC 42:5 ","","","","","",""
"    [#0254] PE 36:2 ","","","","","",""
"    [#0321] PS 34:1 ","","","","","",""
"    [#0323] PS 36:2 ","","","","","",""
"    [#0332] SM d30:1 ","","","","","",""
"    [#0333] SM d31:1 ","","","","","",""
"    [#0339] SM d33:1 ","","","","","",""
"    [#0343] SM d34:2 ","","","","","",""
"    [#0345] SM d35:2 ","","","","","",""
"    [#0429] PC 16:0_18:2","","","","","",""
"LION:0000599","lysoglycerophospholipids","20","1","3.55","0.9817","1.000"
"    [#0078] LPC 16:0 ","","","","","",""
"    [#0079] LPC 18:0 Isomer B ","","","","","",""
"    [#0080] LPC 18:1 ","","","","","",""
"    [#0081] LPC 18:2 ","","","","","",""
"    [#0082] LPC 20:0 ","","","","","",""
"    [#0083] LPC 20:1 ","","","","","",""
"    [#0084] LPC 20:2 ","","","","","",""
"    [#0085] LPC 20:5 ","","","","","",""
"    [#0086] LPC 22:6 ","","","","","",""
"    [#0087] LPC 32:1 ","","","","","",""
"    [#0088] LPC 40:7 ","","","","","",""
"    [#0091] LPE 16:0 ","","","","","",""
"    [#0092] LPE 18:0 ","","","","","",""
"    [#0093] LPE 18:1 ","","","","","",""
"    [#0094] LPE 18:2 ","","","","","",""
"    [#0095] LPE 20:4 ","","","","","",""
"    [#0096] LPE 20:5","","","","","",""
"    [#0097] LPE 22:6 ","","","","","",""
"    [#0100] LPS 18:0 ","","","","","",""
"    [#0451] LPE 18:2","","","","","",""
"LION:0002967","polyunsaturated fatty acid","56","5","9.93","0.9848","1.000"
"    [#0015] CAR 18:2 Isomer A ","","","","","",""
"    [#0052] FA 18:2 (linoleic acid) ","","","","","",""
"    [#0053] FA 18:2+2O ","","","","","",""
"    [#0054] FA 18:3 (linolenic acid) ","","","","","",""
"    [#0057] FA 20:2 (eicosadienoic acid) ","","","","","",""
"    [#0058] FA 20:3 (eicosatrienoic acid) ","","","","","",""
"    [#0059] FA 20:4 (arachidonic acid) ","","","","","",""
"    [#0060] FA 20:5 (eicosapentaenoic acid) ","","","","","",""
"    [#0062] FA 22:2 (docosadienoic acid) ","","","","","",""
"    [#0063] FA 22:4 ","","","","","",""
"    [#0064] FA 22:6 (docosahexaenoic acid) ","","","","","",""
"    [#0077] LNAPE 20:4_N-19:1 ","","","","","",""
"    [#0081] LPC 18:2 ","","","","","",""
"    [#0084] LPC 20:2 ","","","","","",""
"    [#0085] LPC 20:5 ","","","","","",""
"    [#0086] LPC 22:6 ","","","","","",""
"    [#0094] LPE 18:2 ","","","","","",""
"    [#0095] LPE 20:4 ","","","","","",""
"    [#0096] LPE 20:5","","","","","",""
"    [#0097] LPE 22:6 ","","","","","",""
"    [#0101] MGDG 16:0_20:5 ","","","","","",""
"    [#0110] PC 16:0_18:2 ","","","","","",""
"    [#0111] PC 16:0_22:6 ","","","","","",""
"    [#0114] PC 18:0_22:6 ","","","","","",""
"    [#0115] PC 18:2_20:5 ","","","","","",""
"    [#0118] PC 21:4 ","","","","","",""
"    [#0119] PC 22:4 ","","","","","",""
"    [#0202] PC O-16:0_20:4 ","","","","","",""
"    [#0204] PC O-18:1_20:4 ","","","","","",""
"    [#0247] PC-p 18:0_22:6 ","","","","","",""
"    [#0250] PE 18:0_22:3 ","","","","","",""
"    [#0271] PE O-16:1_18:2 ","","","","","",""
"    [#0272] PE O-16:1_22:6 ","","","","","",""
"    [#0273] PE O-18:1_22:6 ","","","","","",""
"    [#0274] PE O-18:2_18:2 ","","","","","",""
"    [#0275] PE O-18:2_22:6 ","","","","","",""
"    [#0276] PE O-22:6_16:1 ","","","","","",""
"    [#0294] PE-O 18:1_22:6 ","","","","","",""
"    [#0297] PEtOH 16:0_20:4 ","","","","","",""
"    [#0301] PEtOH 18:1_20:4 ","","","","","",""
"    [#0305] PI 18:0_20:2 ","","","","","",""
"    [#0306] PI 18:0_20:4 ","","","","","",""
"    [#0307] PI 18:1_22:4 ","","","","","",""
"    [#0308] PI 18:1_22:6 ","","","","","",""
"    [#0317] PMeOH 16:0_18:2 ","","","","","",""
"    [#0319] PS 16:0_22:4 ","","","","","",""
"    [#0320] PS 18:0_22:6 ","","","","","",""
"    [#0326] Phosphatidylethanolamine alkenyl 16:0-20:4 ","","","","","",""
"    [#0327] Phosphatidylethanolamine alkenyl 18:0-18:2 ","","","","","",""
"    [#0361] TG 16:2_18:2_18:3 ","","","","","",""
"    [#0363] TG 19:2_19:2_19:2 ","","","","","",""
"    [#0416] PC 18:2_20:5","","","","","",""
"    [#0429] PC 16:0_18:2","","","","","",""
"    [#0451] LPE 18:2","","","","","",""
"    [#0457] LNAPE 20:4_N-19:1","","","","","",""
"    [#0462] PMeOH 16:0_18:2","","","","","",""
"LION:0002922","C18:1","24","1","4.26","0.9920","1.000"
"    [#0014] CAR 18:1 ","","","","","",""
"    [#0050] FA 18:1 (oleic acid) ","","","","","",""
"    [#0051] FA 18:1+2O ","","","","","",""
"    [#0080] LPC 18:1 ","","","","","",""
"    [#0093] LPE 18:1 ","","","","","",""
"    [#0098] LPE O-18:1 ","","","","","",""
"    [#0113] PC 18:0_18:1 ","","","","","",""
"    [#0204] PC O-18:1_20:4 ","","","","","",""
"    [#0246] PC-O 16:0_18:1 ","","","","","",""
"    [#0249] PE 16:1_18:1 ","","","","","",""
"    [#0270] PE O-16:1_18:1 ","","","","","",""
"    [#0273] PE O-18:1_22:6 ","","","","","",""
"    [#0294] PE-O 18:1_22:6 ","","","","","",""
"    [#0296] PEtOH 16:0_18:1 ","","","","","",""
"    [#0299] PEtOH 16:1_18:1 ","","","","","",""
"    [#0300] PEtOH 18:1_18:1 ","","","","","",""
"    [#0301] PEtOH 18:1_20:4 ","","","","","",""
"    [#0307] PI 18:1_22:4 ","","","","","",""
"    [#0308] PI 18:1_22:6 ","","","","","",""
"    [#0316] PMeOH 16:0_18:1 ","","","","","",""
"    [#0360] TG 16:0_18:1_20:0 ","","","","","",""
"    [#0362] TG 18:0_18:1_22:0 ","","","","","",""
"    [#0413] TG 8:0_10:0_18:1 ","","","","","",""
"    [#0421] PE O-16:1_18:1","","","","","",""
"LION:0002976","fatty acid with more than 3 double bonds","38","2","6.74","0.9958","1.000"
"    [#0054] FA 18:3 (linolenic acid) ","","","","","",""
"    [#0058] FA 20:3 (eicosatrienoic acid) ","","","","","",""
"    [#0059] FA 20:4 (arachidonic acid) ","","","","","",""
"    [#0060] FA 20:5 (eicosapentaenoic acid) ","","","","","",""
"    [#0063] FA 22:4 ","","","","","",""
"    [#0064] FA 22:6 (docosahexaenoic acid) ","","","","","",""
"    [#0077] LNAPE 20:4_N-19:1 ","","","","","",""
"    [#0085] LPC 20:5 ","","","","","",""
"    [#0086] LPC 22:6 ","","","","","",""
"    [#0095] LPE 20:4 ","","","","","",""
"    [#0096] LPE 20:5","","","","","",""
"    [#0097] LPE 22:6 ","","","","","",""
"    [#0101] MGDG 16:0_20:5 ","","","","","",""
"    [#0111] PC 16:0_22:6 ","","","","","",""
"    [#0114] PC 18:0_22:6 ","","","","","",""
"    [#0115] PC 18:2_20:5 ","","","","","",""
"    [#0118] PC 21:4 ","","","","","",""
"    [#0119] PC 22:4 ","","","","","",""
"    [#0202] PC O-16:0_20:4 ","","","","","",""
"    [#0204] PC O-18:1_20:4 ","","","","","",""
"    [#0247] PC-p 18:0_22:6 ","","","","","",""
"    [#0250] PE 18:0_22:3 ","","","","","",""
"    [#0272] PE O-16:1_22:6 ","","","","","",""
"    [#0273] PE O-18:1_22:6 ","","","","","",""
"    [#0275] PE O-18:2_22:6 ","","","","","",""
"    [#0276] PE O-22:6_16:1 ","","","","","",""
"    [#0294] PE-O 18:1_22:6 ","","","","","",""
"    [#0297] PEtOH 16:0_20:4 ","","","","","",""
"    [#0301] PEtOH 18:1_20:4 ","","","","","",""
"    [#0306] PI 18:0_20:4 ","","","","","",""
"    [#0307] PI 18:1_22:4 ","","","","","",""
"    [#0308] PI 18:1_22:6 ","","","","","",""
"    [#0319] PS 16:0_22:4 ","","","","","",""
"    [#0320] PS 18:0_22:6 ","","","","","",""
"    [#0326] Phosphatidylethanolamine alkenyl 16:0-20:4 ","","","","","",""
"    [#0361] TG 16:2_18:2_18:3 ","","","","","",""
"    [#0416] PC 18:2_20:5","","","","","",""
"    [#0457] LNAPE 20:4_N-19:1","","","","","",""
"LION:0002969","monounsaturated fatty acid","42","2","7.45","0.9980","1.000"
"    [#0011] CAR 16:1","","","","","",""
"    [#0014] CAR 18:1 ","","","","","",""
"    [#0016] CAR 20:1 ","","","","","",""
"    [#0049] FA 17:1","","","","","",""
"    [#0050] FA 18:1 (oleic acid) ","","","","","",""
"    [#0051] FA 18:1+2O ","","","","","",""
"    [#0055] FA 19:1 ","","","","","",""
"    [#0056] FA 20:1","","","","","",""
"    [#0061] FA 22:1 (erucic acid) ","","","","","",""
"    [#0080] LPC 18:1 ","","","","","",""
"    [#0083] LPC 20:1 ","","","","","",""
"    [#0093] LPE 18:1 ","","","","","",""
"    [#0098] LPE O-18:1 ","","","","","",""
"    [#0107] PC 14:0_16:1 ","","","","","",""
"    [#0112] PC 16:1/18:4 ","","","","","",""
"    [#0113] PC 18:0_18:1 ","","","","","",""
"    [#0116] PC 19:1 ","","","","","",""
"    [#0117] PC 20:1_20:1 ","","","","","",""
"    [#0204] PC O-18:1_20:4 ","","","","","",""
"    [#0246] PC-O 16:0_18:1 ","","","","","",""
"    [#0249] PE 16:1_18:1 ","","","","","",""
"    [#0270] PE O-16:1_18:1 ","","","","","",""
"    [#0271] PE O-16:1_18:2 ","","","","","",""
"    [#0272] PE O-16:1_22:6 ","","","","","",""
"    [#0273] PE O-18:1_22:6 ","","","","","",""
"    [#0276] PE O-22:6_16:1 ","","","","","",""
"    [#0294] PE-O 18:1_22:6 ","","","","","",""
"    [#0295] PEtOH 16:0_16:1 ","","","","","",""
"    [#0296] PEtOH 16:0_18:1 ","","","","","",""
"    [#0298] PEtOH 16:1_16:1 ","","","","","",""
"    [#0299] PEtOH 16:1_18:1 ","","","","","",""
"    [#0300] PEtOH 18:1_18:1 ","","","","","",""
"    [#0301] PEtOH 18:1_20:4 ","","","","","",""
"    [#0307] PI 18:1_22:4 ","","","","","",""
"    [#0308] PI 18:1_22:6 ","","","","","",""
"    [#0316] PMeOH 16:0_18:1 ","","","","","",""
"    [#0359] TG 14:0_16:0_17:1 ","","","","","",""
"    [#0360] TG 16:0_18:1_20:0 ","","","","","",""
"    [#0362] TG 18:0_18:1_22:0 ","","","","","",""
"    [#0413] TG 8:0_10:0_18:1 ","","","","","",""
"    [#0421] PE O-16:1_18:1","","","","","",""
"    [#0433] PC 19:1","","","","","",""
"LION:0002968","saturated fatty acid","52","3","9.22","0.9981","1.000"
"    [#0008] CAR 12:0 ","","","","","",""
"    [#0009] CAR 15:0","","","","","",""
"    [#0010] CAR 16:0 ","","","","","",""
"    [#0012] CAR 17:0","","","","","",""
"    [#0013] CAR 18:0 Isomer A ","","","","","",""
"    [#0017] Cer 18:0;2O_20:0 ","","","","","",""
"    [#0018] Cer 22:0;2O/26:0 ","","","","","",""
"    [#0065] FA 24:0(2OH)","","","","","",""
"    [#0066] FA 25:0 ","","","","","",""
"    [#0068] FAHFA 26:0 ","","","","","",""
"    [#0078] LPC 16:0 ","","","","","",""
"    [#0079] LPC 18:0 Isomer B ","","","","","",""
"    [#0082] LPC 20:0 ","","","","","",""
"    [#0089] LPC O-16:0 ","","","","","",""
"    [#0090] LPC O-18:0 ","","","","","",""
"    [#0091] LPE 16:0 ","","","","","",""
"    [#0092] LPE 18:0 ","","","","","",""
"    [#0099] LPE O-20:0 ","","","","","",""
"    [#0100] LPS 18:0 ","","","","","",""
"    [#0101] MGDG 16:0_20:5 ","","","","","",""
"    [#0107] PC 14:0_16:1 ","","","","","",""
"    [#0108] PC 16:0/9:0 CHO ","","","","","",""
"    [#0109] PC 16:0_14:0 ","","","","","",""
"    [#0110] PC 16:0_18:2 ","","","","","",""
"    [#0111] PC 16:0_22:6 ","","","","","",""
"    [#0113] PC 18:0_18:1 ","","","","","",""
"    [#0114] PC 18:0_22:6 ","","","","","",""
"    [#0121] PC 24:0|PC 10:0_14:0","","","","","",""
"    [#0122] PC 26:0|PC 10:0_16:0","","","","","",""
"    [#0202] PC O-16:0_20:4 ","","","","","",""
"    [#0203] PC O-18:0_16:0 ","","","","","",""
"    [#0246] PC-O 16:0_18:1 ","","","","","",""
"    [#0247] PC-p 18:0_22:6 ","","","","","",""
"    [#0248] PE 16:0_16::1 ","","","","","",""
"    [#0250] PE 18:0_22:3 ","","","","","",""
"    [#0295] PEtOH 16:0_16:1 ","","","","","",""
"    [#0296] PEtOH 16:0_18:1 ","","","","","",""
"    [#0297] PEtOH 16:0_20:4 ","","","","","",""
"    [#0305] PI 18:0_20:2 ","","","","","",""
"    [#0306] PI 18:0_20:4 ","","","","","",""
"    [#0316] PMeOH 16:0_18:1 ","","","","","",""
"    [#0317] PMeOH 16:0_18:2 ","","","","","",""
"    [#0319] PS 16:0_22:4 ","","","","","",""
"    [#0320] PS 18:0_22:6 ","","","","","",""
"    [#0326] Phosphatidylethanolamine alkenyl 16:0-20:4 ","","","","","",""
"    [#0327] Phosphatidylethanolamine alkenyl 18:0-18:2 ","","","","","",""
"    [#0359] TG 14:0_16:0_17:1 ","","","","","",""
"    [#0360] TG 16:0_18:1_20:0 ","","","","","",""
"    [#0362] TG 18:0_18:1_22:0 ","","","","","",""
"    [#0417] PC O-18:0_16:0","","","","","",""
"    [#0429] PC 16:0_18:2","","","","","",""
"    [#0462] PMeOH 16:0_18:2","","","","","",""
"LION:0002948","fatty acid with 16-18 carbons","79","6","14.01","0.9986","1.000"
"    [#0010] CAR 16:0 ","","","","","",""
"    [#0011] CAR 16:1","","","","","",""
"    [#0012] CAR 17:0","","","","","",""
"    [#0013] CAR 18:0 Isomer A ","","","","","",""
"    [#0014] CAR 18:1 ","","","","","",""
"    [#0015] CAR 18:2 Isomer A ","","","","","",""
"    [#0017] Cer 18:0;2O_20:0 ","","","","","",""
"    [#0049] FA 17:1","","","","","",""
"    [#0050] FA 18:1 (oleic acid) ","","","","","",""
"    [#0051] FA 18:1+2O ","","","","","",""
"    [#0052] FA 18:2 (linoleic acid) ","","","","","",""
"    [#0053] FA 18:2+2O ","","","","","",""
"    [#0054] FA 18:3 (linolenic acid) ","","","","","",""
"    [#0078] LPC 16:0 ","","","","","",""
"    [#0079] LPC 18:0 Isomer B ","","","","","",""
"    [#0080] LPC 18:1 ","","","","","",""
"    [#0081] LPC 18:2 ","","","","","",""
"    [#0089] LPC O-16:0 ","","","","","",""
"    [#0090] LPC O-18:0 ","","","","","",""
"    [#0091] LPE 16:0 ","","","","","",""
"    [#0092] LPE 18:0 ","","","","","",""
"    [#0093] LPE 18:1 ","","","","","",""
"    [#0094] LPE 18:2 ","","","","","",""
"    [#0098] LPE O-18:1 ","","","","","",""
"    [#0100] LPS 18:0 ","","","","","",""
"    [#0101] MGDG 16:0_20:5 ","","","","","",""
"    [#0107] PC 14:0_16:1 ","","","","","",""
"    [#0108] PC 16:0/9:0 CHO ","","","","","",""
"    [#0109] PC 16:0_14:0 ","","","","","",""
"    [#0110] PC 16:0_18:2 ","","","","","",""
"    [#0111] PC 16:0_22:6 ","","","","","",""
"    [#0112] PC 16:1/18:4 ","","","","","",""
"    [#0113] PC 18:0_18:1 ","","","","","",""
"    [#0114] PC 18:0_22:6 ","","","","","",""
"    [#0115] PC 18:2_20:5 ","","","","","",""
"    [#0202] PC O-16:0_20:4 ","","","","","",""
"    [#0203] PC O-18:0_16:0 ","","","","","",""
"    [#0204] PC O-18:1_20:4 ","","","","","",""
"    [#0246] PC-O 16:0_18:1 ","","","","","",""
"    [#0247] PC-p 18:0_22:6 ","","","","","",""
"    [#0248] PE 16:0_16::1 ","","","","","",""
"    [#0249] PE 16:1_18:1 ","","","","","",""
"    [#0250] PE 18:0_22:3 ","","","","","",""
"    [#0270] PE O-16:1_18:1 ","","","","","",""
"    [#0271] PE O-16:1_18:2 ","","","","","",""
"    [#0272] PE O-16:1_22:6 ","","","","","",""
"    [#0273] PE O-18:1_22:6 ","","","","","",""
"    [#0274] PE O-18:2_18:2 ","","","","","",""
"    [#0275] PE O-18:2_22:6 ","","","","","",""
"    [#0276] PE O-22:6_16:1 ","","","","","",""
"    [#0294] PE-O 18:1_22:6 ","","","","","",""
"    [#0295] PEtOH 16:0_16:1 ","","","","","",""
"    [#0296] PEtOH 16:0_18:1 ","","","","","",""
"    [#0297] PEtOH 16:0_20:4 ","","","","","",""
"    [#0298] PEtOH 16:1_16:1 ","","","","","",""
"    [#0299] PEtOH 16:1_18:1 ","","","","","",""
"    [#0300] PEtOH 18:1_18:1 ","","","","","",""
"    [#0301] PEtOH 18:1_20:4 ","","","","","",""
"    [#0305] PI 18:0_20:2 ","","","","","",""
"    [#0306] PI 18:0_20:4 ","","","","","",""
"    [#0307] PI 18:1_22:4 ","","","","","",""
"    [#0308] PI 18:1_22:6 ","","","","","",""
"    [#0316] PMeOH 16:0_18:1 ","","","","","",""
"    [#0317] PMeOH 16:0_18:2 ","","","","","",""
"    [#0319] PS 16:0_22:4 ","","","","","",""
"    [#0320] PS 18:0_22:6 ","","","","","",""
"    [#0326] Phosphatidylethanolamine alkenyl 16:0-20:4 ","","","","","",""
"    [#0327] Phosphatidylethanolamine alkenyl 18:0-18:2 ","","","","","",""
"    [#0359] TG 14:0_16:0_17:1 ","","","","","",""
"    [#0360] TG 16:0_18:1_20:0 ","","","","","",""
"    [#0361] TG 16:2_18:2_18:3 ","","","","","",""
"    [#0362] TG 18:0_18:1_22:0 ","","","","","",""
"    [#0413] TG 8:0_10:0_18:1 ","","","","","",""
"    [#0416] PC 18:2_20:5","","","","","",""
"    [#0417] PC O-18:0_16:0","","","","","",""
"    [#0421] PE O-16:1_18:1","","","","","",""
"    [#0429] PC 16:0_18:2","","","","","",""
"    [#0451] LPE 18:2","","","","","",""
"    [#0462] PMeOH 16:0_18:2","","","","","",""
"LION:0000100","fatty acid with 18 carbons or less","81","6","14.37","0.9990","1.000"
"    [#0008] CAR 12:0 ","","","","","",""
"    [#0009] CAR 15:0","","","","","",""
"    [#0010] CAR 16:0 ","","","","","",""
"    [#0011] CAR 16:1","","","","","",""
"    [#0012] CAR 17:0","","","","","",""
"    [#0013] CAR 18:0 Isomer A ","","","","","",""
"    [#0014] CAR 18:1 ","","","","","",""
"    [#0015] CAR 18:2 Isomer A ","","","","","",""
"    [#0017] Cer 18:0;2O_20:0 ","","","","","",""
"    [#0049] FA 17:1","","","","","",""
"    [#0050] FA 18:1 (oleic acid) ","","","","","",""
"    [#0051] FA 18:1+2O ","","","","","",""
"    [#0052] FA 18:2 (linoleic acid) ","","","","","",""
"    [#0053] FA 18:2+2O ","","","","","",""
"    [#0054] FA 18:3 (linolenic acid) ","","","","","",""
"    [#0078] LPC 16:0 ","","","","","",""
"    [#0079] LPC 18:0 Isomer B ","","","","","",""
"    [#0080] LPC 18:1 ","","","","","",""
"    [#0081] LPC 18:2 ","","","","","",""
"    [#0089] LPC O-16:0 ","","","","","",""
"    [#0090] LPC O-18:0 ","","","","","",""
"    [#0091] LPE 16:0 ","","","","","",""
"    [#0092] LPE 18:0 ","","","","","",""
"    [#0093] LPE 18:1 ","","","","","",""
"    [#0094] LPE 18:2 ","","","","","",""
"    [#0098] LPE O-18:1 ","","","","","",""
"    [#0100] LPS 18:0 ","","","","","",""
"    [#0101] MGDG 16:0_20:5 ","","","","","",""
"    [#0107] PC 14:0_16:1 ","","","","","",""
"    [#0108] PC 16:0/9:0 CHO ","","","","","",""
"    [#0109] PC 16:0_14:0 ","","","","","",""
"    [#0110] PC 16:0_18:2 ","","","","","",""
"    [#0111] PC 16:0_22:6 ","","","","","",""
"    [#0112] PC 16:1/18:4 ","","","","","",""
"    [#0113] PC 18:0_18:1 ","","","","","",""
"    [#0114] PC 18:0_22:6 ","","","","","",""
"    [#0115] PC 18:2_20:5 ","","","","","",""
"    [#0202] PC O-16:0_20:4 ","","","","","",""
"    [#0203] PC O-18:0_16:0 ","","","","","",""
"    [#0204] PC O-18:1_20:4 ","","","","","",""
"    [#0246] PC-O 16:0_18:1 ","","","","","",""
"    [#0247] PC-p 18:0_22:6 ","","","","","",""
"    [#0248] PE 16:0_16::1 ","","","","","",""
"    [#0249] PE 16:1_18:1 ","","","","","",""
"    [#0250] PE 18:0_22:3 ","","","","","",""
"    [#0270] PE O-16:1_18:1 ","","","","","",""
"    [#0271] PE O-16:1_18:2 ","","","","","",""
"    [#0272] PE O-16:1_22:6 ","","","","","",""
"    [#0273] PE O-18:1_22:6 ","","","","","",""
"    [#0274] PE O-18:2_18:2 ","","","","","",""
"    [#0275] PE O-18:2_22:6 ","","","","","",""
"    [#0276] PE O-22:6_16:1 ","","","","","",""
"    [#0294] PE-O 18:1_22:6 ","","","","","",""
"    [#0295] PEtOH 16:0_16:1 ","","","","","",""
"    [#0296] PEtOH 16:0_18:1 ","","","","","",""
"    [#0297] PEtOH 16:0_20:4 ","","","","","",""
"    [#0298] PEtOH 16:1_16:1 ","","","","","",""
"    [#0299] PEtOH 16:1_18:1 ","","","","","",""
"    [#0300] PEtOH 18:1_18:1 ","","","","","",""
"    [#0301] PEtOH 18:1_20:4 ","","","","","",""
"    [#0305] PI 18:0_20:2 ","","","","","",""
"    [#0306] PI 18:0_20:4 ","","","","","",""
"    [#0307] PI 18:1_22:4 ","","","","","",""
"    [#0308] PI 18:1_22:6 ","","","","","",""
"    [#0316] PMeOH 16:0_18:1 ","","","","","",""
"    [#0317] PMeOH 16:0_18:2 ","","","","","",""
"    [#0319] PS 16:0_22:4 ","","","","","",""
"    [#0320] PS 18:0_22:6 ","","","","","",""
"    [#0326] Phosphatidylethanolamine alkenyl 16:0-20:4 ","","","","","",""
"    [#0327] Phosphatidylethanolamine alkenyl 18:0-18:2 ","","","","","",""
"    [#0359] TG 14:0_16:0_17:1 ","","","","","",""
"    [#0360] TG 16:0_18:1_20:0 ","","","","","",""
"    [#0361] TG 16:2_18:2_18:3 ","","","","","",""
"    [#0362] TG 18:0_18:1_22:0 ","","","","","",""
"    [#0413] TG 8:0_10:0_18:1 ","","","","","",""
"    [#0416] PC 18:2_20:5","","","","","",""
"    [#0417] PC O-18:0_16:0","","","","","",""
"    [#0421] PE O-16:1_18:1","","","","","",""
"    [#0429] PC 16:0_18:2","","","","","",""
"    [#0451] LPE 18:2","","","","","",""
"    [#0462] PMeOH 16:0_18:2","","","","","",""
"LION:0000466","positive intrinsic curvature","35","1","6.21","0.9992","1.000"
"    [#0078] LPC 16:0 ","","","","","",""
"    [#0079] LPC 18:0 Isomer B ","","","","","",""
"    [#0080] LPC 18:1 ","","","","","",""
"    [#0081] LPC 18:2 ","","","","","",""
"    [#0082] LPC 20:0 ","","","","","",""
"    [#0083] LPC 20:1 ","","","","","",""
"    [#0084] LPC 20:2 ","","","","","",""
"    [#0085] LPC 20:5 ","","","","","",""
"    [#0086] LPC 22:6 ","","","","","",""
"    [#0087] LPC 32:1 ","","","","","",""
"    [#0088] LPC 40:7 ","","","","","",""
"    [#0089] LPC O-16:0 ","","","","","",""
"    [#0090] LPC O-18:0 ","","","","","",""
"    [#0091] LPE 16:0 ","","","","","",""
"    [#0092] LPE 18:0 ","","","","","",""
"    [#0093] LPE 18:1 ","","","","","",""
"    [#0094] LPE 18:2 ","","","","","",""
"    [#0095] LPE 20:4 ","","","","","",""
"    [#0096] LPE 20:5","","","","","",""
"    [#0097] LPE 22:6 ","","","","","",""
"    [#0098] LPE O-18:1 ","","","","","",""
"    [#0099] LPE O-20:0 ","","","","","",""
"    [#0100] LPS 18:0 ","","","","","",""
"    [#0305] PI 18:0_20:2 ","","","","","",""
"    [#0306] PI 18:0_20:4 ","","","","","",""
"    [#0307] PI 18:1_22:4 ","","","","","",""
"    [#0308] PI 18:1_22:6 ","","","","","",""
"    [#0309] PI 34:1 Isomer A ","","","","","",""
"    [#0310] PI 34:2 ","","","","","",""
"    [#0311] PI 36:3 Isomer B ","","","","","",""
"    [#0312] PI 36:5 ","","","","","",""
"    [#0313] PI 38:4 ","","","","","",""
"    [#0314] PI 38:5","","","","","",""
"    [#0315] PI 38:5 ","","","","","",""
"    [#0451] LPE 18:2","","","","","",""
"LION:0002945","fatty acid with more than 18 carbons","59","3","10.47","0.9995","1.000"
"    [#0016] CAR 20:1 ","","","","","",""
"    [#0018] Cer 22:0;2O/26:0 ","","","","","",""
"    [#0055] FA 19:1 ","","","","","",""
"    [#0056] FA 20:1","","","","","",""
"    [#0057] FA 20:2 (eicosadienoic acid) ","","","","","",""
"    [#0058] FA 20:3 (eicosatrienoic acid) ","","","","","",""
"    [#0059] FA 20:4 (arachidonic acid) ","","","","","",""
"    [#0060] FA 20:5 (eicosapentaenoic acid) ","","","","","",""
"    [#0061] FA 22:1 (erucic acid) ","","","","","",""
"    [#0062] FA 22:2 (docosadienoic acid) ","","","","","",""
"    [#0063] FA 22:4 ","","","","","",""
"    [#0064] FA 22:6 (docosahexaenoic acid) ","","","","","",""
"    [#0065] FA 24:0(2OH)","","","","","",""
"    [#0066] FA 25:0 ","","","","","",""
"    [#0068] FAHFA 26:0 ","","","","","",""
"    [#0077] LNAPE 20:4_N-19:1 ","","","","","",""
"    [#0082] LPC 20:0 ","","","","","",""
"    [#0083] LPC 20:1 ","","","","","",""
"    [#0084] LPC 20:2 ","","","","","",""
"    [#0085] LPC 20:5 ","","","","","",""
"    [#0086] LPC 22:6 ","","","","","",""
"    [#0095] LPE 20:4 ","","","","","",""
"    [#0096] LPE 20:5","","","","","",""
"    [#0097] LPE 22:6 ","","","","","",""
"    [#0099] LPE O-20:0 ","","","","","",""
"    [#0101] MGDG 16:0_20:5 ","","","","","",""
"    [#0111] PC 16:0_22:6 ","","","","","",""
"    [#0114] PC 18:0_22:6 ","","","","","",""
"    [#0115] PC 18:2_20:5 ","","","","","",""
"    [#0116] PC 19:1 ","","","","","",""
"    [#0117] PC 20:1_20:1 ","","","","","",""
"    [#0118] PC 21:4 ","","","","","",""
"    [#0119] PC 22:4 ","","","","","",""
"    [#0121] PC 24:0|PC 10:0_14:0","","","","","",""
"    [#0122] PC 26:0|PC 10:0_16:0","","","","","",""
"    [#0202] PC O-16:0_20:4 ","","","","","",""
"    [#0204] PC O-18:1_20:4 ","","","","","",""
"    [#0247] PC-p 18:0_22:6 ","","","","","",""
"    [#0250] PE 18:0_22:3 ","","","","","",""
"    [#0272] PE O-16:1_22:6 ","","","","","",""
"    [#0273] PE O-18:1_22:6 ","","","","","",""
"    [#0275] PE O-18:2_22:6 ","","","","","",""
"    [#0276] PE O-22:6_16:1 ","","","","","",""
"    [#0294] PE-O 18:1_22:6 ","","","","","",""
"    [#0297] PEtOH 16:0_20:4 ","","","","","",""
"    [#0301] PEtOH 18:1_20:4 ","","","","","",""
"    [#0305] PI 18:0_20:2 ","","","","","",""
"    [#0306] PI 18:0_20:4 ","","","","","",""
"    [#0307] PI 18:1_22:4 ","","","","","",""
"    [#0308] PI 18:1_22:6 ","","","","","",""
"    [#0319] PS 16:0_22:4 ","","","","","",""
"    [#0320] PS 18:0_22:6 ","","","","","",""
"    [#0326] Phosphatidylethanolamine alkenyl 16:0-20:4 ","","","","","",""
"    [#0360] TG 16:0_18:1_20:0 ","","","","","",""
"    [#0362] TG 18:0_18:1_22:0 ","","","","","",""
"    [#0363] TG 19:2_19:2_19:2 ","","","","","",""
"    [#0416] PC 18:2_20:5","","","","","",""
"    [#0433] PC 19:1","","","","","",""
"    [#0457] LNAPE 20:4_N-19:1","","","","","",""
"LION:0002966","fatty acid with less than 2 double bonds","85","5","15.08","0.9999","1.000"
"    [#0008] CAR 12:0 ","","","","","",""
"    [#0009] CAR 15:0","","","","","",""
"    [#0010] CAR 16:0 ","","","","","",""
"    [#0011] CAR 16:1","","","","","",""
"    [#0012] CAR 17:0","","","","","",""
"    [#0013] CAR 18:0 Isomer A ","","","","","",""
"    [#0014] CAR 18:1 ","","","","","",""
"    [#0016] CAR 20:1 ","","","","","",""
"    [#0017] Cer 18:0;2O_20:0 ","","","","","",""
"    [#0018] Cer 22:0;2O/26:0 ","","","","","",""
"    [#0049] FA 17:1","","","","","",""
"    [#0050] FA 18:1 (oleic acid) ","","","","","",""
"    [#0051] FA 18:1+2O ","","","","","",""
"    [#0055] FA 19:1 ","","","","","",""
"    [#0056] FA 20:1","","","","","",""
"    [#0061] FA 22:1 (erucic acid) ","","","","","",""
"    [#0065] FA 24:0(2OH)","","","","","",""
"    [#0066] FA 25:0 ","","","","","",""
"    [#0068] FAHFA 26:0 ","","","","","",""
"    [#0078] LPC 16:0 ","","","","","",""
"    [#0079] LPC 18:0 Isomer B ","","","","","",""
"    [#0080] LPC 18:1 ","","","","","",""
"    [#0082] LPC 20:0 ","","","","","",""
"    [#0083] LPC 20:1 ","","","","","",""
"    [#0089] LPC O-16:0 ","","","","","",""
"    [#0090] LPC O-18:0 ","","","","","",""
"    [#0091] LPE 16:0 ","","","","","",""
"    [#0092] LPE 18:0 ","","","","","",""
"    [#0093] LPE 18:1 ","","","","","",""
"    [#0098] LPE O-18:1 ","","","","","",""
"    [#0099] LPE O-20:0 ","","","","","",""
"    [#0100] LPS 18:0 ","","","","","",""
"    [#0101] MGDG 16:0_20:5 ","","","","","",""
"    [#0107] PC 14:0_16:1 ","","","","","",""
"    [#0108] PC 16:0/9:0 CHO ","","","","","",""
"    [#0109] PC 16:0_14:0 ","","","","","",""
"    [#0110] PC 16:0_18:2 ","","","","","",""
"    [#0111] PC 16:0_22:6 ","","","","","",""
"    [#0112] PC 16:1/18:4 ","","","","","",""
"    [#0113] PC 18:0_18:1 ","","","","","",""
"    [#0114] PC 18:0_22:6 ","","","","","",""
"    [#0116] PC 19:1 ","","","","","",""
"    [#0117] PC 20:1_20:1 ","","","","","",""
"    [#0121] PC 24:0|PC 10:0_14:0","","","","","",""
"    [#0122] PC 26:0|PC 10:0_16:0","","","","","",""
"    [#0202] PC O-16:0_20:4 ","","","","","",""
"    [#0203] PC O-18:0_16:0 ","","","","","",""
"    [#0204] PC O-18:1_20:4 ","","","","","",""
"    [#0246] PC-O 16:0_18:1 ","","","","","",""
"    [#0247] PC-p 18:0_22:6 ","","","","","",""
"    [#0248] PE 16:0_16::1 ","","","","","",""
"    [#0249] PE 16:1_18:1 ","","","","","",""
"    [#0250] PE 18:0_22:3 ","","","","","",""
"    [#0270] PE O-16:1_18:1 ","","","","","",""
"    [#0271] PE O-16:1_18:2 ","","","","","",""
"    [#0272] PE O-16:1_22:6 ","","","","","",""
"    [#0273] PE O-18:1_22:6 ","","","","","",""
"    [#0276] PE O-22:6_16:1 ","","","","","",""
"    [#0294] PE-O 18:1_22:6 ","","","","","",""
"    [#0295] PEtOH 16:0_16:1 ","","","","","",""
"    [#0296] PEtOH 16:0_18:1 ","","","","","",""
"    [#0297] PEtOH 16:0_20:4 ","","","","","",""
"    [#0298] PEtOH 16:1_16:1 ","","","","","",""
"    [#0299] PEtOH 16:1_18:1 ","","","","","",""
"    [#0300] PEtOH 18:1_18:1 ","","","","","",""
"    [#0301] PEtOH 18:1_20:4 ","","","","","",""
"    [#0305] PI 18:0_20:2 ","","","","","",""
"    [#0306] PI 18:0_20:4 ","","","","","",""
"    [#0307] PI 18:1_22:4 ","","","","","",""
"    [#0308] PI 18:1_22:6 ","","","","","",""
"    [#0316] PMeOH 16:0_18:1 ","","","","","",""
"    [#0317] PMeOH 16:0_18:2 ","","","","","",""
"    [#0319] PS 16:0_22:4 ","","","","","",""
"    [#0320] PS 18:0_22:6 ","","","","","",""
"    [#0326] Phosphatidylethanolamine alkenyl 16:0-20:4 ","","","","","",""
"    [#0327] Phosphatidylethanolamine alkenyl 18:0-18:2 ","","","","","",""
"    [#0359] TG 14:0_16:0_17:1 ","","","","","",""
"    [#0360] TG 16:0_18:1_20:0 ","","","","","",""
"    [#0362] TG 18:0_18:1_22:0 ","","","","","",""
"    [#0413] TG 8:0_10:0_18:1 ","","","","","",""
"    [#0417] PC O-18:0_16:0","","","","","",""
"    [#0421] PE O-16:1_18:1","","","","","",""
"    [#0429] PC 16:0_18:2","","","","","",""
"    [#0433] PC 19:1","","","","","",""
"    [#0462] PMeOH 16:0_18:2","","","","","",""
"LION:0000001","fatty acids [FA]","8","0","1.42","1.0000","1.000"
"    [#0049] FA 17:1","","","","","",""
"    [#0051] FA 18:1+2O ","","","","","",""
"    [#0053] FA 18:2+2O ","","","","","",""
"    [#0055] FA 19:1 ","","","","","",""
"    [#0056] FA 20:1","","","","","",""
"    [#0063] FA 22:4 ","","","","","",""
"    [#0066] FA 25:0 ","","","","","",""
"    [#0067] FA 30:0 ","","","","","",""
"LION:0000013","glycerophosphoserines [GP03]","8","0","1.42","1.0000","1.000"
"    [#0100] LPS 18:0 ","","","","","",""
"    [#0319] PS 16:0_22:4 ","","","","","",""
"    [#0320] PS 18:0_22:6 ","","","","","",""
"    [#0321] PS 34:1 ","","","","","",""
"    [#0322] PS 36:1 ","","","","","",""
"    [#0323] PS 36:2 ","","","","","",""
"    [#0324] PS 38:5|PS 18:0_20:5","","","","","",""
"    [#0325] PS 40:5 ","","","","","",""
"LION:0000034","monoacylglycerophosphocholines [GP0105]","11","0","1.95","1.0000","1.000"
"    [#0078] LPC 16:0 ","","","","","",""
"    [#0079] LPC 18:0 Isomer B ","","","","","",""
"    [#0080] LPC 18:1 ","","","","","",""
"    [#0081] LPC 18:2 ","","","","","",""
"    [#0082] LPC 20:0 ","","","","","",""
"    [#0083] LPC 20:1 ","","","","","",""
"    [#0084] LPC 20:2 ","","","","","",""
"    [#0085] LPC 20:5 ","","","","","",""
"    [#0086] LPC 22:6 ","","","","","",""
"    [#0087] LPC 32:1 ","","","","","",""
"    [#0088] LPC 40:7 ","","","","","",""
"LION:0000047","diacylglycerophosphoinositols [GP0601]","11","0","1.95","1.0000","1.000"
"    [#0305] PI 18:0_20:2 ","","","","","",""
"    [#0306] PI 18:0_20:4 ","","","","","",""
"    [#0307] PI 18:1_22:4 ","","","","","",""
"    [#0308] PI 18:1_22:6 ","","","","","",""
"    [#0309] PI 34:1 Isomer A ","","","","","",""
"    [#0310] PI 34:2 ","","","","","",""
"    [#0311] PI 36:3 Isomer B ","","","","","",""
"    [#0312] PI 36:5 ","","","","","",""
"    [#0313] PI 38:4 ","","","","","",""
"    [#0314] PI 38:5","","","","","",""
"    [#0315] PI 38:5 ","","","","","",""
"LION:0000053","diacylglycerophosphoserines [GP0301]","7","0","1.24","1.0000","1.000"
"    [#0319] PS 16:0_22:4 ","","","","","",""
"    [#0320] PS 18:0_22:6 ","","","","","",""
"    [#0321] PS 34:1 ","","","","","",""
"    [#0322] PS 36:1 ","","","","","",""
"    [#0323] PS 36:2 ","","","","","",""
"    [#0324] PS 38:5|PS 18:0_20:5","","","","","",""
"    [#0325] PS 40:5 ","","","","","",""
"LION:0000059","diacylglycerophosphoglycerols [GP0401]","3","0","0.53","1.0000","1.000"
"    [#0302] PG 36:2 ","","","","","",""
"    [#0303] PG 38:7 ","","","","","",""
"    [#0304] PG 44:12 ","","","","","",""
"LION:0000093","headgroup with negative charge","30","0","5.32","1.0000","1.000"
"    [#0049] FA 17:1","","","","","",""
"    [#0051] FA 18:1+2O ","","","","","",""
"    [#0053] FA 18:2+2O ","","","","","",""
"    [#0055] FA 19:1 ","","","","","",""
"    [#0056] FA 20:1","","","","","",""
"    [#0063] FA 22:4 ","","","","","",""
"    [#0066] FA 25:0 ","","","","","",""
"    [#0067] FA 30:0 ","","","","","",""
"    [#0100] LPS 18:0 ","","","","","",""
"    [#0302] PG 36:2 ","","","","","",""
"    [#0303] PG 38:7 ","","","","","",""
"    [#0304] PG 44:12 ","","","","","",""
"    [#0305] PI 18:0_20:2 ","","","","","",""
"    [#0306] PI 18:0_20:4 ","","","","","",""
"    [#0307] PI 18:1_22:4 ","","","","","",""
"    [#0308] PI 18:1_22:6 ","","","","","",""
"    [#0309] PI 34:1 Isomer A ","","","","","",""
"    [#0310] PI 34:2 ","","","","","",""
"    [#0311] PI 36:3 Isomer B ","","","","","",""
"    [#0312] PI 36:5 ","","","","","",""
"    [#0313] PI 38:4 ","","","","","",""
"    [#0314] PI 38:5","","","","","",""
"    [#0315] PI 38:5 ","","","","","",""
"    [#0319] PS 16:0_22:4 ","","","","","",""
"    [#0320] PS 18:0_22:6 ","","","","","",""
"    [#0321] PS 34:1 ","","","","","",""
"    [#0322] PS 36:1 ","","","","","",""
"    [#0323] PS 36:2 ","","","","","",""
"    [#0324] PS 38:5|PS 18:0_20:5","","","","","",""
"    [#0325] PS 40:5 ","","","","","",""
"LION:0000259","C14:0","3","0","0.53","1.0000","1.000"
"    [#0107] PC 14:0_16:1 ","","","","","",""
"    [#0109] PC 16:0_14:0 ","","","","","",""
"    [#0359] TG 14:0_16:0_17:1 ","","","","","",""
"LION:0001742","fatty acids and conjugates [FA01]","8","0","1.42","1.0000","1.000"
"    [#0049] FA 17:1","","","","","",""
"    [#0051] FA 18:1+2O ","","","","","",""
"    [#0053] FA 18:2+2O ","","","","","",""
"    [#0055] FA 19:1 ","","","","","",""
"    [#0056] FA 20:1","","","","","",""
"    [#0063] FA 22:4 ","","","","","",""
"    [#0066] FA 25:0 ","","","","","",""
"    [#0067] FA 30:0 ","","","","","",""
"LION:0002925","C20:0","3","0","0.53","1.0000","1.000"
"    [#0082] LPC 20:0 ","","","","","",""
"    [#0099] LPE O-20:0 ","","","","","",""
"    [#0360] TG 16:0_18:1_20:0 ","","","","","",""
"LION:0002926","C20:1","4","0","0.71","1.0000","1.000"
"    [#0016] CAR 20:1 ","","","","","",""
"    [#0056] FA 20:1","","","","","",""
"    [#0083] LPC 20:1 ","","","","","",""
"    [#0117] PC 20:1_20:1 ","","","","","",""
"LION:0002927","C20:2","3","0","0.53","1.0000","1.000"
"    [#0057] FA 20:2 (eicosadienoic acid) ","","","","","",""
"    [#0084] LPC 20:2 ","","","","","",""
"    [#0305] PI 18:0_20:2 ","","","","","",""
"LION:0002935","C22:4","4","0","0.71","1.0000","1.000"
"    [#0063] FA 22:4 ","","","","","",""
"    [#0119] PC 22:4 ","","","","","",""
"    [#0307] PI 18:1_22:4 ","","","","","",""
"    [#0319] PS 16:0_22:4 ","","","","","",""
"LION:0002937","C22:6","13","0","2.31","1.0000","1.000"
"    [#0064] FA 22:6 (docosahexaenoic acid) ","","","","","",""
"    [#0086] LPC 22:6 ","","","","","",""
"    [#0097] LPE 22:6 ","","","","","",""
"    [#0111] PC 16:0_22:6 ","","","","","",""
"    [#0114] PC 18:0_22:6 ","","","","","",""
"    [#0247] PC-p 18:0_22:6 ","","","","","",""
"    [#0272] PE O-16:1_22:6 ","","","","","",""
"    [#0273] PE O-18:1_22:6 ","","","","","",""
"    [#0275] PE O-18:2_22:6 ","","","","","",""
"    [#0276] PE O-22:6_16:1 ","","","","","",""
"    [#0294] PE-O 18:1_22:6 ","","","","","",""
"    [#0308] PI 18:1_22:6 ","","","","","",""
"    [#0320] PS 18:0_22:6 ","","","","","",""
"LION:0002947","fatty acid with 13-15 carbons","4","0","0.71","1.0000","1.000"
"    [#0009] CAR 15:0","","","","","",""
"    [#0107] PC 14:0_16:1 ","","","","","",""
"    [#0109] PC 16:0_14:0 ","","","","","",""
"    [#0359] TG 14:0_16:0_17:1 ","","","","","",""
"LION:0002950","fatty acid with 22-24 carbons","24","0","4.26","1.0000","1.000"
"    [#0018] Cer 22:0;2O/26:0 ","","","","","",""
"    [#0061] FA 22:1 (erucic acid) ","","","","","",""
"    [#0062] FA 22:2 (docosadienoic acid) ","","","","","",""
"    [#0063] FA 22:4 ","","","","","",""
"    [#0064] FA 22:6 (docosahexaenoic acid) ","","","","","",""
"    [#0065] FA 24:0(2OH)","","","","","",""
"    [#0086] LPC 22:6 ","","","","","",""
"    [#0097] LPE 22:6 ","","","","","",""
"    [#0111] PC 16:0_22:6 ","","","","","",""
"    [#0114] PC 18:0_22:6 ","","","","","",""
"    [#0119] PC 22:4 ","","","","","",""
"    [#0121] PC 24:0|PC 10:0_14:0","","","","","",""
"    [#0247] PC-p 18:0_22:6 ","","","","","",""
"    [#0250] PE 18:0_22:3 ","","","","","",""
"    [#0272] PE O-16:1_22:6 ","","","","","",""
"    [#0273] PE O-18:1_22:6 ","","","","","",""
"    [#0275] PE O-18:2_22:6 ","","","","","",""
"    [#0276] PE O-22:6_16:1 ","","","","","",""
"    [#0294] PE-O 18:1_22:6 ","","","","","",""
"    [#0307] PI 18:1_22:4 ","","","","","",""
"    [#0308] PI 18:1_22:6 ","","","","","",""
"    [#0319] PS 16:0_22:4 ","","","","","",""
"    [#0320] PS 18:0_22:6 ","","","","","",""
"    [#0362] TG 18:0_18:1_22:0 ","","","","","",""
"LION:0002951","fatty acid with more than 24 carbons","3","0","0.53","1.0000","1.000"
"    [#0066] FA 25:0 ","","","","","",""
"    [#0068] FAHFA 26:0 ","","","","","",""
"    [#0122] PC 26:0|PC 10:0_16:0","","","","","",""
"LION:0002956","fatty acid with 17 carbons","3","0","0.53","1.0000","1.000"
"    [#0012] CAR 17:0","","","","","",""
"    [#0049] FA 17:1","","","","","",""
"    [#0359] TG 14:0_16:0_17:1 ","","","","","",""
"LION:0002961","fatty acid with 22 carbons","22","0","3.9","1.0000","1.000"
"    [#0018] Cer 22:0;2O/26:0 ","","","","","",""
"    [#0061] FA 22:1 (erucic acid) ","","","","","",""
"    [#0062] FA 22:2 (docosadienoic acid) ","","","","","",""
"    [#0063] FA 22:4 ","","","","","",""
"    [#0064] FA 22:6 (docosahexaenoic acid) ","","","","","",""
"    [#0086] LPC 22:6 ","","","","","",""
"    [#0097] LPE 22:6 ","","","","","",""
"    [#0111] PC 16:0_22:6 ","","","","","",""
"    [#0114] PC 18:0_22:6 ","","","","","",""
"    [#0119] PC 22:4 ","","","","","",""
"    [#0247] PC-p 18:0_22:6 ","","","","","",""
"    [#0250] PE 18:0_22:3 ","","","","","",""
"    [#0272] PE O-16:1_22:6 ","","","","","",""
"    [#0273] PE O-18:1_22:6 ","","","","","",""
"    [#0275] PE O-18:2_22:6 ","","","","","",""
"    [#0276] PE O-22:6_16:1 ","","","","","",""
"    [#0294] PE-O 18:1_22:6 ","","","","","",""
"    [#0307] PI 18:1_22:4 ","","","","","",""
"    [#0308] PI 18:1_22:6 ","","","","","",""
"    [#0319] PS 16:0_22:4 ","","","","","",""
"    [#0320] PS 18:0_22:6 ","","","","","",""
"    [#0362] TG 18:0_18:1_22:0 ","","","","","",""
"LION:0002971","fatty acid with 3 double bonds","4","0","0.71","1.0000","1.000"
"    [#0054] FA 18:3 (linolenic acid) ","","","","","",""
"    [#0058] FA 20:3 (eicosatrienoic acid) ","","","","","",""
"    [#0250] PE 18:0_22:3 ","","","","","",""
"    [#0361] TG 16:2_18:2_18:3 ","","","","","",""
"LION:0012017","hexosylceramides","5","0","0.89","1.0000","1.000"
"    [#0072] GlcCer d38:1 ","","","","","",""
"    [#0073] GlcCer d40:1 ","","","","","",""
"    [#0074] GlcCer d42:1 ","","","","","",""
"    [#0075] GlcCer d42:2 ","","","","","",""
"    [#0076] HexCer 32:0;O2","","","","","",""
"LION:0071625","PE(O-38:7)","3","0","0.53","1.0000","1.000"
"    [#0272] PE O-16:1_22:6 ","","","","","",""
"    [#0276] PE O-22:6_16:1 ","","","","","",""
"    [#0282] PE O-38:7 ","","","","","",""
"LION:0080970","average bilayer thickness","15","0","2.66","1.0000","1.000"
"    [#0124] PC 31:0","","","","","",""
"    [#0126] PC 32:0 ","","","","","",""
"    [#0131] PC 33:0 ","","","","","",""
"    [#0147] PC 35:2 ","","","","","",""
"    [#0168] PC 37:3 ","","","","","",""
"    [#0249] PE 16:1_18:1 ","","","","","",""
"    [#0255] PE 36:3 ","","","","","",""
"    [#0260] PE 38:4 ","","","","","",""
"    [#0262] PE 38:5 ","","","","","",""
"    [#0302] PG 36:2 ","","","","","",""
"    [#0319] PS 16:0_22:4 ","","","","","",""
"    [#0320] PS 18:0_22:6 ","","","","","",""
"    [#0321] PS 34:1 ","","","","","",""
"    [#0323] PS 36:2 ","","","","","",""
"    [#0325] PS 40:5 ","","","","","",""
"LION:0080971","high bilayer thickness","10","0","1.77","1.0000","1.000"
"    [#0113] PC 18:0_18:1 ","","","","","",""
"    [#0136] PC 34:0","","","","","",""
"    [#0183] PC 40:3 ","","","","","",""
"    [#0196] PC 42:5 ","","","","","",""
"    [#0251] PE 34:0 ","","","","","",""
"    [#0252] PE 34:1 ","","","","","",""
"    [#0253] PE 36:1 ","","","","","",""
"    [#0254] PE 36:2 ","","","","","",""
"    [#0259] PE 38:2 ","","","","","",""
"    [#0322] PS 36:1 ","","","","","",""
"LION:0080972","very high bilayer thickness","3","0","0.53","1.0000","1.000"
"    [#0117] PC 20:1_20:1 ","","","","","",""
"    [#0250] PE 18:0_22:3 ","","","","","",""
"    [#0259] PE 38:2 ","","","","","",""
"LION:0080974","above average bilayer thickness","12","0","2.13","1.0000","1.000"
"    [#0113] PC 18:0_18:1 ","","","","","",""
"    [#0117] PC 20:1_20:1 ","","","","","",""
"    [#0136] PC 34:0","","","","","",""
"    [#0183] PC 40:3 ","","","","","",""
"    [#0196] PC 42:5 ","","","","","",""
"    [#0250] PE 18:0_22:3 ","","","","","",""
"    [#0251] PE 34:0 ","","","","","",""
"    [#0252] PE 34:1 ","","","","","",""
"    [#0253] PE 36:1 ","","","","","",""
"    [#0254] PE 36:2 ","","","","","",""
"    [#0259] PE 38:2 ","","","","","",""
"    [#0322] PS 36:1 ","","","","","",""
"LION:0080977","low lateral diffusion","14","0","2.48","1.0000","1.000"
"    [#0113] PC 18:0_18:1 ","","","","","",""
"    [#0117] PC 20:1_20:1 ","","","","","",""
"    [#0126] PC 32:0 ","","","","","",""
"    [#0131] PC 33:0 ","","","","","",""
"    [#0136] PC 34:0","","","","","",""
"    [#0183] PC 40:3 ","","","","","",""
"    [#0250] PE 18:0_22:3 ","","","","","",""
"    [#0252] PE 34:1 ","","","","","",""
"    [#0253] PE 36:1 ","","","","","",""
"    [#0254] PE 36:2 ","","","","","",""
"    [#0259] PE 38:2 ","","","","","",""
"    [#0302] PG 36:2 ","","","","","",""
"    [#0321] PS 34:1 ","","","","","",""
"    [#0323] PS 36:2 ","","","","","",""
"LION:0080981","below average lateral diffusion","16","0","2.84","1.0000","1.000"
"    [#0113] PC 18:0_18:1 ","","","","","",""
"    [#0117] PC 20:1_20:1 ","","","","","",""
"    [#0126] PC 32:0 ","","","","","",""
"    [#0131] PC 33:0 ","","","","","",""
"    [#0136] PC 34:0","","","","","",""
"    [#0183] PC 40:3 ","","","","","",""
"    [#0250] PE 18:0_22:3 ","","","","","",""
"    [#0251] PE 34:0 ","","","","","",""
"    [#0252] PE 34:1 ","","","","","",""
"    [#0253] PE 36:1 ","","","","","",""
"    [#0254] PE 36:2 ","","","","","",""
"    [#0259] PE 38:2 ","","","","","",""
"    [#0302] PG 36:2 ","","","","","",""
"    [#0321] PS 34:1 ","","","","","",""
"    [#0322] PS 36:1 ","","","","","",""
"    [#0323] PS 36:2 ","","","","","",""
