term,estimate,std.error,statistic,p.value
(Intercept),0.155678427308038,0.16671210491173,0.933815978092684,0.351299859519548
treatment30C,-0.280407588053665,0.105364926319776,-2.66129914239815,0.00828818000940698
treatment5C,1.61786719026795,0.104497087689745,15.4824141613539,2.2727540236642e-38
day,-0.0107507781560422,0.00694195899129743,-1.54866633028509,0.122726898345517
weight,0.00798918103423617,0.00542299328659715,1.47320503862347,0.141953686267915
