term,contrast,null.value,estimate,std.error,df,statistic,adj.p.value
treatment,13C - 30C,0,0.280407588053665,0.105364926319776,250,2.66129914239815,0.0224922095308295
treatment,13C - 5C,0,-1.61786719026795,0.104497087689745,250,-15.4824141613539,1.0325074129014e-13
treatment,30C - 5C,0,-1.89827477832161,0.108664579849119,250,-17.4691217778357,1.0325074129014e-13
